<plugin>
  <description></description>
  <groupId>org.codehaus.swizzle</groupId>
  <artifactId>dependency-report-plugin</artifactId>
  <version>1.0.1</version>
  <goalPrefix>dependency-report</goalPrefix>
  <isolatedRealm>false</isolatedRealm>
  <inheritedByDefault>true</inheritedByDefault>
  <mojos>
    <mojo>
      <goal>report</goal>
      <description>Do not specify a phase, so make it usable in a reactor environment where forking would create issues.</description>
      <requiresDependencyResolution>test</requiresDependencyResolution>
      <requiresDirectInvocation>false</requiresDirectInvocation>
      <requiresProject>true</requiresProject>
      <requiresReports>false</requiresReports>
      <aggregator>true</aggregator>
      <requiresOnline>false</requiresOnline>
      <inheritedByDefault>true</inheritedByDefault>
      <implementation>org.codehaus.swizzle.depreport.ReportMojo</implementation>
      <language>java</language>
      <instantiationStrategy>per-lookup</instantiationStrategy>
      <executionStrategy>once-per-session</executionStrategy>
      <parameters>
        <parameter>
          <name>basedir</name>
          <type>java.io.File</type>
          <required>true</required>
          <editable>false</editable>
          <description>Base directory of the project.</description>
        </parameter>
        <parameter>
          <name>excludes</name>
          <type>java.lang.String[]</type>
          <required>false</required>
          <editable>true</editable>
          <description></description>
        </parameter>
        <parameter>
          <name>formats</name>
          <type>java.lang.String[]</type>
          <required>true</required>
          <editable>true</editable>
          <description></description>
        </parameter>
        <parameter>
          <name>includes</name>
          <type>java.lang.String[]</type>
          <required>false</required>
          <editable>true</editable>
          <description></description>
        </parameter>
        <parameter>
          <name>name</name>
          <type>java.lang.String</type>
          <required>true</required>
          <editable>true</editable>
          <description>The filename of the assembled distribution file.</description>
        </parameter>
        <parameter>
          <name>outputDirectory</name>
          <type>java.io.File</type>
          <required>true</required>
          <editable>true</editable>
          <description>The output directory of the assembled distribution file.</description>
        </parameter>
        <parameter>
          <name>project</name>
          <type>org.apache.maven.project.MavenProject</type>
          <required>true</required>
          <editable>false</editable>
          <description>The Maven Project.</description>
        </parameter>
        <parameter>
          <name>scope</name>
          <type>java.lang.String</type>
          <required>false</required>
          <editable>true</editable>
          <description></description>
        </parameter>
      </parameters>
      <configuration>
        <outputDirectory implementation="java.io.File">${project.build.directory}/classes/META-INF/</outputDirectory>
        <scope implementation="java.lang.String" default-value="runtime">${scope}</scope>
        <project implementation="org.apache.maven.project.MavenProject">${project}</project>
        <name implementation="java.lang.String" default-value="dependencies">${name}</name>
        <basedir implementation="java.io.File">${basedir}</basedir>
      </configuration>
    </mojo>
  </mojos>
  <dependencies/>
</plugin>