<plugin>
  <description>Maven 2 plugin for TapDoc</description>
  <groupId>net.sf.tacos</groupId>
  <artifactId>tapdoc-maven-plugin</artifactId>
  <version>0.7.0</version>
  <goalPrefix>tapdoc</goalPrefix>
  <isolatedRealm>false</isolatedRealm>
  <inheritedByDefault>true</inheritedByDefault>
  <mojos>
    <mojo>
      <goal>tapdoc</goal>
      <description></description>
      <requiresDirectInvocation>false</requiresDirectInvocation>
      <requiresProject>true</requiresProject>
      <requiresReports>false</requiresReports>
      <aggregator>false</aggregator>
      <requiresOnline>false</requiresOnline>
      <inheritedByDefault>true</inheritedByDefault>
      <phase>pre-site</phase>
      <implementation>com.erinors.tapestry.tapdoc.maven.TapdocReport</implementation>
      <language>java</language>
      <instantiationStrategy>per-lookup</instantiationStrategy>
      <executionStrategy>once-per-session</executionStrategy>
      <parameters>
        <parameter>
          <name>aggregate</name>
          <type>boolean</type>
          <required>false</required>
          <editable>true</editable>
          <description>Whether to build an aggregated report at the root, or build individual reports.</description>
        </parameter>
        <parameter>
          <name>description</name>
          <type>java.lang.String</type>
          <required>false</required>
          <editable>true</editable>
          <description>The description of the tapdoc report.</description>
        </parameter>
        <parameter>
          <name>destDir</name>
          <type>java.lang.String</type>
          <required>false</required>
          <editable>true</editable>
          <description>The name of the destination directory.</description>
        </parameter>
        <parameter>
          <name>generatedOutputDirectory</name>
          <type>java.io.File</type>
          <required>true</required>
          <editable>false</editable>
          <description>Directory where reports will go.</description>
        </parameter>
        <parameter>
          <name>ignoreAbstract</name>
          <type>boolean</type>
          <required>false</required>
          <editable>true</editable>
          <description>Ignore abstract classes. By default, all abstract classes
found are considered tapestry components.</description>
        </parameter>
        <parameter>
          <name>libraries</name>
          <type>java.util.List</type>
          <required>true</required>
          <editable>true</editable>
          <description>Library specification locations of the libraries to be documented, separated by comma. Eg.
&amp;quot;/org/apache/tapestry/Framework.library, /org/apache/tapestry/wml/WML.library&amp;quot;</description>
        </parameter>
        <parameter>
          <name>localRepository</name>
          <type>org.apache.maven.artifact.repository.ArtifactRepository</type>
          <required>false</required>
          <editable>true</editable>
          <description>The local repository where the artifacts are located</description>
        </parameter>
        <parameter>
          <name>name</name>
          <type>java.lang.String</type>
          <required>false</required>
          <editable>true</editable>
          <description>The name of the tapdoc report.</description>
        </parameter>
        <parameter>
          <name>outputDirectory</name>
          <type>java.io.File</type>
          <required>true</required>
          <editable>false</editable>
          <description>Directory where reports will go.</description>
        </parameter>
        <parameter>
          <name>packages</name>
          <type>java.lang.String</type>
          <required>false</required>
          <editable>true</editable>
          <description>Packages to search for components (separated by &apos;:&apos;).
If not specified, it&apos;s derived from the libraries parameter.</description>
        </parameter>
        <parameter>
          <name>pluginArtifacts</name>
          <type>java.util.List</type>
          <required>false</required>
          <editable>true</editable>
          <description></description>
        </parameter>
        <parameter>
          <name>project</name>
          <type>org.apache.maven.project.MavenProject</type>
          <required>true</required>
          <editable>false</editable>
          <description></description>
        </parameter>
        <parameter>
          <name>reactorProjects</name>
          <type>java.util.List</type>
          <required>false</required>
          <editable>false</editable>
          <description>The projects in the reactor for aggregation report.</description>
        </parameter>
        <parameter>
          <name>reportOutputDirectory</name>
          <type>java.io.File</type>
          <required>true</required>
          <editable>true</editable>
          <description>Specifies the destination directory where Tapdoc saves the generated HTML files.</description>
        </parameter>
        <parameter>
          <name>showErrors</name>
          <type>boolean</type>
          <required>false</required>
          <editable>true</editable>
          <description>Whether to log to the console any runtime errors.</description>
        </parameter>
        <parameter>
          <name>trimClasspath</name>
          <type>boolean</type>
          <required>false</required>
          <editable>true</editable>
          <description>In several projects, the discovered classpath can grow very large,
causing the java/javadoc execution to fail due to OS command limits.
With this setting on (the default), tapdoc will construct a classpath
that only includes tapestry, hivemind and tacos jars.</description>
        </parameter>
        <parameter>
          <name>useJavadocExecutable</name>
          <type>boolean</type>
          <required>false</required>
          <editable>true</editable>
          <description>The custom doclet that tapdoc must apply to the source code has
traditionally used &apos;java ... com.sun.tools.javadoc.Main ...&apos;.
However, there&apos;s now an option to execute &apos;javadoc ...&apos; instead,
so, if the default fails, try using this option.</description>
        </parameter>
      </parameters>
      <configuration>
        <aggregate implementation="boolean" default-value="false">${aggregate}</aggregate>
        <reportOutputDirectory implementation="java.io.File">${project.reporting.outputDirectory}/tapdoc</reportOutputDirectory>
        <useJavadocExecutable implementation="boolean" default-value="false"/>
        <generatedOutputDirectory implementation="java.io.File">${project.build.directory}/generated-site/xdoc/tapdocs</generatedOutputDirectory>
        <trimClasspath implementation="boolean" default-value="true"/>
        <ignoreAbstract implementation="boolean" default-value="false"/>
        <outputDirectory implementation="java.io.File">${project.build.directory}/tapdocs</outputDirectory>
        <reactorProjects implementation="java.util.List">${reactorProjects}</reactorProjects>
        <pluginArtifacts implementation="java.util.List">${plugin.artifacts}</pluginArtifacts>
        <project implementation="org.apache.maven.project.MavenProject">${project}</project>
        <description implementation="java.lang.String" default-value="Tapestry component reference.">${description}</description>
        <name implementation="java.lang.String" default-value="TapDocs">${name}</name>
        <destDir implementation="java.lang.String" default-value="tapdocs">${destDir}</destDir>
        <localRepository implementation="org.apache.maven.artifact.repository.ArtifactRepository">${localRepository}</localRepository>
        <showErrors implementation="boolean" default-value="false"/>
      </configuration>
      <requirements>
        <requirement>
          <role>org.apache.maven.doxia.siterenderer.Renderer</role>
          <field-name>siteRenderer</field-name>
        </requirement>
        <requirement>
          <role>org.apache.maven.artifact.metadata.ArtifactMetadataSource</role>
          <field-name>artifactMetadataSource</field-name>
        </requirement>
        <requirement>
          <role>org.apache.maven.artifact.resolver.ArtifactResolver</role>
          <field-name>resolver</field-name>
        </requirement>
        <requirement>
          <role>org.apache.maven.artifact.factory.ArtifactFactory</role>
          <field-name>factory</field-name>
        </requirement>
      </requirements>
    </mojo>
  </mojos>
  <dependencies>
    <dependency>
      <groupId>log4j</groupId>
      <artifactId>log4j</artifactId>
      <type>jar</type>
      <version>1.2.14</version>
    </dependency>
    <dependency>
      <groupId>org.apache.maven.doxia</groupId>
      <artifactId>doxia-core</artifactId>
      <type>jar</type>
      <version>1.0-alpha-7</version>
    </dependency>
    <dependency>
      <groupId>org.apache.maven</groupId>
      <artifactId>maven-artifact</artifactId>
      <type>jar</type>
      <version>2.0.4</version>
    </dependency>
    <dependency>
      <groupId>org.apache.maven</groupId>
      <artifactId>maven-error-diagnostics</artifactId>
      <type>jar</type>
      <version>2.0.2</version>
    </dependency>
    <dependency>
      <groupId>commons-collections</groupId>
      <artifactId>commons-collections</artifactId>
      <type>jar</type>
      <version>2.1</version>
    </dependency>
    <dependency>
      <groupId>org.codehaus.plexus</groupId>
      <artifactId>plexus-velocity</artifactId>
      <type>jar</type>
      <version>1.1.2</version>
    </dependency>
    <dependency>
      <groupId>commons-beanutils</groupId>
      <artifactId>commons-beanutils</artifactId>
      <type>jar</type>
      <version>1.7.0</version>
    </dependency>
    <dependency>
      <groupId>org.codehaus.plexus</groupId>
      <artifactId>plexus-container-default</artifactId>
      <type>jar</type>
      <version>1.0-alpha-9</version>
    </dependency>
    <dependency>
      <groupId>org.apache.maven.doxia</groupId>
      <artifactId>doxia-decoration-model</artifactId>
      <type>jar</type>
      <version>1.0-alpha-7</version>
    </dependency>
    <dependency>
      <groupId>org.apache.maven.doxia</groupId>
      <artifactId>doxia-site-renderer</artifactId>
      <type>jar</type>
      <version>1.0-alpha-7</version>
    </dependency>
    <dependency>
      <groupId>ognl</groupId>
      <artifactId>ognl</artifactId>
      <type>jar</type>
      <version>2.7</version>
    </dependency>
    <dependency>
      <groupId>org.apache.maven</groupId>
      <artifactId>maven-plugin-api</artifactId>
      <type>jar</type>
      <version>2.0.4</version>
    </dependency>
    <dependency>
      <groupId>oro</groupId>
      <artifactId>oro</artifactId>
      <type>jar</type>
      <version>2.0.7</version>
    </dependency>
    <dependency>
      <groupId>org.apache.maven.wagon</groupId>
      <artifactId>wagon-http-lightweight</artifactId>
      <type>jar</type>
      <version>1.0-alpha-6</version>
    </dependency>
    <dependency>
      <groupId>velocity</groupId>
      <artifactId>velocity-dep</artifactId>
      <type>jar</type>
      <version>1.4</version>
    </dependency>
    <dependency>
      <groupId>xml-apis</groupId>
      <artifactId>xml-apis</artifactId>
      <type>jar</type>
      <version>1.0.b2</version>
    </dependency>
    <dependency>
      <groupId>commons-logging</groupId>
      <artifactId>commons-logging</artifactId>
      <type>jar</type>
      <version>1.0.4</version>
    </dependency>
    <dependency>
      <groupId>net.sf.tacos</groupId>
      <artifactId>tapdoc</artifactId>
      <type>jar</type>
      <version>0.7.0</version>
    </dependency>
    <dependency>
      <groupId>org.apache.maven.reporting</groupId>
      <artifactId>maven-reporting-impl</artifactId>
      <type>jar</type>
      <version>2.0.4</version>
    </dependency>
    <dependency>
      <groupId>org.apache.maven.reporting</groupId>
      <artifactId>maven-reporting-api</artifactId>
      <type>jar</type>
      <version>2.0.4</version>
    </dependency>
    <dependency>
      <groupId>commons-pool</groupId>
      <artifactId>commons-pool</artifactId>
      <type>jar</type>
      <version>1.3</version>
    </dependency>
    <dependency>
      <groupId>org.apache.maven</groupId>
      <artifactId>maven-artifact-ant</artifactId>
      <type>jar</type>
      <version>2.0.4</version>
    </dependency>
    <dependency>
      <groupId>jboss</groupId>
      <artifactId>javassist</artifactId>
      <type>jar</type>
      <version>3.4.ga</version>
    </dependency>
    <dependency>
      <groupId>commons-fileupload</groupId>
      <artifactId>commons-fileupload</artifactId>
      <type>jar</type>
      <version>1.2</version>
    </dependency>
    <dependency>
      <groupId>org.codehaus.plexus</groupId>
      <artifactId>plexus-utils</artifactId>
      <type>jar</type>
      <version>1.1</version>
    </dependency>
    <dependency>
      <groupId>org.apache.tapestry</groupId>
      <artifactId>tapestry-framework</artifactId>
      <type>jar</type>
      <version>4.1.2</version>
    </dependency>
    <dependency>
      <groupId>org.apache.maven.wagon</groupId>
      <artifactId>wagon-file</artifactId>
      <type>jar</type>
      <version>1.0-alpha-7</version>
    </dependency>
    <dependency>
      <groupId>hivemind</groupId>
      <artifactId>hivemind-lib</artifactId>
      <type>jar</type>
      <version>1.1.1</version>
    </dependency>
    <dependency>
      <groupId>commons-logging</groupId>
      <artifactId>commons-logging-api</artifactId>
      <type>jar</type>
      <version>1.0.4</version>
    </dependency>
    <dependency>
      <groupId>org.codehaus.plexus</groupId>
      <artifactId>plexus-i18n</artifactId>
      <type>jar</type>
      <version>1.0-beta-6</version>
    </dependency>
    <dependency>
      <groupId>classworlds</groupId>
      <artifactId>classworlds</artifactId>
      <type>jar</type>
      <version>1.1-alpha-2</version>
    </dependency>
    <dependency>
      <groupId>org.apache.maven.doxia</groupId>
      <artifactId>doxia-sink-api</artifactId>
      <type>jar</type>
      <version>1.0-alpha-7</version>
    </dependency>
    <dependency>
      <groupId>commons-vfs</groupId>
      <artifactId>commons-vfs</artifactId>
      <type>jar</type>
      <version>1.0</version>
    </dependency>
    <dependency>
      <groupId>backport-util-concurrent</groupId>
      <artifactId>backport-util-concurrent</artifactId>
      <type>jar</type>
      <version>2.2</version>
    </dependency>
    <dependency>
      <groupId>velocity</groupId>
      <artifactId>velocity</artifactId>
      <type>jar</type>
      <version>1.4</version>
    </dependency>
    <dependency>
      <groupId>org.apache.maven</groupId>
      <artifactId>maven-repository-metadata</artifactId>
      <type>jar</type>
      <version>2.0.4</version>
    </dependency>
    <dependency>
      <groupId>commons-digester</groupId>
      <artifactId>commons-digester</artifactId>
      <type>jar</type>
      <version>1.7</version>
    </dependency>
    <dependency>
      <groupId>org.apache.maven.wagon</groupId>
      <artifactId>wagon-provider-api</artifactId>
      <type>jar</type>
      <version>1.0-alpha-6</version>
    </dependency>
    <dependency>
      <groupId>plexus</groupId>
      <artifactId>plexus-utils</artifactId>
      <type>jar</type>
      <version>1.0.2</version>
    </dependency>
    <dependency>
      <groupId>hivemind</groupId>
      <artifactId>hivemind</artifactId>
      <type>jar</type>
      <version>1.1.1</version>
    </dependency>
    <dependency>
      <groupId>commons-validator</groupId>
      <artifactId>commons-validator</artifactId>
      <type>jar</type>
      <version>1.2.0</version>
    </dependency>
    <dependency>
      <groupId>org.apache.maven</groupId>
      <artifactId>maven-artifact-manager</artifactId>
      <type>jar</type>
      <version>2.0.4</version>
    </dependency>
    <dependency>
      <groupId>ant</groupId>
      <artifactId>ant</artifactId>
      <type>jar</type>
      <version>1.6.2</version>
    </dependency>
    <dependency>
      <groupId>org.apache.maven</groupId>
      <artifactId>maven-project</artifactId>
      <type>jar</type>
      <version>2.0.4</version>
    </dependency>
    <dependency>
      <groupId>commons-codec</groupId>
      <artifactId>commons-codec</artifactId>
      <type>jar</type>
      <version>1.3</version>
    </dependency>
    <dependency>
      <groupId>org.apache.maven</groupId>
      <artifactId>maven-model</artifactId>
      <type>jar</type>
      <version>2.0.4</version>
    </dependency>
    <dependency>
      <groupId>org.apache.maven</groupId>
      <artifactId>maven-profile</artifactId>
      <type>jar</type>
      <version>2.0.4</version>
    </dependency>
    <dependency>
      <groupId>javax.servlet</groupId>
      <artifactId>servlet-api</artifactId>
      <type>jar</type>
      <version>2.4</version>
    </dependency>
    <dependency>
      <groupId>org.apache.maven</groupId>
      <artifactId>maven-settings</artifactId>
      <type>jar</type>
      <version>2.0.4</version>
    </dependency>
    <dependency>
      <groupId>commons-io</groupId>
      <artifactId>commons-io</artifactId>
      <type>jar</type>
      <version>1.1</version>
    </dependency>
    <dependency>
      <groupId>org.apache.tapestry</groupId>
      <artifactId>tapestry-annotations</artifactId>
      <type>jar</type>
      <version>4.1.2</version>
    </dependency>
    <dependency>
      <groupId>commons-lang</groupId>
      <artifactId>commons-lang</artifactId>
      <type>jar</type>
      <version>2.3</version>
    </dependency>
  </dependencies>
</plugin>