<plugin>
  <description>A plugin for running Flamingo&apos;s FlamingoApp application generator
        to generate Maven2 Flamingo powered applications.</description>
  <groupId>com.exadel.flamingo.maven.plugin</groupId>
  <artifactId>flamingoapp</artifactId>
  <version>1.0.0</version>
  <goalPrefix>flamingoapp</goalPrefix>
  <isolatedRealm>false</isolatedRealm>
  <inheritedByDefault>true</inheritedByDefault>
  <mojos>
    <mojo>
      <goal>generate</goal>
      <description>AndroMDA application generator Mojo.</description>
      <requiresDependencyResolution>runtime</requiresDependencyResolution>
      <requiresDirectInvocation>false</requiresDirectInvocation>
      <requiresProject>false</requiresProject>
      <requiresReports>false</requiresReports>
      <aggregator>false</aggregator>
      <requiresOnline>false</requiresOnline>
      <inheritedByDefault>true</inheritedByDefault>
      <implementation>com.exadel.flamingo.maven.plugin.flamingoapp.AndroMDAppMojo</implementation>
      <language>java</language>
      <instantiationStrategy>per-lookup</instantiationStrategy>
      <executionStrategy>once-per-session</executionStrategy>
      <parameters/>
    </mojo>
  </mojos>
  <dependencies/>
</plugin>