<plugin>
  <description>Fabric3 Integration Test Maven Plugin.</description>
  <groupId>org.codehaus.fabric3</groupId>
  <artifactId>fabric3-itest-plugin</artifactId>
  <version>0.2</version>
  <goalPrefix>fabric3-itest</goalPrefix>
  <isolatedRealm>false</isolatedRealm>
  <inheritedByDefault>true</inheritedByDefault>
  <mojos>
    <mojo>
      <goal>test</goal>
      <description>Integration-tests an SCA composite by running it in local copy of Fabric3 and calling JUnit-based test components to
exercise it.</description>
      <requiresDirectInvocation>false</requiresDirectInvocation>
      <requiresProject>true</requiresProject>
      <requiresReports>false</requiresReports>
      <aggregator>false</aggregator>
      <requiresOnline>false</requiresOnline>
      <inheritedByDefault>true</inheritedByDefault>
      <phase>integration-test</phase>
      <implementation>org.fabric3.itest.Fabric3ITestMojo</implementation>
      <language>java</language>
      <instantiationStrategy>per-lookup</instantiationStrategy>
      <executionStrategy>once-per-session</executionStrategy>
      <parameters>
        <parameter>
          <name>contributions</name>
          <type>org.fabric3.itest.Dependency[]</type>
          <required>false</required>
          <editable>true</editable>
          <description>Set of extension artifacts that should be deployed to the runtime.</description>
        </parameter>
        <parameter>
          <name>definitionsFile</name>
          <type>java.lang.String</type>
          <required>false</required>
          <editable>true</editable>
          <description></description>
        </parameter>
        <parameter>
          <name>extensions</name>
          <type>org.fabric3.itest.Dependency[]</type>
          <required>false</required>
          <editable>true</editable>
          <description>Set of extension artifacts that should be deployed to the runtime.</description>
        </parameter>
        <parameter>
          <name>localRepository</name>
          <type>org.apache.maven.artifact.repository.ArtifactRepository</type>
          <required>true</required>
          <editable>false</editable>
          <description>Location of the local repository.</description>
        </parameter>
        <parameter>
          <name>properties</name>
          <type>java.util.Properties</type>
          <required>false</required>
          <editable>true</editable>
          <description>Properties passed to the runtime throught the HostInfo interface.</description>
        </parameter>
        <parameter>
          <name>remoteRepositories</name>
          <type>java.util.List</type>
          <required>true</required>
          <editable>false</editable>
          <description>List of Remote Repositories used by the resolver</description>
        </parameter>
        <parameter>
          <name>reportsDirectory</name>
          <type>java.io.File</type>
          <required>false</required>
          <editable>true</editable>
          <description>The directory where reports will be written.</description>
        </parameter>
        <parameter>
          <name>skip</name>
          <type>boolean</type>
          <required>false</required>
          <editable>true</editable>
          <description>Do not run if this is set to true. This usage is consistent with the surefire plugin.</description>
        </parameter>
        <parameter>
          <name>systemScdl</name>
          <type>java.net.URL</type>
          <required>false</required>
          <editable>true</editable>
          <description>The location of the SCDL that configures the Fabric3 runtime. This allows the default runtime configuration
supplied in this plugin to be overridden.</description>
        </parameter>
        <parameter>
          <name>testClassPath</name>
          <type>java.util.List</type>
          <required>true</required>
          <editable>false</editable>
          <description></description>
        </parameter>
        <parameter>
          <name>testClassesDirectory</name>
          <type>java.io.File</type>
          <required>true</required>
          <editable>true</editable>
          <description>The directory containing generated test classes of the project being tested.</description>
        </parameter>
        <parameter>
          <name>testComponentName</name>
          <type>java.lang.String</type>
          <required>true</required>
          <editable>true</editable>
          <description>The name of the component that will be implemented by the test harness composite.</description>
        </parameter>
        <parameter>
          <name>testDomain</name>
          <type>java.lang.String</type>
          <required>true</required>
          <editable>true</editable>
          <description>The SCA domain in which to deploy the test components.</description>
        </parameter>
        <parameter>
          <name>testScdl</name>
          <type>java.io.File</type>
          <required>false</required>
          <editable>true</editable>
          <description>The location if the SCDL that defines the test harness composite. The source for this would normally be placed in
the test/resources directory and be copied by the resource plugin; this allows property substitution if
required.</description>
        </parameter>
        <parameter>
          <name>trimStackTrace</name>
          <type>boolean</type>
          <required>false</required>
          <editable>true</editable>
          <description>Whether to trim the stack trace in the reports to just the lines within the test, or show the full trace.</description>
        </parameter>
      </parameters>
      <configuration>
        <testClassesDirectory implementation="java.io.File">${project.build.testOutputDirectory}</testClassesDirectory>
        <skip implementation="boolean">${maven.test.skip}</skip>
        <testDomain implementation="java.lang.String">fabric3://./domain</testDomain>
        <testScdl implementation="java.io.File">${project.build.testOutputDirectory}/itest.composite</testScdl>
        <remoteRepositories implementation="java.util.List">${project.remoteArtifactRepositories}</remoteRepositories>
        <localRepository implementation="org.apache.maven.artifact.repository.ArtifactRepository">${localRepository}</localRepository>
        <trimStackTrace implementation="boolean" default-value="true">${trimStackTrace}</trimStackTrace>
        <testComponentName implementation="java.lang.String">testHarness</testComponentName>
        <reportsDirectory implementation="java.io.File">${project.build.directory}/surefire-reports</reportsDirectory>
        <testClassPath implementation="java.util.List">${project.testClasspathElements}</testClassPath>
      </configuration>
      <requirements>
        <requirement>
          <role>org.apache.maven.artifact.resolver.ArtifactResolver</role>
          <field-name>resolver</field-name>
        </requirement>
        <requirement>
          <role>org.apache.maven.artifact.factory.ArtifactFactory</role>
          <field-name>artifactFactory</field-name>
        </requirement>
        <requirement>
          <role>org.apache.maven.artifact.metadata.ArtifactMetadataSource</role>
          <field-name>metadataSource</field-name>
        </requirement>
      </requirements>
    </mojo>
  </mojos>
  <dependencies/>
</plugin>