<plugin>
  <description>Fabric3 Contribution Plugin.</description>
  <groupId>org.codehaus.fabric3</groupId>
  <artifactId>fabric3-contribution-plugin</artifactId>
  <version>0.3</version>
  <goalPrefix>fabric3</goalPrefix>
  <isolatedRealm>false</isolatedRealm>
  <inheritedByDefault>true</inheritedByDefault>
  <mojos>
    <mojo>
      <goal>package</goal>
      <description>Builds an archive suitable for contribution to an SCA Domain.</description>
      <requiresDirectInvocation>false</requiresDirectInvocation>
      <requiresProject>true</requiresProject>
      <requiresReports>false</requiresReports>
      <aggregator>false</aggregator>
      <requiresOnline>false</requiresOnline>
      <inheritedByDefault>true</inheritedByDefault>
      <phase>package</phase>
      <implementation>org.fabric3.contribution.Fabric3ContributionMojo</implementation>
      <language>java</language>
      <instantiationStrategy>per-lookup</instantiationStrategy>
      <executionStrategy>once-per-session</executionStrategy>
      <parameters>
        <parameter>
          <name>archive</name>
          <type>org.apache.maven.archiver.MavenArchiveConfiguration</type>
          <required>false</required>
          <editable>true</editable>
          <description>Standard Maven archive configuration.</description>
        </parameter>
        <parameter>
          <name>classesDirectory</name>
          <type>java.io.File</type>
          <required>true</required>
          <editable>true</editable>
          <description>Directory containing the classes to include in the archive.</description>
        </parameter>
        <parameter>
          <name>classifier</name>
          <type>java.lang.String</type>
          <required>false</required>
          <editable>true</editable>
          <description>Classifier to add to the generated artifact.</description>
        </parameter>
        <parameter>
          <name>contributionName</name>
          <type>java.lang.String</type>
          <required>false</required>
          <editable>true</editable>
          <description>Name of the generated composite archive.</description>
        </parameter>
        <parameter>
          <name>deployables</name>
          <type>java.lang.String[]</type>
          <required>false</required>
          <editable>true</editable>
          <description></description>
        </parameter>
        <parameter>
          <name>mavenImports</name>
          <type>org.fabric3.contribution.MavenImport[]</type>
          <required>false</required>
          <editable>true</editable>
          <description></description>
        </parameter>
        <parameter>
          <name>outputDirectory</name>
          <type>java.io.File</type>
          <required>true</required>
          <editable>true</editable>
          <description>Build output directory.</description>
        </parameter>
        <parameter>
          <name>packaging</name>
          <type>java.lang.String</type>
          <required>true</required>
          <editable>false</editable>
          <description></description>
        </parameter>
        <parameter>
          <name>project</name>
          <type>org.apache.maven.project.MavenProject</type>
          <required>true</required>
          <editable>false</editable>
          <description>The maven project.</description>
        </parameter>
      </parameters>
      <configuration>
        <classesDirectory implementation="java.io.File">${project.build.outputDirectory}</classesDirectory>
        <outputDirectory implementation="java.io.File">${project.build.directory}</outputDirectory>
        <project implementation="org.apache.maven.project.MavenProject">${project}</project>
        <packaging implementation="java.lang.String">${project.packaging}</packaging>
        <contributionName implementation="java.lang.String">${project.build.finalName}</contributionName>
      </configuration>
      <requirements>
        <requirement>
          <role>org.apache.maven.project.MavenProjectHelper</role>
          <field-name>projectHelper</field-name>
        </requirement>
        <requirement>
          <role>org.codehaus.plexus.archiver.Archiver</role>
          <role-hint>jar</role-hint>
          <field-name>jarArchiver</field-name>
        </requirement>
      </requirements>
    </mojo>
  </mojos>
  <dependencies/>
</plugin>