<plugin>
  <description>Fabric3 Webapp Plugin.</description>
  <groupId>org.codehaus.fabric3</groupId>
  <artifactId>fabric3-webapp-plugin</artifactId>
  <version>0.3</version>
  <goalPrefix>fabric3</goalPrefix>
  <isolatedRealm>false</isolatedRealm>
  <inheritedByDefault>true</inheritedByDefault>
  <mojos>
    <mojo>
      <goal>fabric3-war</goal>
      <description>Add fabric3 runtime dependencies to a webapp.
&lt;p/&gt;
Performs the following tasks.
&lt;p/&gt;
&lt;ul&gt; &lt;li&gt;Adds the boot dependencies transitively to WEB-INF/fabric3/boot&lt;/li&gt; &lt;li&gt;By default boot libraries are
transitively resolved from webapp-host&lt;/li&gt; &lt;li&gt;The version of boot libraries can be specified using
configuration/runTimeVersion element&lt;/li&gt; &lt;li&gt;Boot libraries can be overridden using the configuration/bootLibs
element in the plugin&lt;/li&gt; &lt;li&gt;Adds the extension artifacts specified using configuration/extensions to
WEB-INF/fabric3/boot&lt;/li&gt; &lt;/ul&gt;</description>
      <requiresDirectInvocation>false</requiresDirectInvocation>
      <requiresProject>true</requiresProject>
      <requiresReports>false</requiresReports>
      <aggregator>false</aggregator>
      <requiresOnline>false</requiresOnline>
      <inheritedByDefault>true</inheritedByDefault>
      <phase>generate-resources</phase>
      <implementation>org.fabric3.war.Fabric3WarMojo</implementation>
      <language>java</language>
      <instantiationStrategy>per-lookup</instantiationStrategy>
      <executionStrategy>once-per-session</executionStrategy>
      <parameters>
        <parameter>
          <name>bootLibs</name>
          <type>org.fabric3.war.Dependency[]</type>
          <required>false</required>
          <editable>true</editable>
          <description>The directory for the generated WAR.</description>
        </parameter>
        <parameter>
          <name>extensions</name>
          <type>org.fabric3.war.Dependency[]</type>
          <required>false</required>
          <editable>true</editable>
          <description>Set of extension artifacts that should be deployed to the runtime.</description>
        </parameter>
        <parameter>
          <name>localRepository</name>
          <type>org.apache.maven.artifact.repository.ArtifactRepository</type>
          <required>true</required>
          <editable>false</editable>
          <description>Location of the local repository.</description>
        </parameter>
        <parameter>
          <name>project</name>
          <type>org.apache.maven.project.MavenProject</type>
          <required>true</required>
          <editable>false</editable>
          <description>POM</description>
        </parameter>
        <parameter>
          <name>remoteRepositories</name>
          <type>java.util.List</type>
          <required>true</required>
          <editable>false</editable>
          <description>List of Remote Repositories used by the resolver</description>
        </parameter>
        <parameter>
          <name>runTimeVersion</name>
          <type>java.lang.String</type>
          <required>false</required>
          <editable>true</editable>
          <description>The default version of the runtime to use.</description>
        </parameter>
        <parameter>
          <name>webappDirectory</name>
          <type>java.io.File</type>
          <required>true</required>
          <editable>true</editable>
          <description>The directory where the webapp is built.</description>
        </parameter>
      </parameters>
      <configuration>
        <runTimeVersion implementation="java.lang.String">RELEASE</runTimeVersion>
        <remoteRepositories implementation="java.util.List">${project.remoteArtifactRepositories}</remoteRepositories>
        <localRepository implementation="org.apache.maven.artifact.repository.ArtifactRepository">${localRepository}</localRepository>
        <project implementation="org.apache.maven.project.MavenProject">${project}</project>
        <webappDirectory implementation="java.io.File">${project.build.directory}/${project.build.finalName}</webappDirectory>
      </configuration>
      <requirements>
        <requirement>
          <role>org.apache.maven.artifact.resolver.ArtifactResolver</role>
          <field-name>resolver</field-name>
        </requirement>
        <requirement>
          <role>org.apache.maven.artifact.factory.ArtifactFactory</role>
          <field-name>artifactFactory</field-name>
        </requirement>
        <requirement>
          <role>org.apache.maven.artifact.metadata.ArtifactMetadataSource</role>
          <field-name>metadataSource</field-name>
        </requirement>
      </requirements>
    </mojo>
  </mojos>
  <dependencies/>
</plugin>