<plugin>
  <description>This plugin allows to develop GRAILS applications with maven 2.</description>
  <groupId>com.octo.mtg</groupId>
  <artifactId>grails-maven-plugin</artifactId>
  <version>0.2</version>
  <goalPrefix>grails</goalPrefix>
  <isolatedRealm>false</isolatedRealm>
  <inheritedByDefault>true</inheritedByDefault>
  <mojos>
    <mojo>
      <goal>clean</goal>
      <description>Cleans a Grails project.</description>
      <requiresDirectInvocation>false</requiresDirectInvocation>
      <requiresProject>false</requiresProject>
      <requiresReports>false</requiresReports>
      <aggregator>false</aggregator>
      <requiresOnline>false</requiresOnline>
      <inheritedByDefault>true</inheritedByDefault>
      <implementation>com.octo.mtg.plugin.CleanMojo</implementation>
      <language>java</language>
      <instantiationStrategy>per-lookup</instantiationStrategy>
      <executionStrategy>once-per-session</executionStrategy>
      <parameters>
        <parameter>
          <name>basedir</name>
          <type>java.io.File</type>
          <required>true</required>
          <editable>true</editable>
          <description>The directory where is launched the mvn command.</description>
        </parameter>
        <parameter>
          <name>grailsHome</name>
          <type>java.lang.String</type>
          <required>true</required>
          <editable>true</editable>
          <description>The path to GRAILS&apos; HOME.</description>
        </parameter>
      </parameters>
      <configuration>
        <grailsHome implementation="java.lang.String">${grailsHome}</grailsHome>
        <basedir implementation="java.io.File" default-value="${basedir}"/>
      </configuration>
      <requirements>
        <requirement>
          <role>com.octo.mtg.plugin.MojoServices</role>
          <field-name>mojoServices</field-name>
        </requirement>
        <requirement>
          <role>com.octo.mtg.plugin.PomServices</role>
          <field-name>pomServices</field-name>
        </requirement>
        <requirement>
          <role>com.octo.mtg.plugin.GrailsServices</role>
          <field-name>grailsServices</field-name>
        </requirement>
      </requirements>
    </mojo>
    <mojo>
      <goal>create-app</goal>
      <description>Creates a Grails project, including the necessary directory structure, and
commons files.</description>
      <requiresDirectInvocation>false</requiresDirectInvocation>
      <requiresProject>false</requiresProject>
      <requiresReports>false</requiresReports>
      <aggregator>false</aggregator>
      <requiresOnline>false</requiresOnline>
      <inheritedByDefault>true</inheritedByDefault>
      <implementation>com.octo.mtg.plugin.CreateAppMojo</implementation>
      <language>java</language>
      <instantiationStrategy>per-lookup</instantiationStrategy>
      <executionStrategy>once-per-session</executionStrategy>
      <parameters>
        <parameter>
          <name>appName</name>
          <type>java.lang.String</type>
          <required>false</required>
          <editable>true</editable>
          <description>The application name.</description>
        </parameter>
        <parameter>
          <name>basedir</name>
          <type>java.io.File</type>
          <required>true</required>
          <editable>true</editable>
          <description>The directory where is launched the mvn command.</description>
        </parameter>
        <parameter>
          <name>grailsHome</name>
          <type>java.lang.String</type>
          <required>true</required>
          <editable>true</editable>
          <description>The path to GRAILS&apos; HOME.</description>
        </parameter>
      </parameters>
      <configuration>
        <appName implementation="java.lang.String">${appName}</appName>
        <grailsHome implementation="java.lang.String">${grailsHome}</grailsHome>
        <basedir implementation="java.io.File" default-value="${basedir}"/>
      </configuration>
      <requirements>
        <requirement>
          <role>com.octo.mtg.plugin.MojoServices</role>
          <field-name>mojoServices</field-name>
        </requirement>
        <requirement>
          <role>com.octo.mtg.plugin.PomServices</role>
          <field-name>pomServices</field-name>
        </requirement>
        <requirement>
          <role>com.octo.mtg.plugin.GrailsServices</role>
          <field-name>grailsServices</field-name>
        </requirement>
      </requirements>
    </mojo>
    <mojo>
      <goal>create-controller</goal>
      <description>Creates a new controller.</description>
      <requiresDirectInvocation>false</requiresDirectInvocation>
      <requiresProject>false</requiresProject>
      <requiresReports>false</requiresReports>
      <aggregator>false</aggregator>
      <requiresOnline>false</requiresOnline>
      <inheritedByDefault>true</inheritedByDefault>
      <implementation>com.octo.mtg.plugin.CreateControllerMojo</implementation>
      <language>java</language>
      <instantiationStrategy>per-lookup</instantiationStrategy>
      <executionStrategy>once-per-session</executionStrategy>
      <parameters>
        <parameter>
          <name>basedir</name>
          <type>java.io.File</type>
          <required>true</required>
          <editable>true</editable>
          <description>The directory where is launched the mvn command.</description>
        </parameter>
        <parameter>
          <name>controllerName</name>
          <type>java.lang.String</type>
          <required>false</required>
          <editable>true</editable>
          <description>The name for the controller to create.</description>
        </parameter>
        <parameter>
          <name>grailsHome</name>
          <type>java.lang.String</type>
          <required>true</required>
          <editable>true</editable>
          <description>The path to GRAILS&apos; HOME.</description>
        </parameter>
      </parameters>
      <configuration>
        <grailsHome implementation="java.lang.String">${grailsHome}</grailsHome>
        <basedir implementation="java.io.File" default-value="${basedir}"/>
        <controllerName implementation="java.lang.String">${controllerName}</controllerName>
      </configuration>
      <requirements>
        <requirement>
          <role>com.octo.mtg.plugin.MojoServices</role>
          <field-name>mojoServices</field-name>
        </requirement>
        <requirement>
          <role>com.octo.mtg.plugin.PomServices</role>
          <field-name>pomServices</field-name>
        </requirement>
        <requirement>
          <role>com.octo.mtg.plugin.GrailsServices</role>
          <field-name>grailsServices</field-name>
        </requirement>
      </requirements>
    </mojo>
    <mojo>
      <goal>create-domain-class</goal>
      <description>Creates a new domain class.</description>
      <requiresDirectInvocation>false</requiresDirectInvocation>
      <requiresProject>false</requiresProject>
      <requiresReports>false</requiresReports>
      <aggregator>false</aggregator>
      <requiresOnline>false</requiresOnline>
      <inheritedByDefault>true</inheritedByDefault>
      <implementation>com.octo.mtg.plugin.CreateDomainClassMojo</implementation>
      <language>java</language>
      <instantiationStrategy>per-lookup</instantiationStrategy>
      <executionStrategy>once-per-session</executionStrategy>
      <parameters>
        <parameter>
          <name>basedir</name>
          <type>java.io.File</type>
          <required>true</required>
          <editable>true</editable>
          <description>The directory where is launched the mvn command.</description>
        </parameter>
        <parameter>
          <name>domainClassName</name>
          <type>java.lang.String</type>
          <required>false</required>
          <editable>true</editable>
          <description>The name for the domain class to create.</description>
        </parameter>
        <parameter>
          <name>grailsHome</name>
          <type>java.lang.String</type>
          <required>true</required>
          <editable>true</editable>
          <description>The path to GRAILS&apos; HOME.</description>
        </parameter>
      </parameters>
      <configuration>
        <domainClassName implementation="java.lang.String">${domainClassName}</domainClassName>
        <grailsHome implementation="java.lang.String">${grailsHome}</grailsHome>
        <basedir implementation="java.io.File" default-value="${basedir}"/>
      </configuration>
      <requirements>
        <requirement>
          <role>com.octo.mtg.plugin.MojoServices</role>
          <field-name>mojoServices</field-name>
        </requirement>
        <requirement>
          <role>com.octo.mtg.plugin.PomServices</role>
          <field-name>pomServices</field-name>
        </requirement>
        <requirement>
          <role>com.octo.mtg.plugin.GrailsServices</role>
          <field-name>grailsServices</field-name>
        </requirement>
      </requirements>
    </mojo>
    <mojo>
      <goal>create-integration-test</goal>
      <description>Creates a new Grails integration test which loads the whole Grails
environment when run.</description>
      <requiresDirectInvocation>false</requiresDirectInvocation>
      <requiresProject>false</requiresProject>
      <requiresReports>false</requiresReports>
      <aggregator>false</aggregator>
      <requiresOnline>false</requiresOnline>
      <inheritedByDefault>true</inheritedByDefault>
      <implementation>com.octo.mtg.plugin.CreateIntegrationTestMojo</implementation>
      <language>java</language>
      <instantiationStrategy>per-lookup</instantiationStrategy>
      <executionStrategy>once-per-session</executionStrategy>
      <parameters>
        <parameter>
          <name>basedir</name>
          <type>java.io.File</type>
          <required>true</required>
          <editable>true</editable>
          <description>The directory where is launched the mvn command.</description>
        </parameter>
        <parameter>
          <name>grailsHome</name>
          <type>java.lang.String</type>
          <required>true</required>
          <editable>true</editable>
          <description>The path to GRAILS&apos; HOME.</description>
        </parameter>
        <parameter>
          <name>integrationTestName</name>
          <type>java.lang.String</type>
          <required>false</required>
          <editable>true</editable>
          <description>The name for the unit test to create.</description>
        </parameter>
      </parameters>
      <configuration>
        <integrationTestName implementation="java.lang.String">${integrationTestName}</integrationTestName>
        <grailsHome implementation="java.lang.String">${grailsHome}</grailsHome>
        <basedir implementation="java.io.File" default-value="${basedir}"/>
      </configuration>
      <requirements>
        <requirement>
          <role>com.octo.mtg.plugin.MojoServices</role>
          <field-name>mojoServices</field-name>
        </requirement>
        <requirement>
          <role>com.octo.mtg.plugin.PomServices</role>
          <field-name>pomServices</field-name>
        </requirement>
        <requirement>
          <role>com.octo.mtg.plugin.GrailsServices</role>
          <field-name>grailsServices</field-name>
        </requirement>
      </requirements>
    </mojo>
    <mojo>
      <goal>create-pom</goal>
      <description>Creates a creates a maven 2 POM for on an existing Grails project.</description>
      <requiresDirectInvocation>false</requiresDirectInvocation>
      <requiresProject>false</requiresProject>
      <requiresReports>false</requiresReports>
      <aggregator>false</aggregator>
      <requiresOnline>false</requiresOnline>
      <inheritedByDefault>true</inheritedByDefault>
      <implementation>com.octo.mtg.plugin.CreatePomMojo</implementation>
      <language>java</language>
      <instantiationStrategy>per-lookup</instantiationStrategy>
      <executionStrategy>once-per-session</executionStrategy>
      <parameters>
        <parameter>
          <name>basedir</name>
          <type>java.io.File</type>
          <required>true</required>
          <editable>true</editable>
          <description>The directory where is launched the mvn command.</description>
        </parameter>
        <parameter>
          <name>groupId</name>
          <type>java.lang.String</type>
          <required>true</required>
          <editable>true</editable>
          <description>The Group Id of the project to be build.</description>
        </parameter>
        <parameter>
          <name>pluginArtifactId</name>
          <type>java.lang.String</type>
          <required>true</required>
          <editable>false</editable>
          <description></description>
        </parameter>
        <parameter>
          <name>pluginGroupId</name>
          <type>java.lang.String</type>
          <required>true</required>
          <editable>false</editable>
          <description></description>
        </parameter>
        <parameter>
          <name>pluginVersion</name>
          <type>java.lang.String</type>
          <required>true</required>
          <editable>false</editable>
          <description></description>
        </parameter>
      </parameters>
      <configuration>
        <pluginGroupId implementation="java.lang.String">${plugin.groupId}</pluginGroupId>
        <groupId implementation="java.lang.String">${groupId}</groupId>
        <pluginVersion implementation="java.lang.String">${plugin.version}</pluginVersion>
        <pluginArtifactId implementation="java.lang.String">${plugin.artifactId}</pluginArtifactId>
        <basedir implementation="java.io.File" default-value="${basedir}"/>
      </configuration>
      <requirements>
        <requirement>
          <role>com.octo.mtg.plugin.PomServices</role>
          <field-name>pomServices</field-name>
        </requirement>
        <requirement>
          <role>com.octo.mtg.plugin.GrailsServices</role>
          <field-name>grailsServices</field-name>
        </requirement>
      </requirements>
    </mojo>
    <mojo>
      <goal>create-script</goal>
      <description>Creates a Grails Gant Script.</description>
      <requiresDirectInvocation>false</requiresDirectInvocation>
      <requiresProject>false</requiresProject>
      <requiresReports>false</requiresReports>
      <aggregator>false</aggregator>
      <requiresOnline>false</requiresOnline>
      <inheritedByDefault>true</inheritedByDefault>
      <implementation>com.octo.mtg.plugin.CreateScriptMojo</implementation>
      <language>java</language>
      <instantiationStrategy>per-lookup</instantiationStrategy>
      <executionStrategy>once-per-session</executionStrategy>
      <parameters>
        <parameter>
          <name>basedir</name>
          <type>java.io.File</type>
          <required>true</required>
          <editable>true</editable>
          <description>The directory where is launched the mvn command.</description>
        </parameter>
        <parameter>
          <name>grailsHome</name>
          <type>java.lang.String</type>
          <required>true</required>
          <editable>true</editable>
          <description>The path to GRAILS&apos; HOME.</description>
        </parameter>
        <parameter>
          <name>scriptName</name>
          <type>java.lang.String</type>
          <required>false</required>
          <editable>true</editable>
          <description>The name for the script to create.</description>
        </parameter>
      </parameters>
      <configuration>
        <grailsHome implementation="java.lang.String">${grailsHome}</grailsHome>
        <basedir implementation="java.io.File" default-value="${basedir}"/>
        <scriptName implementation="java.lang.String">${scriptName}</scriptName>
      </configuration>
      <requirements>
        <requirement>
          <role>com.octo.mtg.plugin.MojoServices</role>
          <field-name>mojoServices</field-name>
        </requirement>
        <requirement>
          <role>com.octo.mtg.plugin.PomServices</role>
          <field-name>pomServices</field-name>
        </requirement>
        <requirement>
          <role>com.octo.mtg.plugin.GrailsServices</role>
          <field-name>grailsServices</field-name>
        </requirement>
      </requirements>
    </mojo>
    <mojo>
      <goal>create-service</goal>
      <description>Creates a new service class.</description>
      <requiresDirectInvocation>false</requiresDirectInvocation>
      <requiresProject>false</requiresProject>
      <requiresReports>false</requiresReports>
      <aggregator>false</aggregator>
      <requiresOnline>false</requiresOnline>
      <inheritedByDefault>true</inheritedByDefault>
      <implementation>com.octo.mtg.plugin.CreateServiceMojo</implementation>
      <language>java</language>
      <instantiationStrategy>per-lookup</instantiationStrategy>
      <executionStrategy>once-per-session</executionStrategy>
      <parameters>
        <parameter>
          <name>basedir</name>
          <type>java.io.File</type>
          <required>true</required>
          <editable>true</editable>
          <description>The directory where is launched the mvn command.</description>
        </parameter>
        <parameter>
          <name>grailsHome</name>
          <type>java.lang.String</type>
          <required>true</required>
          <editable>true</editable>
          <description>The path to GRAILS&apos; HOME.</description>
        </parameter>
        <parameter>
          <name>serviceName</name>
          <type>java.lang.String</type>
          <required>false</required>
          <editable>true</editable>
          <description>The name for the service to create.</description>
        </parameter>
      </parameters>
      <configuration>
        <serviceName implementation="java.lang.String">${serviceName}</serviceName>
        <grailsHome implementation="java.lang.String">${grailsHome}</grailsHome>
        <basedir implementation="java.io.File" default-value="${basedir}"/>
      </configuration>
      <requirements>
        <requirement>
          <role>com.octo.mtg.plugin.MojoServices</role>
          <field-name>mojoServices</field-name>
        </requirement>
        <requirement>
          <role>com.octo.mtg.plugin.PomServices</role>
          <field-name>pomServices</field-name>
        </requirement>
        <requirement>
          <role>com.octo.mtg.plugin.GrailsServices</role>
          <field-name>grailsServices</field-name>
        </requirement>
      </requirements>
    </mojo>
    <mojo>
      <goal>create-taglib</goal>
      <description>Creates a new taglib.</description>
      <requiresDirectInvocation>false</requiresDirectInvocation>
      <requiresProject>false</requiresProject>
      <requiresReports>false</requiresReports>
      <aggregator>false</aggregator>
      <requiresOnline>false</requiresOnline>
      <inheritedByDefault>true</inheritedByDefault>
      <implementation>com.octo.mtg.plugin.CreateTaglibMojo</implementation>
      <language>java</language>
      <instantiationStrategy>per-lookup</instantiationStrategy>
      <executionStrategy>once-per-session</executionStrategy>
      <parameters>
        <parameter>
          <name>basedir</name>
          <type>java.io.File</type>
          <required>true</required>
          <editable>true</editable>
          <description>The directory where is launched the mvn command.</description>
        </parameter>
        <parameter>
          <name>grailsHome</name>
          <type>java.lang.String</type>
          <required>true</required>
          <editable>true</editable>
          <description>The path to GRAILS&apos; HOME.</description>
        </parameter>
        <parameter>
          <name>taglibName</name>
          <type>java.lang.String</type>
          <required>false</required>
          <editable>true</editable>
          <description>The name for the taglib to create.</description>
        </parameter>
      </parameters>
      <configuration>
        <grailsHome implementation="java.lang.String">${grailsHome}</grailsHome>
        <taglibName implementation="java.lang.String">${taglibName}</taglibName>
        <basedir implementation="java.io.File" default-value="${basedir}"/>
      </configuration>
      <requirements>
        <requirement>
          <role>com.octo.mtg.plugin.MojoServices</role>
          <field-name>mojoServices</field-name>
        </requirement>
        <requirement>
          <role>com.octo.mtg.plugin.PomServices</role>
          <field-name>pomServices</field-name>
        </requirement>
        <requirement>
          <role>com.octo.mtg.plugin.GrailsServices</role>
          <field-name>grailsServices</field-name>
        </requirement>
      </requirements>
    </mojo>
    <mojo>
      <goal>create-unit-test</goal>
      <description>Creates a new Grails unit test. A unit test requires that you mock out access
to dynamic methods, but executes a lot quicker.</description>
      <requiresDirectInvocation>false</requiresDirectInvocation>
      <requiresProject>false</requiresProject>
      <requiresReports>false</requiresReports>
      <aggregator>false</aggregator>
      <requiresOnline>false</requiresOnline>
      <inheritedByDefault>true</inheritedByDefault>
      <implementation>com.octo.mtg.plugin.CreateUnitTestMojo</implementation>
      <language>java</language>
      <instantiationStrategy>per-lookup</instantiationStrategy>
      <executionStrategy>once-per-session</executionStrategy>
      <parameters>
        <parameter>
          <name>basedir</name>
          <type>java.io.File</type>
          <required>true</required>
          <editable>true</editable>
          <description>The directory where is launched the mvn command.</description>
        </parameter>
        <parameter>
          <name>grailsHome</name>
          <type>java.lang.String</type>
          <required>true</required>
          <editable>true</editable>
          <description>The path to GRAILS&apos; HOME.</description>
        </parameter>
        <parameter>
          <name>unitTestName</name>
          <type>java.lang.String</type>
          <required>false</required>
          <editable>true</editable>
          <description>The name for the unit test to create.</description>
        </parameter>
      </parameters>
      <configuration>
        <unitTestName implementation="java.lang.String">${unitTestName}</unitTestName>
        <grailsHome implementation="java.lang.String">${grailsHome}</grailsHome>
        <basedir implementation="java.io.File" default-value="${basedir}"/>
      </configuration>
      <requirements>
        <requirement>
          <role>com.octo.mtg.plugin.MojoServices</role>
          <field-name>mojoServices</field-name>
        </requirement>
        <requirement>
          <role>com.octo.mtg.plugin.PomServices</role>
          <field-name>pomServices</field-name>
        </requirement>
        <requirement>
          <role>com.octo.mtg.plugin.GrailsServices</role>
          <field-name>grailsServices</field-name>
        </requirement>
      </requirements>
    </mojo>
    <mojo>
      <goal>create-web-test</goal>
      <description>Creates a skeleton of a Canoo WebTest (functional test) for a given name.</description>
      <requiresDirectInvocation>false</requiresDirectInvocation>
      <requiresProject>false</requiresProject>
      <requiresReports>false</requiresReports>
      <aggregator>false</aggregator>
      <requiresOnline>false</requiresOnline>
      <inheritedByDefault>true</inheritedByDefault>
      <implementation>com.octo.mtg.plugin.CreateWebTestMojo</implementation>
      <language>java</language>
      <instantiationStrategy>per-lookup</instantiationStrategy>
      <executionStrategy>once-per-session</executionStrategy>
      <parameters>
        <parameter>
          <name>basedir</name>
          <type>java.io.File</type>
          <required>true</required>
          <editable>true</editable>
          <description>The directory where is launched the mvn command.</description>
        </parameter>
        <parameter>
          <name>grailsHome</name>
          <type>java.lang.String</type>
          <required>true</required>
          <editable>true</editable>
          <description>The path to GRAILS&apos; HOME.</description>
        </parameter>
        <parameter>
          <name>webTestName</name>
          <type>java.lang.String</type>
          <required>false</required>
          <editable>true</editable>
          <description>The name for the web test to create.</description>
        </parameter>
      </parameters>
      <configuration>
        <grailsHome implementation="java.lang.String">${grailsHome}</grailsHome>
        <basedir implementation="java.io.File" default-value="${basedir}"/>
        <webTestName implementation="java.lang.String">${webTestName}</webTestName>
      </configuration>
      <requirements>
        <requirement>
          <role>com.octo.mtg.plugin.MojoServices</role>
          <field-name>mojoServices</field-name>
        </requirement>
        <requirement>
          <role>com.octo.mtg.plugin.PomServices</role>
          <field-name>pomServices</field-name>
        </requirement>
        <requirement>
          <role>com.octo.mtg.plugin.GrailsServices</role>
          <field-name>grailsServices</field-name>
        </requirement>
      </requirements>
    </mojo>
    <mojo>
      <goal>generate-all</goal>
      <description>Generates a CRUD interface (controller + views) for a domain class.</description>
      <requiresDirectInvocation>false</requiresDirectInvocation>
      <requiresProject>false</requiresProject>
      <requiresReports>false</requiresReports>
      <aggregator>false</aggregator>
      <requiresOnline>false</requiresOnline>
      <inheritedByDefault>true</inheritedByDefault>
      <implementation>com.octo.mtg.plugin.GenerateAllMojo</implementation>
      <language>java</language>
      <instantiationStrategy>per-lookup</instantiationStrategy>
      <executionStrategy>once-per-session</executionStrategy>
      <parameters>
        <parameter>
          <name>basedir</name>
          <type>java.io.File</type>
          <required>true</required>
          <editable>true</editable>
          <description>The directory where is launched the mvn command.</description>
        </parameter>
        <parameter>
          <name>domainClassName</name>
          <type>java.lang.String</type>
          <required>false</required>
          <editable>true</editable>
          <description>The name of the domain class to generate the CRUD interface.</description>
        </parameter>
        <parameter>
          <name>grailsHome</name>
          <type>java.lang.String</type>
          <required>true</required>
          <editable>true</editable>
          <description>The path to GRAILS&apos; HOME.</description>
        </parameter>
      </parameters>
      <configuration>
        <domainClassName implementation="java.lang.String">${domainClass}</domainClassName>
        <grailsHome implementation="java.lang.String">${grailsHome}</grailsHome>
        <basedir implementation="java.io.File" default-value="${basedir}"/>
      </configuration>
      <requirements>
        <requirement>
          <role>com.octo.mtg.plugin.MojoServices</role>
          <field-name>mojoServices</field-name>
        </requirement>
        <requirement>
          <role>com.octo.mtg.plugin.PomServices</role>
          <field-name>pomServices</field-name>
        </requirement>
        <requirement>
          <role>com.octo.mtg.plugin.GrailsServices</role>
          <field-name>grailsServices</field-name>
        </requirement>
      </requirements>
    </mojo>
    <mojo>
      <goal>generate-controller</goal>
      <description>Generates a CRUD controller for a specified domain class.</description>
      <requiresDirectInvocation>false</requiresDirectInvocation>
      <requiresProject>false</requiresProject>
      <requiresReports>false</requiresReports>
      <aggregator>false</aggregator>
      <requiresOnline>false</requiresOnline>
      <inheritedByDefault>true</inheritedByDefault>
      <implementation>com.octo.mtg.plugin.GenerateControllerMojo</implementation>
      <language>java</language>
      <instantiationStrategy>per-lookup</instantiationStrategy>
      <executionStrategy>once-per-session</executionStrategy>
      <parameters>
        <parameter>
          <name>basedir</name>
          <type>java.io.File</type>
          <required>true</required>
          <editable>true</editable>
          <description>The directory where is launched the mvn command.</description>
        </parameter>
        <parameter>
          <name>domainClassName</name>
          <type>java.lang.String</type>
          <required>false</required>
          <editable>true</editable>
          <description>The name of the domain class to generate the CRUD controller.</description>
        </parameter>
        <parameter>
          <name>grailsHome</name>
          <type>java.lang.String</type>
          <required>true</required>
          <editable>true</editable>
          <description>The path to GRAILS&apos; HOME.</description>
        </parameter>
      </parameters>
      <configuration>
        <domainClassName implementation="java.lang.String">${domainClassName}</domainClassName>
        <grailsHome implementation="java.lang.String">${grailsHome}</grailsHome>
        <basedir implementation="java.io.File" default-value="${basedir}"/>
      </configuration>
      <requirements>
        <requirement>
          <role>com.octo.mtg.plugin.MojoServices</role>
          <field-name>mojoServices</field-name>
        </requirement>
        <requirement>
          <role>com.octo.mtg.plugin.PomServices</role>
          <field-name>pomServices</field-name>
        </requirement>
        <requirement>
          <role>com.octo.mtg.plugin.GrailsServices</role>
          <field-name>grailsServices</field-name>
        </requirement>
      </requirements>
    </mojo>
    <mojo>
      <goal>generate-views</goal>
      <description>Generates the CRUD views for a specified domain class.</description>
      <requiresDirectInvocation>false</requiresDirectInvocation>
      <requiresProject>false</requiresProject>
      <requiresReports>false</requiresReports>
      <aggregator>false</aggregator>
      <requiresOnline>false</requiresOnline>
      <inheritedByDefault>true</inheritedByDefault>
      <implementation>com.octo.mtg.plugin.GenerateViewsMojo</implementation>
      <language>java</language>
      <instantiationStrategy>per-lookup</instantiationStrategy>
      <executionStrategy>once-per-session</executionStrategy>
      <parameters>
        <parameter>
          <name>basedir</name>
          <type>java.io.File</type>
          <required>true</required>
          <editable>true</editable>
          <description>The directory where is launched the mvn command.</description>
        </parameter>
        <parameter>
          <name>domainClassName</name>
          <type>java.lang.String</type>
          <required>false</required>
          <editable>true</editable>
          <description>The name of the domain class to generate the CRUD views.</description>
        </parameter>
        <parameter>
          <name>grailsHome</name>
          <type>java.lang.String</type>
          <required>true</required>
          <editable>true</editable>
          <description>The path to GRAILS&apos; HOME.</description>
        </parameter>
      </parameters>
      <configuration>
        <domainClassName implementation="java.lang.String">${domainClass}</domainClassName>
        <grailsHome implementation="java.lang.String">${grailsHome}</grailsHome>
        <basedir implementation="java.io.File" default-value="${basedir}"/>
      </configuration>
      <requirements>
        <requirement>
          <role>com.octo.mtg.plugin.MojoServices</role>
          <field-name>mojoServices</field-name>
        </requirement>
        <requirement>
          <role>com.octo.mtg.plugin.PomServices</role>
          <field-name>pomServices</field-name>
        </requirement>
        <requirement>
          <role>com.octo.mtg.plugin.GrailsServices</role>
          <field-name>grailsServices</field-name>
        </requirement>
      </requirements>
    </mojo>
    <mojo>
      <goal>install-templates</goal>
      <description>Installs the artifact and scaffolding templates.</description>
      <requiresDirectInvocation>false</requiresDirectInvocation>
      <requiresProject>false</requiresProject>
      <requiresReports>false</requiresReports>
      <aggregator>false</aggregator>
      <requiresOnline>false</requiresOnline>
      <inheritedByDefault>true</inheritedByDefault>
      <implementation>com.octo.mtg.plugin.InstallTemplatesMojo</implementation>
      <language>java</language>
      <instantiationStrategy>per-lookup</instantiationStrategy>
      <executionStrategy>once-per-session</executionStrategy>
      <parameters>
        <parameter>
          <name>basedir</name>
          <type>java.io.File</type>
          <required>true</required>
          <editable>true</editable>
          <description>The directory where is launched the mvn command.</description>
        </parameter>
        <parameter>
          <name>grailsHome</name>
          <type>java.lang.String</type>
          <required>true</required>
          <editable>true</editable>
          <description>The path to GRAILS&apos; HOME.</description>
        </parameter>
      </parameters>
      <configuration>
        <grailsHome implementation="java.lang.String">${grailsHome}</grailsHome>
        <basedir implementation="java.io.File" default-value="${basedir}"/>
      </configuration>
      <requirements>
        <requirement>
          <role>com.octo.mtg.plugin.MojoServices</role>
          <field-name>mojoServices</field-name>
        </requirement>
        <requirement>
          <role>com.octo.mtg.plugin.PomServices</role>
          <field-name>pomServices</field-name>
        </requirement>
        <requirement>
          <role>com.octo.mtg.plugin.GrailsServices</role>
          <field-name>grailsServices</field-name>
        </requirement>
      </requirements>
    </mojo>
    <mojo>
      <goal>maven-clean</goal>
      <description>Cleans a Grails project and jars in lib directory.</description>
      <requiresDirectInvocation>false</requiresDirectInvocation>
      <requiresProject>true</requiresProject>
      <requiresReports>false</requiresReports>
      <aggregator>false</aggregator>
      <requiresOnline>false</requiresOnline>
      <inheritedByDefault>true</inheritedByDefault>
      <executePhase>clean</executePhase>
      <executeLifecycle>grailsClean</executeLifecycle>
      <implementation>com.octo.mtg.plugin.MavenCleanMojo</implementation>
      <language>java</language>
      <instantiationStrategy>per-lookup</instantiationStrategy>
      <executionStrategy>once-per-session</executionStrategy>
      <parameters>
        <parameter>
          <name>basedir</name>
          <type>java.io.File</type>
          <required>true</required>
          <editable>true</editable>
          <description>The directory where is launched the mvn command.</description>
        </parameter>
        <parameter>
          <name>grailsHome</name>
          <type>java.lang.String</type>
          <required>true</required>
          <editable>true</editable>
          <description>The path to GRAILS&apos; HOME.</description>
        </parameter>
      </parameters>
      <configuration>
        <grailsHome implementation="java.lang.String">${grailsHome}</grailsHome>
        <basedir implementation="java.io.File" default-value="${basedir}"/>
      </configuration>
      <requirements>
        <requirement>
          <role>com.octo.mtg.plugin.MojoServices</role>
          <field-name>mojoServices</field-name>
        </requirement>
        <requirement>
          <role>com.octo.mtg.plugin.PomServices</role>
          <field-name>pomServices</field-name>
        </requirement>
        <requirement>
          <role>com.octo.mtg.plugin.GrailsServices</role>
          <field-name>grailsServices</field-name>
        </requirement>
      </requirements>
    </mojo>
    <mojo>
      <goal>maven-war</goal>
      <description>Creates a WAR archive and register it in maven.</description>
      <requiresDirectInvocation>false</requiresDirectInvocation>
      <requiresProject>true</requiresProject>
      <requiresReports>false</requiresReports>
      <aggregator>false</aggregator>
      <requiresOnline>false</requiresOnline>
      <inheritedByDefault>true</inheritedByDefault>
      <phase>package</phase>
      <implementation>com.octo.mtg.plugin.MavenWarMojo</implementation>
      <language>java</language>
      <instantiationStrategy>per-lookup</instantiationStrategy>
      <executionStrategy>once-per-session</executionStrategy>
      <parameters>
        <parameter>
          <name>basedir</name>
          <type>java.io.File</type>
          <required>true</required>
          <editable>true</editable>
          <description>The directory where is launched the mvn command.</description>
        </parameter>
        <parameter>
          <name>grailsHome</name>
          <type>java.lang.String</type>
          <required>true</required>
          <editable>true</editable>
          <description>The path to GRAILS&apos; HOME.</description>
        </parameter>
        <parameter>
          <name>project</name>
          <type>org.apache.maven.project.MavenProject</type>
          <required>true</required>
          <editable>false</editable>
          <description>The maven project.</description>
        </parameter>
      </parameters>
      <configuration>
        <project implementation="org.apache.maven.project.MavenProject">${project}</project>
        <grailsHome implementation="java.lang.String">${grailsHome}</grailsHome>
        <basedir implementation="java.io.File" default-value="${basedir}"/>
      </configuration>
      <requirements>
        <requirement>
          <role>com.octo.mtg.plugin.MojoServices</role>
          <field-name>mojoServices</field-name>
        </requirement>
        <requirement>
          <role>org.apache.maven.artifact.handler.ArtifactHandler</role>
          <role-hint>grails-app</role-hint>
          <field-name>artifactHandler</field-name>
        </requirement>
        <requirement>
          <role>com.octo.mtg.plugin.PomServices</role>
          <field-name>pomServices</field-name>
        </requirement>
        <requirement>
          <role>com.octo.mtg.plugin.GrailsServices</role>
          <field-name>grailsServices</field-name>
        </requirement>
      </requirements>
    </mojo>
    <mojo>
      <goal>package</goal>
      <description>Packages the Grails application into the web-app folder for running.</description>
      <requiresDirectInvocation>false</requiresDirectInvocation>
      <requiresProject>false</requiresProject>
      <requiresReports>false</requiresReports>
      <aggregator>false</aggregator>
      <requiresOnline>false</requiresOnline>
      <inheritedByDefault>true</inheritedByDefault>
      <implementation>com.octo.mtg.plugin.PackageMojo</implementation>
      <language>java</language>
      <instantiationStrategy>per-lookup</instantiationStrategy>
      <executionStrategy>once-per-session</executionStrategy>
      <parameters>
        <parameter>
          <name>basedir</name>
          <type>java.io.File</type>
          <required>true</required>
          <editable>true</editable>
          <description>The directory where is launched the mvn command.</description>
        </parameter>
        <parameter>
          <name>grailsHome</name>
          <type>java.lang.String</type>
          <required>true</required>
          <editable>true</editable>
          <description>The path to GRAILS&apos; HOME.</description>
        </parameter>
      </parameters>
      <configuration>
        <grailsHome implementation="java.lang.String">${grailsHome}</grailsHome>
        <basedir implementation="java.io.File" default-value="${basedir}"/>
      </configuration>
      <requirements>
        <requirement>
          <role>com.octo.mtg.plugin.MojoServices</role>
          <field-name>mojoServices</field-name>
        </requirement>
        <requirement>
          <role>com.octo.mtg.plugin.PomServices</role>
          <field-name>pomServices</field-name>
        </requirement>
        <requirement>
          <role>com.octo.mtg.plugin.GrailsServices</role>
          <field-name>grailsServices</field-name>
        </requirement>
      </requirements>
    </mojo>
    <mojo>
      <goal>run-webtest</goal>
      <description>Run&apos;s all of the Web tests against a Grails application.</description>
      <requiresDirectInvocation>false</requiresDirectInvocation>
      <requiresProject>false</requiresProject>
      <requiresReports>false</requiresReports>
      <aggregator>false</aggregator>
      <requiresOnline>false</requiresOnline>
      <inheritedByDefault>true</inheritedByDefault>
      <implementation>com.octo.mtg.plugin.RunWebTestMojo</implementation>
      <language>java</language>
      <instantiationStrategy>per-lookup</instantiationStrategy>
      <executionStrategy>once-per-session</executionStrategy>
      <parameters>
        <parameter>
          <name>basedir</name>
          <type>java.io.File</type>
          <required>true</required>
          <editable>true</editable>
          <description>The directory where is launched the mvn command.</description>
        </parameter>
        <parameter>
          <name>grailsHome</name>
          <type>java.lang.String</type>
          <required>true</required>
          <editable>true</editable>
          <description>The path to GRAILS&apos; HOME.</description>
        </parameter>
      </parameters>
      <configuration>
        <grailsHome implementation="java.lang.String">${grailsHome}</grailsHome>
        <basedir implementation="java.io.File" default-value="${basedir}"/>
      </configuration>
      <requirements>
        <requirement>
          <role>com.octo.mtg.plugin.MojoServices</role>
          <field-name>mojoServices</field-name>
        </requirement>
        <requirement>
          <role>com.octo.mtg.plugin.PomServices</role>
          <field-name>pomServices</field-name>
        </requirement>
        <requirement>
          <role>com.octo.mtg.plugin.GrailsServices</role>
          <field-name>grailsServices</field-name>
        </requirement>
      </requirements>
    </mojo>
    <mojo>
      <goal>test-app</goal>
      <description>Run a Grails applications unit tests and integration tests.</description>
      <requiresDirectInvocation>false</requiresDirectInvocation>
      <requiresProject>false</requiresProject>
      <requiresReports>false</requiresReports>
      <aggregator>false</aggregator>
      <requiresOnline>false</requiresOnline>
      <inheritedByDefault>true</inheritedByDefault>
      <implementation>com.octo.mtg.plugin.TestAppMojo</implementation>
      <language>java</language>
      <instantiationStrategy>per-lookup</instantiationStrategy>
      <executionStrategy>once-per-session</executionStrategy>
      <parameters>
        <parameter>
          <name>basedir</name>
          <type>java.io.File</type>
          <required>true</required>
          <editable>true</editable>
          <description>The directory where is launched the mvn command.</description>
        </parameter>
        <parameter>
          <name>grailsHome</name>
          <type>java.lang.String</type>
          <required>true</required>
          <editable>true</editable>
          <description>The path to GRAILS&apos; HOME.</description>
        </parameter>
      </parameters>
      <configuration>
        <grailsHome implementation="java.lang.String">${grailsHome}</grailsHome>
        <basedir implementation="java.io.File" default-value="${basedir}"/>
      </configuration>
      <requirements>
        <requirement>
          <role>com.octo.mtg.plugin.MojoServices</role>
          <field-name>mojoServices</field-name>
        </requirement>
        <requirement>
          <role>com.octo.mtg.plugin.PomServices</role>
          <field-name>pomServices</field-name>
        </requirement>
        <requirement>
          <role>com.octo.mtg.plugin.GrailsServices</role>
          <field-name>grailsServices</field-name>
        </requirement>
      </requirements>
    </mojo>
    <mojo>
      <goal>validate</goal>
      <description>Validate consistency between Grails and Maven settings.</description>
      <requiresDependencyResolution>runtime</requiresDependencyResolution>
      <requiresDirectInvocation>false</requiresDirectInvocation>
      <requiresProject>true</requiresProject>
      <requiresReports>false</requiresReports>
      <aggregator>false</aggregator>
      <requiresOnline>false</requiresOnline>
      <inheritedByDefault>true</inheritedByDefault>
      <phase>validate</phase>
      <executePhase>initialize</executePhase>
      <executeLifecycle>grailsPackage</executeLifecycle>
      <implementation>com.octo.mtg.plugin.ValidateMojo</implementation>
      <language>java</language>
      <instantiationStrategy>per-lookup</instantiationStrategy>
      <executionStrategy>once-per-session</executionStrategy>
      <parameters>
        <parameter>
          <name>basedir</name>
          <type>java.io.File</type>
          <required>true</required>
          <editable>true</editable>
          <description>The directory where is launched the mvn command.</description>
        </parameter>
        <parameter>
          <name>grailsHome</name>
          <type>java.lang.String</type>
          <required>true</required>
          <editable>true</editable>
          <description>The path to GRAILS&apos; HOME.</description>
        </parameter>
        <parameter>
          <name>project</name>
          <type>org.apache.maven.project.MavenProject</type>
          <required>true</required>
          <editable>false</editable>
          <description>The maven project.</description>
        </parameter>
      </parameters>
      <configuration>
        <project implementation="org.apache.maven.project.MavenProject">${project}</project>
        <grailsHome implementation="java.lang.String">${grailsHome}</grailsHome>
        <basedir implementation="java.io.File" default-value="${basedir}"/>
      </configuration>
      <requirements>
        <requirement>
          <role>com.octo.mtg.plugin.MojoServices</role>
          <field-name>mojoServices</field-name>
        </requirement>
        <requirement>
          <role>com.octo.mtg.plugin.PomServices</role>
          <field-name>pomServices</field-name>
        </requirement>
        <requirement>
          <role>com.octo.mtg.plugin.GrailsServices</role>
          <field-name>grailsServices</field-name>
        </requirement>
      </requirements>
    </mojo>
    <mojo>
      <goal>war</goal>
      <description>Creates a WAR archive.</description>
      <requiresDirectInvocation>false</requiresDirectInvocation>
      <requiresProject>false</requiresProject>
      <requiresReports>false</requiresReports>
      <aggregator>false</aggregator>
      <requiresOnline>false</requiresOnline>
      <inheritedByDefault>true</inheritedByDefault>
      <implementation>com.octo.mtg.plugin.WarMojo</implementation>
      <language>java</language>
      <instantiationStrategy>per-lookup</instantiationStrategy>
      <executionStrategy>once-per-session</executionStrategy>
      <parameters>
        <parameter>
          <name>basedir</name>
          <type>java.io.File</type>
          <required>true</required>
          <editable>true</editable>
          <description>The directory where is launched the mvn command.</description>
        </parameter>
        <parameter>
          <name>grailsHome</name>
          <type>java.lang.String</type>
          <required>true</required>
          <editable>true</editable>
          <description>The path to GRAILS&apos; HOME.</description>
        </parameter>
      </parameters>
      <configuration>
        <grailsHome implementation="java.lang.String">${grailsHome}</grailsHome>
        <basedir implementation="java.io.File" default-value="${basedir}"/>
      </configuration>
      <requirements>
        <requirement>
          <role>com.octo.mtg.plugin.MojoServices</role>
          <field-name>mojoServices</field-name>
        </requirement>
        <requirement>
          <role>com.octo.mtg.plugin.PomServices</role>
          <field-name>pomServices</field-name>
        </requirement>
        <requirement>
          <role>com.octo.mtg.plugin.GrailsServices</role>
          <field-name>grailsServices</field-name>
        </requirement>
      </requirements>
    </mojo>
  </mojos>
  <dependencies>
    <dependency>
      <groupId>org.apache.maven</groupId>
      <artifactId>maven-archiver</artifactId>
      <type>jar</type>
      <version>2.2</version>
    </dependency>
    <dependency>
      <groupId>classworlds</groupId>
      <artifactId>classworlds</artifactId>
      <type>jar</type>
      <version>1.1-alpha-2</version>
    </dependency>
    <dependency>
      <groupId>org.apache.maven</groupId>
      <artifactId>maven-plugin-registry</artifactId>
      <type>jar</type>
      <version>2.0.7</version>
    </dependency>
    <dependency>
      <groupId>org.apache.maven</groupId>
      <artifactId>maven-model</artifactId>
      <type>jar</type>
      <version>2.0.7</version>
    </dependency>
    <dependency>
      <groupId>org.apache.maven</groupId>
      <artifactId>maven-project</artifactId>
      <type>jar</type>
      <version>2.0.7</version>
    </dependency>
    <dependency>
      <groupId>org.apache.maven</groupId>
      <artifactId>maven-profile</artifactId>
      <type>jar</type>
      <version>2.0.7</version>
    </dependency>
    <dependency>
      <groupId>org.codehaus.plexus</groupId>
      <artifactId>plexus-container-default</artifactId>
      <type>jar</type>
      <version>1.0-alpha-9-stable-1</version>
    </dependency>
    <dependency>
      <groupId>org.codehaus.plexus</groupId>
      <artifactId>plexus-utils</artifactId>
      <type>jar</type>
      <version>1.4.5</version>
    </dependency>
    <dependency>
      <groupId>org.codehaus.plexus</groupId>
      <artifactId>plexus-archiver</artifactId>
      <type>jar</type>
      <version>1.0-alpha-7</version>
    </dependency>
    <dependency>
      <groupId>org.apache.maven</groupId>
      <artifactId>maven-repository-metadata</artifactId>
      <type>jar</type>
      <version>2.0.7</version>
    </dependency>
    <dependency>
      <groupId>org.apache.maven</groupId>
      <artifactId>maven-artifact-manager</artifactId>
      <type>jar</type>
      <version>2.0.7</version>
    </dependency>
    <dependency>
      <groupId>org.apache.maven</groupId>
      <artifactId>maven-plugin-api</artifactId>
      <type>jar</type>
      <version>2.0.7</version>
    </dependency>
    <dependency>
      <groupId>org.apache.maven</groupId>
      <artifactId>maven-artifact</artifactId>
      <type>jar</type>
      <version>2.0.7</version>
    </dependency>
    <dependency>
      <groupId>org.apache.maven</groupId>
      <artifactId>maven-settings</artifactId>
      <type>jar</type>
      <version>2.0.7</version>
    </dependency>
    <dependency>
      <groupId>org.apache.maven.wagon</groupId>
      <artifactId>wagon-provider-api</artifactId>
      <type>jar</type>
      <version>1.0-beta-2</version>
    </dependency>
  </dependencies>
</plugin>