<plugin>
  <description>This is a Maven plug-in for Jini service based projects. It&apos;s initial capabilities are:
        * Archetype for Jini service project creation
        * Starting/Stopping of Jini starter kit services: Reggie, Mahalo, Phoenix, Fiddler, Norm, Mercury, Outrigger, Browser, and HTTP daemon
        * Configurable RMI runtime: JRMP, JERI, or JERI/JSSE
        * Configurable activation and persistence modes: transient, activatable, nonactivatable</description>
  <groupId>org.jini.maven-jini-plugin</groupId>
  <artifactId>maven-jini-plugin</artifactId>
  <version>2.0</version>
  <goalPrefix>jini</goalPrefix>
  <isolatedRealm>false</isolatedRealm>
  <inheritedByDefault>true</inheritedByDefault>
  <mojos>
    <mojo>
      <goal>fiddler</goal>
      <description></description>
      <requiresDirectInvocation>false</requiresDirectInvocation>
      <requiresProject>false</requiresProject>
      <requiresReports>false</requiresReports>
      <aggregator>false</aggregator>
      <requiresOnline>false</requiresOnline>
      <inheritedByDefault>true</inheritedByDefault>
      <implementation>org.jini.maven.plugin.FiddlerServiceLauncher</implementation>
      <language>java</language>
      <instantiationStrategy>per-lookup</instantiationStrategy>
      <executionStrategy>once-per-session</executionStrategy>
      <parameters>
        <parameter>
          <name>authLoginConfig</name>
          <type>java.lang.String</type>
          <required>false</required>
          <editable>true</editable>
          <description>Authentication configuration file for secure login.</description>
        </parameter>
        <parameter>
          <name>codebaseHost</name>
          <type>java.lang.String</type>
          <required>false</required>
          <editable>true</editable>
          <description>The host to download codebase artifacts from.</description>
        </parameter>
        <parameter>
          <name>codebasePort</name>
          <type>int</type>
          <required>false</required>
          <editable>true</editable>
          <description>The port on the codebase host to connect onto. The port number &apos;5464&apos; spells out &apos;jini&apos; on a traditional telephone keypad.</description>
        </parameter>
        <parameter>
          <name>groupConfig</name>
          <type>java.lang.String</type>
          <required>false</required>
          <editable>true</editable>
          <description>The service&apos;s group configuration file.</description>
        </parameter>
        <parameter>
          <name>jiniHome</name>
          <type>java.lang.String</type>
          <required>false</required>
          <editable>true</editable>
          <description>The Jini installation directory. This is dynamically created when not set to: &lt;i&gt;&lt;maven-local-repo&gt;/org/jini/maven-jini-plugin/resources/jini2_1&lt;/i&gt; except on Windows in which it is &lt;i&gt;C:\Java\jini2_1&lt;/i&gt; by default. This is due to problems with spaces in the default Maven local repository path and executing the Java runtime using java.lang.Runtime.exec().</description>
        </parameter>
        <parameter>
          <name>localRepository</name>
          <type>org.apache.maven.artifact.repository.ArtifactRepository</type>
          <required>false</required>
          <editable>true</editable>
          <description>The local Maven artifact repository.</description>
        </parameter>
        <parameter>
          <name>loggingConfig</name>
          <type>java.lang.String</type>
          <required>false</required>
          <editable>true</editable>
          <description>The logging configuration file for the log manager.</description>
        </parameter>
        <parameter>
          <name>loggingManager</name>
          <type>java.lang.String</type>
          <required>false</required>
          <editable>true</editable>
          <description>The log manager absolute implementation class for the service.</description>
        </parameter>
        <parameter>
          <name>loggingOn</name>
          <type>boolean</type>
          <required>false</required>
          <editable>true</editable>
          <description>Whether logging should be turned on.</description>
        </parameter>
        <parameter>
          <name>mode</name>
          <type>java.lang.String</type>
          <required>false</required>
          <editable>true</editable>
          <description>This indicates the stateful mode for this service&apos;s runtime configuration. The following modes are supported: &quot;transient&quot;, &quot;activatable&quot;, &quot;nonactivatable&quot;.</description>
        </parameter>
        <parameter>
          <name>persistenceDir</name>
          <type>java.lang.String</type>
          <required>false</required>
          <editable>true</editable>
          <description>The directory to persist in process service data.</description>
        </parameter>
        <parameter>
          <name>protocol</name>
          <type>java.lang.String</type>
          <required>false</required>
          <editable>true</editable>
          <description>The protocol to use when marshalling objects to and from the service proxies. Currently, the supported protocols are &quot;jrmp&quot;, &quot;jeri&quot;, and &quot;jsse&quot; with &quot;jeri&quot; being the default.</description>
        </parameter>
        <parameter>
          <name>protocolHandlerPackages</name>
          <type>java.lang.String</type>
          <required>false</required>
          <editable>true</editable>
          <description>The package which contains the protocol handlers for this service.</description>
        </parameter>
        <parameter>
          <name>securityDebug</name>
          <type>boolean</type>
          <required>false</required>
          <editable>true</editable>
          <description>Whether Java security should be in debug mode or not.</description>
        </parameter>
        <parameter>
          <name>securityManager</name>
          <type>java.lang.String</type>
          <required>false</required>
          <editable>true</editable>
          <description>The security manager for the service.</description>
        </parameter>
        <parameter>
          <name>securityPolicy</name>
          <type>java.lang.String</type>
          <required>false</required>
          <editable>true</editable>
          <description>The security policy for the running service.</description>
        </parameter>
        <parameter>
          <name>securityProperties</name>
          <type>java.lang.String</type>
          <required>false</required>
          <editable>true</editable>
          <description>The security access control properties for each service.</description>
        </parameter>
        <parameter>
          <name>serverHost</name>
          <type>java.lang.String</type>
          <required>false</required>
          <editable>true</editable>
          <description>The host which this service will be launched on.</description>
        </parameter>
        <parameter>
          <name>serviceConfig</name>
          <type>java.lang.String</type>
          <required>false</required>
          <editable>true</editable>
          <description>The service runtime configuration based on the net.jini.config package interfaces.</description>
        </parameter>
        <parameter>
          <name>serviceDebug</name>
          <type>boolean</type>
          <required>false</required>
          <editable>true</editable>
          <description>Whether the Jini service should be in debug mode or not.</description>
        </parameter>
        <parameter>
          <name>sharedVMLog</name>
          <type>java.lang.String</type>
          <required>false</required>
          <editable>true</editable>
          <description>The log of the shared virtual machine in activatable mode.</description>
        </parameter>
        <parameter>
          <name>sslTrustStore</name>
          <type>java.lang.String</type>
          <required>false</required>
          <editable>true</editable>
          <description>The trust store to derive security properties from.</description>
        </parameter>
      </parameters>
      <configuration>
        <securityDebug implementation="boolean">${jiniSecurityDebug}</securityDebug>
        <protocol implementation="java.lang.String" default-value="jeri">${jiniProtocol}</protocol>
        <serverHost implementation="java.lang.String" default-value="localhost">${jiniServerHost}</serverHost>
        <securityProperties implementation="java.lang.String">${jiniSecurityProps}</securityProperties>
        <securityPolicy implementation="java.lang.String">${jiniSecurityPolicy}</securityPolicy>
        <loggingConfig implementation="java.lang.String">${jiniLoggingConfig}</loggingConfig>
        <codebasePort implementation="int" default-value="5464">${jiniCodebasePort}</codebasePort>
        <localRepository implementation="org.apache.maven.artifact.repository.ArtifactRepository">${localRepository}</localRepository>
        <serviceConfig implementation="java.lang.String">${jiniServiceConfig}</serviceConfig>
        <mode implementation="java.lang.String" default-value="transient">${jiniMode}</mode>
        <securityManager implementation="java.lang.String">${jiniSecurityManager}</securityManager>
        <groupConfig implementation="java.lang.String">${jiniGroupConfig}</groupConfig>
        <sharedVMLog implementation="java.lang.String">${jiniSharedVMLog}</sharedVMLog>
        <authLoginConfig implementation="java.lang.String">${jiniAuthLoginConfig}</authLoginConfig>
        <loggingManager implementation="java.lang.String" default-value="com.sun.jini.logging.LogManager">${jiniLoggingManager}</loggingManager>
        <codebaseHost implementation="java.lang.String" default-value="localhost">${jiniCodebaseHost}</codebaseHost>
        <persistenceDir implementation="java.lang.String">${jiniPersistDir}</persistenceDir>
        <serviceDebug implementation="boolean">${jiniServiceDebug}</serviceDebug>
        <loggingOn implementation="boolean">${jiniLoggingOn}</loggingOn>
        <protocolHandlerPackages implementation="java.lang.String" default-value="net.jini.url">${jiniProtocolHandlerPkgs}</protocolHandlerPackages>
        <sslTrustStore implementation="java.lang.String">${jiniSSLTruststore}</sslTrustStore>
        <jiniHome implementation="java.lang.String">${jiniHome}</jiniHome>
      </configuration>
    </mojo>
    <mojo>
      <goal>httpd</goal>
      <description></description>
      <requiresDirectInvocation>false</requiresDirectInvocation>
      <requiresProject>false</requiresProject>
      <requiresReports>false</requiresReports>
      <aggregator>false</aggregator>
      <requiresOnline>false</requiresOnline>
      <inheritedByDefault>true</inheritedByDefault>
      <implementation>org.jini.maven.plugin.HttpdLauncher</implementation>
      <language>java</language>
      <instantiationStrategy>per-lookup</instantiationStrategy>
      <executionStrategy>once-per-session</executionStrategy>
      <parameters>
        <parameter>
          <name>baseDirectory</name>
          <type>java.lang.String</type>
          <required>false</required>
          <editable>true</editable>
          <description>The base directory for delivering artifacts from.</description>
        </parameter>
        <parameter>
          <name>jiniHome</name>
          <type>java.lang.String</type>
          <required>false</required>
          <editable>true</editable>
          <description></description>
        </parameter>
        <parameter>
          <name>localRepository</name>
          <type>org.apache.maven.artifact.repository.ArtifactRepository</type>
          <required>false</required>
          <editable>true</editable>
          <description>The local Maven artifact repository.</description>
        </parameter>
        <parameter>
          <name>port</name>
          <type>int</type>
          <required>false</required>
          <editable>true</editable>
          <description>The port to run the HTTP daemon on.</description>
        </parameter>
      </parameters>
      <configuration>
        <localRepository implementation="org.apache.maven.artifact.repository.ArtifactRepository">${localRepository}</localRepository>
        <baseDirectory implementation="java.lang.String">${codebaseDir}</baseDirectory>
        <port implementation="int" default-value="5464">${codebasePort}</port>
        <jiniHome implementation="java.lang.String">${jiniHome}</jiniHome>
      </configuration>
    </mojo>
    <mojo>
      <goal>mahalo</goal>
      <description></description>
      <requiresDirectInvocation>false</requiresDirectInvocation>
      <requiresProject>false</requiresProject>
      <requiresReports>false</requiresReports>
      <aggregator>false</aggregator>
      <requiresOnline>false</requiresOnline>
      <inheritedByDefault>true</inheritedByDefault>
      <implementation>org.jini.maven.plugin.MahaloServiceLauncher</implementation>
      <language>java</language>
      <instantiationStrategy>per-lookup</instantiationStrategy>
      <executionStrategy>once-per-session</executionStrategy>
      <parameters>
        <parameter>
          <name>authLoginConfig</name>
          <type>java.lang.String</type>
          <required>false</required>
          <editable>true</editable>
          <description>Authentication configuration file for secure login.</description>
        </parameter>
        <parameter>
          <name>codebaseHost</name>
          <type>java.lang.String</type>
          <required>false</required>
          <editable>true</editable>
          <description>The host to download codebase artifacts from.</description>
        </parameter>
        <parameter>
          <name>codebasePort</name>
          <type>int</type>
          <required>false</required>
          <editable>true</editable>
          <description>The port on the codebase host to connect onto. The port number &apos;5464&apos; spells out &apos;jini&apos; on a traditional telephone keypad.</description>
        </parameter>
        <parameter>
          <name>groupConfig</name>
          <type>java.lang.String</type>
          <required>false</required>
          <editable>true</editable>
          <description>The service&apos;s group configuration file.</description>
        </parameter>
        <parameter>
          <name>jiniHome</name>
          <type>java.lang.String</type>
          <required>false</required>
          <editable>true</editable>
          <description>The Jini installation directory. This is dynamically created when not set to: &lt;i&gt;&lt;maven-local-repo&gt;/org/jini/maven-jini-plugin/resources/jini2_1&lt;/i&gt; except on Windows in which it is &lt;i&gt;C:\Java\jini2_1&lt;/i&gt; by default. This is due to problems with spaces in the default Maven local repository path and executing the Java runtime using java.lang.Runtime.exec().</description>
        </parameter>
        <parameter>
          <name>localRepository</name>
          <type>org.apache.maven.artifact.repository.ArtifactRepository</type>
          <required>false</required>
          <editable>true</editable>
          <description>The local Maven artifact repository.</description>
        </parameter>
        <parameter>
          <name>loggingConfig</name>
          <type>java.lang.String</type>
          <required>false</required>
          <editable>true</editable>
          <description>The logging configuration file for the log manager.</description>
        </parameter>
        <parameter>
          <name>loggingManager</name>
          <type>java.lang.String</type>
          <required>false</required>
          <editable>true</editable>
          <description>The log manager absolute implementation class for the service.</description>
        </parameter>
        <parameter>
          <name>loggingOn</name>
          <type>boolean</type>
          <required>false</required>
          <editable>true</editable>
          <description>Whether logging should be turned on.</description>
        </parameter>
        <parameter>
          <name>mode</name>
          <type>java.lang.String</type>
          <required>false</required>
          <editable>true</editable>
          <description>This indicates the stateful mode for this service&apos;s runtime configuration. The following modes are supported: &quot;transient&quot;, &quot;activatable&quot;, &quot;nonactivatable&quot;.</description>
        </parameter>
        <parameter>
          <name>persistenceDir</name>
          <type>java.lang.String</type>
          <required>false</required>
          <editable>true</editable>
          <description>The directory to persist in process service data.</description>
        </parameter>
        <parameter>
          <name>protocol</name>
          <type>java.lang.String</type>
          <required>false</required>
          <editable>true</editable>
          <description>The protocol to use when marshalling objects to and from the service proxies. Currently, the supported protocols are &quot;jrmp&quot;, &quot;jeri&quot;, and &quot;jsse&quot; with &quot;jeri&quot; being the default.</description>
        </parameter>
        <parameter>
          <name>protocolHandlerPackages</name>
          <type>java.lang.String</type>
          <required>false</required>
          <editable>true</editable>
          <description>The package which contains the protocol handlers for this service.</description>
        </parameter>
        <parameter>
          <name>securityDebug</name>
          <type>boolean</type>
          <required>false</required>
          <editable>true</editable>
          <description>Whether Java security should be in debug mode or not.</description>
        </parameter>
        <parameter>
          <name>securityManager</name>
          <type>java.lang.String</type>
          <required>false</required>
          <editable>true</editable>
          <description>The security manager for the service.</description>
        </parameter>
        <parameter>
          <name>securityPolicy</name>
          <type>java.lang.String</type>
          <required>false</required>
          <editable>true</editable>
          <description>The security policy for the running service.</description>
        </parameter>
        <parameter>
          <name>securityProperties</name>
          <type>java.lang.String</type>
          <required>false</required>
          <editable>true</editable>
          <description>The security access control properties for each service.</description>
        </parameter>
        <parameter>
          <name>serverHost</name>
          <type>java.lang.String</type>
          <required>false</required>
          <editable>true</editable>
          <description>The host which this service will be launched on.</description>
        </parameter>
        <parameter>
          <name>serviceConfig</name>
          <type>java.lang.String</type>
          <required>false</required>
          <editable>true</editable>
          <description>The service runtime configuration based on the net.jini.config package interfaces.</description>
        </parameter>
        <parameter>
          <name>serviceDebug</name>
          <type>boolean</type>
          <required>false</required>
          <editable>true</editable>
          <description>Whether the Jini service should be in debug mode or not.</description>
        </parameter>
        <parameter>
          <name>sharedVMLog</name>
          <type>java.lang.String</type>
          <required>false</required>
          <editable>true</editable>
          <description>The log of the shared virtual machine in activatable mode.</description>
        </parameter>
        <parameter>
          <name>sslTrustStore</name>
          <type>java.lang.String</type>
          <required>false</required>
          <editable>true</editable>
          <description>The trust store to derive security properties from.</description>
        </parameter>
      </parameters>
      <configuration>
        <securityDebug implementation="boolean">${jiniSecurityDebug}</securityDebug>
        <protocol implementation="java.lang.String" default-value="jeri">${jiniProtocol}</protocol>
        <serverHost implementation="java.lang.String" default-value="localhost">${jiniServerHost}</serverHost>
        <securityProperties implementation="java.lang.String">${jiniSecurityProps}</securityProperties>
        <securityPolicy implementation="java.lang.String">${jiniSecurityPolicy}</securityPolicy>
        <loggingConfig implementation="java.lang.String">${jiniLoggingConfig}</loggingConfig>
        <codebasePort implementation="int" default-value="5464">${jiniCodebasePort}</codebasePort>
        <localRepository implementation="org.apache.maven.artifact.repository.ArtifactRepository">${localRepository}</localRepository>
        <serviceConfig implementation="java.lang.String">${jiniServiceConfig}</serviceConfig>
        <mode implementation="java.lang.String" default-value="transient">${jiniMode}</mode>
        <securityManager implementation="java.lang.String">${jiniSecurityManager}</securityManager>
        <groupConfig implementation="java.lang.String">${jiniGroupConfig}</groupConfig>
        <sharedVMLog implementation="java.lang.String">${jiniSharedVMLog}</sharedVMLog>
        <authLoginConfig implementation="java.lang.String">${jiniAuthLoginConfig}</authLoginConfig>
        <loggingManager implementation="java.lang.String" default-value="com.sun.jini.logging.LogManager">${jiniLoggingManager}</loggingManager>
        <codebaseHost implementation="java.lang.String" default-value="localhost">${jiniCodebaseHost}</codebaseHost>
        <persistenceDir implementation="java.lang.String">${jiniPersistDir}</persistenceDir>
        <serviceDebug implementation="boolean">${jiniServiceDebug}</serviceDebug>
        <loggingOn implementation="boolean">${jiniLoggingOn}</loggingOn>
        <protocolHandlerPackages implementation="java.lang.String" default-value="net.jini.url">${jiniProtocolHandlerPkgs}</protocolHandlerPackages>
        <sslTrustStore implementation="java.lang.String">${jiniSSLTruststore}</sslTrustStore>
        <jiniHome implementation="java.lang.String">${jiniHome}</jiniHome>
      </configuration>
    </mojo>
    <mojo>
      <goal>mercury</goal>
      <description></description>
      <requiresDirectInvocation>false</requiresDirectInvocation>
      <requiresProject>false</requiresProject>
      <requiresReports>false</requiresReports>
      <aggregator>false</aggregator>
      <requiresOnline>false</requiresOnline>
      <inheritedByDefault>true</inheritedByDefault>
      <implementation>org.jini.maven.plugin.MercuryServiceLauncher</implementation>
      <language>java</language>
      <instantiationStrategy>per-lookup</instantiationStrategy>
      <executionStrategy>once-per-session</executionStrategy>
      <parameters>
        <parameter>
          <name>authLoginConfig</name>
          <type>java.lang.String</type>
          <required>false</required>
          <editable>true</editable>
          <description>Authentication configuration file for secure login.</description>
        </parameter>
        <parameter>
          <name>codebaseHost</name>
          <type>java.lang.String</type>
          <required>false</required>
          <editable>true</editable>
          <description>The host to download codebase artifacts from.</description>
        </parameter>
        <parameter>
          <name>codebasePort</name>
          <type>int</type>
          <required>false</required>
          <editable>true</editable>
          <description>The port on the codebase host to connect onto. The port number &apos;5464&apos; spells out &apos;jini&apos; on a traditional telephone keypad.</description>
        </parameter>
        <parameter>
          <name>groupConfig</name>
          <type>java.lang.String</type>
          <required>false</required>
          <editable>true</editable>
          <description>The service&apos;s group configuration file.</description>
        </parameter>
        <parameter>
          <name>jiniHome</name>
          <type>java.lang.String</type>
          <required>false</required>
          <editable>true</editable>
          <description>The Jini installation directory. This is dynamically created when not set to: &lt;i&gt;&lt;maven-local-repo&gt;/org/jini/maven-jini-plugin/resources/jini2_1&lt;/i&gt; except on Windows in which it is &lt;i&gt;C:\Java\jini2_1&lt;/i&gt; by default. This is due to problems with spaces in the default Maven local repository path and executing the Java runtime using java.lang.Runtime.exec().</description>
        </parameter>
        <parameter>
          <name>localRepository</name>
          <type>org.apache.maven.artifact.repository.ArtifactRepository</type>
          <required>false</required>
          <editable>true</editable>
          <description>The local Maven artifact repository.</description>
        </parameter>
        <parameter>
          <name>loggingConfig</name>
          <type>java.lang.String</type>
          <required>false</required>
          <editable>true</editable>
          <description>The logging configuration file for the log manager.</description>
        </parameter>
        <parameter>
          <name>loggingManager</name>
          <type>java.lang.String</type>
          <required>false</required>
          <editable>true</editable>
          <description>The log manager absolute implementation class for the service.</description>
        </parameter>
        <parameter>
          <name>loggingOn</name>
          <type>boolean</type>
          <required>false</required>
          <editable>true</editable>
          <description>Whether logging should be turned on.</description>
        </parameter>
        <parameter>
          <name>mode</name>
          <type>java.lang.String</type>
          <required>false</required>
          <editable>true</editable>
          <description>This indicates the stateful mode for this service&apos;s runtime configuration. The following modes are supported: &quot;transient&quot;, &quot;activatable&quot;, &quot;nonactivatable&quot;.</description>
        </parameter>
        <parameter>
          <name>persistenceDir</name>
          <type>java.lang.String</type>
          <required>false</required>
          <editable>true</editable>
          <description>The directory to persist in process service data.</description>
        </parameter>
        <parameter>
          <name>protocol</name>
          <type>java.lang.String</type>
          <required>false</required>
          <editable>true</editable>
          <description>The protocol to use when marshalling objects to and from the service proxies. Currently, the supported protocols are &quot;jrmp&quot;, &quot;jeri&quot;, and &quot;jsse&quot; with &quot;jeri&quot; being the default.</description>
        </parameter>
        <parameter>
          <name>protocolHandlerPackages</name>
          <type>java.lang.String</type>
          <required>false</required>
          <editable>true</editable>
          <description>The package which contains the protocol handlers for this service.</description>
        </parameter>
        <parameter>
          <name>securityDebug</name>
          <type>boolean</type>
          <required>false</required>
          <editable>true</editable>
          <description>Whether Java security should be in debug mode or not.</description>
        </parameter>
        <parameter>
          <name>securityManager</name>
          <type>java.lang.String</type>
          <required>false</required>
          <editable>true</editable>
          <description>The security manager for the service.</description>
        </parameter>
        <parameter>
          <name>securityPolicy</name>
          <type>java.lang.String</type>
          <required>false</required>
          <editable>true</editable>
          <description>The security policy for the running service.</description>
        </parameter>
        <parameter>
          <name>securityProperties</name>
          <type>java.lang.String</type>
          <required>false</required>
          <editable>true</editable>
          <description>The security access control properties for each service.</description>
        </parameter>
        <parameter>
          <name>serverHost</name>
          <type>java.lang.String</type>
          <required>false</required>
          <editable>true</editable>
          <description>The host which this service will be launched on.</description>
        </parameter>
        <parameter>
          <name>serviceConfig</name>
          <type>java.lang.String</type>
          <required>false</required>
          <editable>true</editable>
          <description>The service runtime configuration based on the net.jini.config package interfaces.</description>
        </parameter>
        <parameter>
          <name>serviceDebug</name>
          <type>boolean</type>
          <required>false</required>
          <editable>true</editable>
          <description>Whether the Jini service should be in debug mode or not.</description>
        </parameter>
        <parameter>
          <name>sharedVMLog</name>
          <type>java.lang.String</type>
          <required>false</required>
          <editable>true</editable>
          <description>The log of the shared virtual machine in activatable mode.</description>
        </parameter>
        <parameter>
          <name>sslTrustStore</name>
          <type>java.lang.String</type>
          <required>false</required>
          <editable>true</editable>
          <description>The trust store to derive security properties from.</description>
        </parameter>
      </parameters>
      <configuration>
        <securityDebug implementation="boolean">${jiniSecurityDebug}</securityDebug>
        <protocol implementation="java.lang.String" default-value="jeri">${jiniProtocol}</protocol>
        <serverHost implementation="java.lang.String" default-value="localhost">${jiniServerHost}</serverHost>
        <securityProperties implementation="java.lang.String">${jiniSecurityProps}</securityProperties>
        <securityPolicy implementation="java.lang.String">${jiniSecurityPolicy}</securityPolicy>
        <loggingConfig implementation="java.lang.String">${jiniLoggingConfig}</loggingConfig>
        <codebasePort implementation="int" default-value="5464">${jiniCodebasePort}</codebasePort>
        <localRepository implementation="org.apache.maven.artifact.repository.ArtifactRepository">${localRepository}</localRepository>
        <serviceConfig implementation="java.lang.String">${jiniServiceConfig}</serviceConfig>
        <mode implementation="java.lang.String" default-value="transient">${jiniMode}</mode>
        <securityManager implementation="java.lang.String">${jiniSecurityManager}</securityManager>
        <groupConfig implementation="java.lang.String">${jiniGroupConfig}</groupConfig>
        <sharedVMLog implementation="java.lang.String">${jiniSharedVMLog}</sharedVMLog>
        <authLoginConfig implementation="java.lang.String">${jiniAuthLoginConfig}</authLoginConfig>
        <loggingManager implementation="java.lang.String" default-value="com.sun.jini.logging.LogManager">${jiniLoggingManager}</loggingManager>
        <codebaseHost implementation="java.lang.String" default-value="localhost">${jiniCodebaseHost}</codebaseHost>
        <persistenceDir implementation="java.lang.String">${jiniPersistDir}</persistenceDir>
        <serviceDebug implementation="boolean">${jiniServiceDebug}</serviceDebug>
        <loggingOn implementation="boolean">${jiniLoggingOn}</loggingOn>
        <protocolHandlerPackages implementation="java.lang.String" default-value="net.jini.url">${jiniProtocolHandlerPkgs}</protocolHandlerPackages>
        <sslTrustStore implementation="java.lang.String">${jiniSSLTruststore}</sslTrustStore>
        <jiniHome implementation="java.lang.String">${jiniHome}</jiniHome>
      </configuration>
    </mojo>
    <mojo>
      <goal>norm</goal>
      <description></description>
      <requiresDirectInvocation>false</requiresDirectInvocation>
      <requiresProject>false</requiresProject>
      <requiresReports>false</requiresReports>
      <aggregator>false</aggregator>
      <requiresOnline>false</requiresOnline>
      <inheritedByDefault>true</inheritedByDefault>
      <implementation>org.jini.maven.plugin.NormServiceLauncher</implementation>
      <language>java</language>
      <instantiationStrategy>per-lookup</instantiationStrategy>
      <executionStrategy>once-per-session</executionStrategy>
      <parameters>
        <parameter>
          <name>authLoginConfig</name>
          <type>java.lang.String</type>
          <required>false</required>
          <editable>true</editable>
          <description>Authentication configuration file for secure login.</description>
        </parameter>
        <parameter>
          <name>codebaseHost</name>
          <type>java.lang.String</type>
          <required>false</required>
          <editable>true</editable>
          <description>The host to download codebase artifacts from.</description>
        </parameter>
        <parameter>
          <name>codebasePort</name>
          <type>int</type>
          <required>false</required>
          <editable>true</editable>
          <description>The port on the codebase host to connect onto. The port number &apos;5464&apos; spells out &apos;jini&apos; on a traditional telephone keypad.</description>
        </parameter>
        <parameter>
          <name>groupConfig</name>
          <type>java.lang.String</type>
          <required>false</required>
          <editable>true</editable>
          <description>The service&apos;s group configuration file.</description>
        </parameter>
        <parameter>
          <name>jiniHome</name>
          <type>java.lang.String</type>
          <required>false</required>
          <editable>true</editable>
          <description>The Jini installation directory. This is dynamically created when not set to: &lt;i&gt;&lt;maven-local-repo&gt;/org/jini/maven-jini-plugin/resources/jini2_1&lt;/i&gt; except on Windows in which it is &lt;i&gt;C:\Java\jini2_1&lt;/i&gt; by default. This is due to problems with spaces in the default Maven local repository path and executing the Java runtime using java.lang.Runtime.exec().</description>
        </parameter>
        <parameter>
          <name>localRepository</name>
          <type>org.apache.maven.artifact.repository.ArtifactRepository</type>
          <required>false</required>
          <editable>true</editable>
          <description>The local Maven artifact repository.</description>
        </parameter>
        <parameter>
          <name>loggingConfig</name>
          <type>java.lang.String</type>
          <required>false</required>
          <editable>true</editable>
          <description>The logging configuration file for the log manager.</description>
        </parameter>
        <parameter>
          <name>loggingManager</name>
          <type>java.lang.String</type>
          <required>false</required>
          <editable>true</editable>
          <description>The log manager absolute implementation class for the service.</description>
        </parameter>
        <parameter>
          <name>loggingOn</name>
          <type>boolean</type>
          <required>false</required>
          <editable>true</editable>
          <description>Whether logging should be turned on.</description>
        </parameter>
        <parameter>
          <name>mode</name>
          <type>java.lang.String</type>
          <required>false</required>
          <editable>true</editable>
          <description>This indicates the stateful mode for this service&apos;s runtime configuration. The following modes are supported: &quot;transient&quot;, &quot;activatable&quot;, &quot;nonactivatable&quot;.</description>
        </parameter>
        <parameter>
          <name>persistenceDir</name>
          <type>java.lang.String</type>
          <required>false</required>
          <editable>true</editable>
          <description>The directory to persist in process service data.</description>
        </parameter>
        <parameter>
          <name>protocol</name>
          <type>java.lang.String</type>
          <required>false</required>
          <editable>true</editable>
          <description>The protocol to use when marshalling objects to and from the service proxies. Currently, the supported protocols are &quot;jrmp&quot;, &quot;jeri&quot;, and &quot;jsse&quot; with &quot;jeri&quot; being the default.</description>
        </parameter>
        <parameter>
          <name>protocolHandlerPackages</name>
          <type>java.lang.String</type>
          <required>false</required>
          <editable>true</editable>
          <description>The package which contains the protocol handlers for this service.</description>
        </parameter>
        <parameter>
          <name>securityDebug</name>
          <type>boolean</type>
          <required>false</required>
          <editable>true</editable>
          <description>Whether Java security should be in debug mode or not.</description>
        </parameter>
        <parameter>
          <name>securityManager</name>
          <type>java.lang.String</type>
          <required>false</required>
          <editable>true</editable>
          <description>The security manager for the service.</description>
        </parameter>
        <parameter>
          <name>securityPolicy</name>
          <type>java.lang.String</type>
          <required>false</required>
          <editable>true</editable>
          <description>The security policy for the running service.</description>
        </parameter>
        <parameter>
          <name>securityProperties</name>
          <type>java.lang.String</type>
          <required>false</required>
          <editable>true</editable>
          <description>The security access control properties for each service.</description>
        </parameter>
        <parameter>
          <name>serverHost</name>
          <type>java.lang.String</type>
          <required>false</required>
          <editable>true</editable>
          <description>The host which this service will be launched on.</description>
        </parameter>
        <parameter>
          <name>serviceConfig</name>
          <type>java.lang.String</type>
          <required>false</required>
          <editable>true</editable>
          <description>The service runtime configuration based on the net.jini.config package interfaces.</description>
        </parameter>
        <parameter>
          <name>serviceDebug</name>
          <type>boolean</type>
          <required>false</required>
          <editable>true</editable>
          <description>Whether the Jini service should be in debug mode or not.</description>
        </parameter>
        <parameter>
          <name>sharedVMLog</name>
          <type>java.lang.String</type>
          <required>false</required>
          <editable>true</editable>
          <description>The log of the shared virtual machine in activatable mode.</description>
        </parameter>
        <parameter>
          <name>sslTrustStore</name>
          <type>java.lang.String</type>
          <required>false</required>
          <editable>true</editable>
          <description>The trust store to derive security properties from.</description>
        </parameter>
      </parameters>
      <configuration>
        <securityDebug implementation="boolean">${jiniSecurityDebug}</securityDebug>
        <protocol implementation="java.lang.String" default-value="jeri">${jiniProtocol}</protocol>
        <serverHost implementation="java.lang.String" default-value="localhost">${jiniServerHost}</serverHost>
        <securityProperties implementation="java.lang.String">${jiniSecurityProps}</securityProperties>
        <securityPolicy implementation="java.lang.String">${jiniSecurityPolicy}</securityPolicy>
        <loggingConfig implementation="java.lang.String">${jiniLoggingConfig}</loggingConfig>
        <codebasePort implementation="int" default-value="5464">${jiniCodebasePort}</codebasePort>
        <localRepository implementation="org.apache.maven.artifact.repository.ArtifactRepository">${localRepository}</localRepository>
        <serviceConfig implementation="java.lang.String">${jiniServiceConfig}</serviceConfig>
        <mode implementation="java.lang.String" default-value="transient">${jiniMode}</mode>
        <securityManager implementation="java.lang.String">${jiniSecurityManager}</securityManager>
        <groupConfig implementation="java.lang.String">${jiniGroupConfig}</groupConfig>
        <sharedVMLog implementation="java.lang.String">${jiniSharedVMLog}</sharedVMLog>
        <authLoginConfig implementation="java.lang.String">${jiniAuthLoginConfig}</authLoginConfig>
        <loggingManager implementation="java.lang.String" default-value="com.sun.jini.logging.LogManager">${jiniLoggingManager}</loggingManager>
        <codebaseHost implementation="java.lang.String" default-value="localhost">${jiniCodebaseHost}</codebaseHost>
        <persistenceDir implementation="java.lang.String">${jiniPersistDir}</persistenceDir>
        <serviceDebug implementation="boolean">${jiniServiceDebug}</serviceDebug>
        <loggingOn implementation="boolean">${jiniLoggingOn}</loggingOn>
        <protocolHandlerPackages implementation="java.lang.String" default-value="net.jini.url">${jiniProtocolHandlerPkgs}</protocolHandlerPackages>
        <sslTrustStore implementation="java.lang.String">${jiniSSLTruststore}</sslTrustStore>
        <jiniHome implementation="java.lang.String">${jiniHome}</jiniHome>
      </configuration>
    </mojo>
    <mojo>
      <goal>outrigger</goal>
      <description></description>
      <requiresDirectInvocation>false</requiresDirectInvocation>
      <requiresProject>false</requiresProject>
      <requiresReports>false</requiresReports>
      <aggregator>false</aggregator>
      <requiresOnline>false</requiresOnline>
      <inheritedByDefault>true</inheritedByDefault>
      <implementation>org.jini.maven.plugin.OutriggerServiceLauncher</implementation>
      <language>java</language>
      <instantiationStrategy>per-lookup</instantiationStrategy>
      <executionStrategy>once-per-session</executionStrategy>
      <parameters>
        <parameter>
          <name>authLoginConfig</name>
          <type>java.lang.String</type>
          <required>false</required>
          <editable>true</editable>
          <description>Authentication configuration file for secure login.</description>
        </parameter>
        <parameter>
          <name>codebaseHost</name>
          <type>java.lang.String</type>
          <required>false</required>
          <editable>true</editable>
          <description>The host to download codebase artifacts from.</description>
        </parameter>
        <parameter>
          <name>codebasePort</name>
          <type>int</type>
          <required>false</required>
          <editable>true</editable>
          <description>The port on the codebase host to connect onto. The port number &apos;5464&apos; spells out &apos;jini&apos; on a traditional telephone keypad.</description>
        </parameter>
        <parameter>
          <name>groupConfig</name>
          <type>java.lang.String</type>
          <required>false</required>
          <editable>true</editable>
          <description>The service&apos;s group configuration file.</description>
        </parameter>
        <parameter>
          <name>jiniHome</name>
          <type>java.lang.String</type>
          <required>false</required>
          <editable>true</editable>
          <description>The Jini installation directory. This is dynamically created when not set to: &lt;i&gt;&lt;maven-local-repo&gt;/org/jini/maven-jini-plugin/resources/jini2_1&lt;/i&gt; except on Windows in which it is &lt;i&gt;C:\Java\jini2_1&lt;/i&gt; by default. This is due to problems with spaces in the default Maven local repository path and executing the Java runtime using java.lang.Runtime.exec().</description>
        </parameter>
        <parameter>
          <name>localRepository</name>
          <type>org.apache.maven.artifact.repository.ArtifactRepository</type>
          <required>false</required>
          <editable>true</editable>
          <description>The local Maven artifact repository.</description>
        </parameter>
        <parameter>
          <name>loggingConfig</name>
          <type>java.lang.String</type>
          <required>false</required>
          <editable>true</editable>
          <description>The logging configuration file for the log manager.</description>
        </parameter>
        <parameter>
          <name>loggingManager</name>
          <type>java.lang.String</type>
          <required>false</required>
          <editable>true</editable>
          <description>The log manager absolute implementation class for the service.</description>
        </parameter>
        <parameter>
          <name>loggingOn</name>
          <type>boolean</type>
          <required>false</required>
          <editable>true</editable>
          <description>Whether logging should be turned on.</description>
        </parameter>
        <parameter>
          <name>mode</name>
          <type>java.lang.String</type>
          <required>false</required>
          <editable>true</editable>
          <description>This indicates the stateful mode for this service&apos;s runtime configuration. The following modes are supported: &quot;transient&quot;, &quot;activatable&quot;, &quot;nonactivatable&quot;.</description>
        </parameter>
        <parameter>
          <name>persistenceDir</name>
          <type>java.lang.String</type>
          <required>false</required>
          <editable>true</editable>
          <description>The directory to persist in process service data.</description>
        </parameter>
        <parameter>
          <name>protocol</name>
          <type>java.lang.String</type>
          <required>false</required>
          <editable>true</editable>
          <description>The protocol to use when marshalling objects to and from the service proxies. Currently, the supported protocols are &quot;jrmp&quot;, &quot;jeri&quot;, and &quot;jsse&quot; with &quot;jeri&quot; being the default.</description>
        </parameter>
        <parameter>
          <name>protocolHandlerPackages</name>
          <type>java.lang.String</type>
          <required>false</required>
          <editable>true</editable>
          <description>The package which contains the protocol handlers for this service.</description>
        </parameter>
        <parameter>
          <name>securityDebug</name>
          <type>boolean</type>
          <required>false</required>
          <editable>true</editable>
          <description>Whether Java security should be in debug mode or not.</description>
        </parameter>
        <parameter>
          <name>securityManager</name>
          <type>java.lang.String</type>
          <required>false</required>
          <editable>true</editable>
          <description>The security manager for the service.</description>
        </parameter>
        <parameter>
          <name>securityPolicy</name>
          <type>java.lang.String</type>
          <required>false</required>
          <editable>true</editable>
          <description>The security policy for the running service.</description>
        </parameter>
        <parameter>
          <name>securityProperties</name>
          <type>java.lang.String</type>
          <required>false</required>
          <editable>true</editable>
          <description>The security access control properties for each service.</description>
        </parameter>
        <parameter>
          <name>serverHost</name>
          <type>java.lang.String</type>
          <required>false</required>
          <editable>true</editable>
          <description>The host which this service will be launched on.</description>
        </parameter>
        <parameter>
          <name>serviceConfig</name>
          <type>java.lang.String</type>
          <required>false</required>
          <editable>true</editable>
          <description>The service runtime configuration based on the net.jini.config package interfaces.</description>
        </parameter>
        <parameter>
          <name>serviceDebug</name>
          <type>boolean</type>
          <required>false</required>
          <editable>true</editable>
          <description>Whether the Jini service should be in debug mode or not.</description>
        </parameter>
        <parameter>
          <name>sharedVMLog</name>
          <type>java.lang.String</type>
          <required>false</required>
          <editable>true</editable>
          <description>The log of the shared virtual machine in activatable mode.</description>
        </parameter>
        <parameter>
          <name>sslTrustStore</name>
          <type>java.lang.String</type>
          <required>false</required>
          <editable>true</editable>
          <description>The trust store to derive security properties from.</description>
        </parameter>
      </parameters>
      <configuration>
        <securityDebug implementation="boolean">${jiniSecurityDebug}</securityDebug>
        <protocol implementation="java.lang.String" default-value="jeri">${jiniProtocol}</protocol>
        <serverHost implementation="java.lang.String" default-value="localhost">${jiniServerHost}</serverHost>
        <securityProperties implementation="java.lang.String">${jiniSecurityProps}</securityProperties>
        <securityPolicy implementation="java.lang.String">${jiniSecurityPolicy}</securityPolicy>
        <loggingConfig implementation="java.lang.String">${jiniLoggingConfig}</loggingConfig>
        <codebasePort implementation="int" default-value="5464">${jiniCodebasePort}</codebasePort>
        <localRepository implementation="org.apache.maven.artifact.repository.ArtifactRepository">${localRepository}</localRepository>
        <serviceConfig implementation="java.lang.String">${jiniServiceConfig}</serviceConfig>
        <mode implementation="java.lang.String" default-value="transient">${jiniMode}</mode>
        <securityManager implementation="java.lang.String">${jiniSecurityManager}</securityManager>
        <groupConfig implementation="java.lang.String">${jiniGroupConfig}</groupConfig>
        <sharedVMLog implementation="java.lang.String">${jiniSharedVMLog}</sharedVMLog>
        <authLoginConfig implementation="java.lang.String">${jiniAuthLoginConfig}</authLoginConfig>
        <loggingManager implementation="java.lang.String" default-value="com.sun.jini.logging.LogManager">${jiniLoggingManager}</loggingManager>
        <codebaseHost implementation="java.lang.String" default-value="localhost">${jiniCodebaseHost}</codebaseHost>
        <persistenceDir implementation="java.lang.String">${jiniPersistDir}</persistenceDir>
        <serviceDebug implementation="boolean">${jiniServiceDebug}</serviceDebug>
        <loggingOn implementation="boolean">${jiniLoggingOn}</loggingOn>
        <protocolHandlerPackages implementation="java.lang.String" default-value="net.jini.url">${jiniProtocolHandlerPkgs}</protocolHandlerPackages>
        <sslTrustStore implementation="java.lang.String">${jiniSSLTruststore}</sslTrustStore>
        <jiniHome implementation="java.lang.String">${jiniHome}</jiniHome>
      </configuration>
    </mojo>
    <mojo>
      <goal>phoenix</goal>
      <description></description>
      <requiresDirectInvocation>false</requiresDirectInvocation>
      <requiresProject>false</requiresProject>
      <requiresReports>false</requiresReports>
      <aggregator>false</aggregator>
      <requiresOnline>false</requiresOnline>
      <inheritedByDefault>true</inheritedByDefault>
      <implementation>org.jini.maven.plugin.PhoenixLauncher</implementation>
      <language>java</language>
      <instantiationStrategy>per-lookup</instantiationStrategy>
      <executionStrategy>once-per-session</executionStrategy>
      <parameters>
        <parameter>
          <name>authLoginConfig</name>
          <type>java.lang.String</type>
          <required>false</required>
          <editable>true</editable>
          <description>Authentication configuration file for secure login.</description>
        </parameter>
        <parameter>
          <name>codebaseHost</name>
          <type>java.lang.String</type>
          <required>false</required>
          <editable>true</editable>
          <description>The host to download codebase artifacts from.</description>
        </parameter>
        <parameter>
          <name>codebasePort</name>
          <type>int</type>
          <required>false</required>
          <editable>true</editable>
          <description>The port on the codebase host to connect onto. The port number &apos;5464&apos; spells out &apos;jini&apos; on a traditional telephone keypad.</description>
        </parameter>
        <parameter>
          <name>groupConfig</name>
          <type>java.lang.String</type>
          <required>false</required>
          <editable>true</editable>
          <description>The service&apos;s group configuration file.</description>
        </parameter>
        <parameter>
          <name>jiniHome</name>
          <type>java.lang.String</type>
          <required>false</required>
          <editable>true</editable>
          <description>The Jini installation directory. This is dynamically created when not set to: &lt;i&gt;&lt;maven-local-repo&gt;/org/jini/maven-jini-plugin/resources/jini2_1&lt;/i&gt; except on Windows in which it is &lt;i&gt;C:\Java\jini2_1&lt;/i&gt; by default. This is due to problems with spaces in the default Maven local repository path and executing the Java runtime using java.lang.Runtime.exec().</description>
        </parameter>
        <parameter>
          <name>localRepository</name>
          <type>org.apache.maven.artifact.repository.ArtifactRepository</type>
          <required>false</required>
          <editable>true</editable>
          <description>The local Maven artifact repository.</description>
        </parameter>
        <parameter>
          <name>loggingConfig</name>
          <type>java.lang.String</type>
          <required>false</required>
          <editable>true</editable>
          <description>The logging configuration file for the log manager.</description>
        </parameter>
        <parameter>
          <name>loggingManager</name>
          <type>java.lang.String</type>
          <required>false</required>
          <editable>true</editable>
          <description>The log manager absolute implementation class for the service.</description>
        </parameter>
        <parameter>
          <name>loggingOn</name>
          <type>boolean</type>
          <required>false</required>
          <editable>true</editable>
          <description>Whether logging should be turned on.</description>
        </parameter>
        <parameter>
          <name>mode</name>
          <type>java.lang.String</type>
          <required>false</required>
          <editable>true</editable>
          <description>This indicates the stateful mode for this service&apos;s runtime configuration. The following modes are supported: &quot;transient&quot;, &quot;activatable&quot;, &quot;nonactivatable&quot;.</description>
        </parameter>
        <parameter>
          <name>persistenceDir</name>
          <type>java.lang.String</type>
          <required>false</required>
          <editable>true</editable>
          <description>The directory to persist in process service data.</description>
        </parameter>
        <parameter>
          <name>protocol</name>
          <type>java.lang.String</type>
          <required>false</required>
          <editable>true</editable>
          <description>The protocol to use when marshalling objects to and from the service proxies. Currently, the supported protocols are &quot;jrmp&quot;, &quot;jeri&quot;, and &quot;jsse&quot; with &quot;jeri&quot; being the default.</description>
        </parameter>
        <parameter>
          <name>protocolHandlerPackages</name>
          <type>java.lang.String</type>
          <required>false</required>
          <editable>true</editable>
          <description>The package which contains the protocol handlers for this service.</description>
        </parameter>
        <parameter>
          <name>securityDebug</name>
          <type>boolean</type>
          <required>false</required>
          <editable>true</editable>
          <description>Whether Java security should be in debug mode or not.</description>
        </parameter>
        <parameter>
          <name>securityManager</name>
          <type>java.lang.String</type>
          <required>false</required>
          <editable>true</editable>
          <description>The security manager for the service.</description>
        </parameter>
        <parameter>
          <name>securityPolicy</name>
          <type>java.lang.String</type>
          <required>false</required>
          <editable>true</editable>
          <description>The security policy for the running service.</description>
        </parameter>
        <parameter>
          <name>securityProperties</name>
          <type>java.lang.String</type>
          <required>false</required>
          <editable>true</editable>
          <description>The security access control properties for each service.</description>
        </parameter>
        <parameter>
          <name>serverHost</name>
          <type>java.lang.String</type>
          <required>false</required>
          <editable>true</editable>
          <description>The host which this service will be launched on.</description>
        </parameter>
        <parameter>
          <name>serviceConfig</name>
          <type>java.lang.String</type>
          <required>false</required>
          <editable>true</editable>
          <description>The service runtime configuration based on the net.jini.config package interfaces.</description>
        </parameter>
        <parameter>
          <name>serviceDebug</name>
          <type>boolean</type>
          <required>false</required>
          <editable>true</editable>
          <description>Whether the Jini service should be in debug mode or not.</description>
        </parameter>
        <parameter>
          <name>sharedVMLog</name>
          <type>java.lang.String</type>
          <required>false</required>
          <editable>true</editable>
          <description>The log of the shared virtual machine in activatable mode.</description>
        </parameter>
        <parameter>
          <name>sslTrustStore</name>
          <type>java.lang.String</type>
          <required>false</required>
          <editable>true</editable>
          <description>The trust store to derive security properties from.</description>
        </parameter>
      </parameters>
      <configuration>
        <securityDebug implementation="boolean">${jiniSecurityDebug}</securityDebug>
        <protocol implementation="java.lang.String" default-value="jeri">${jiniProtocol}</protocol>
        <serverHost implementation="java.lang.String" default-value="localhost">${jiniServerHost}</serverHost>
        <securityProperties implementation="java.lang.String">${jiniSecurityProps}</securityProperties>
        <securityPolicy implementation="java.lang.String">${jiniSecurityPolicy}</securityPolicy>
        <loggingConfig implementation="java.lang.String">${jiniLoggingConfig}</loggingConfig>
        <codebasePort implementation="int" default-value="5464">${jiniCodebasePort}</codebasePort>
        <localRepository implementation="org.apache.maven.artifact.repository.ArtifactRepository">${localRepository}</localRepository>
        <serviceConfig implementation="java.lang.String">${jiniServiceConfig}</serviceConfig>
        <mode implementation="java.lang.String" default-value="transient">${jiniMode}</mode>
        <securityManager implementation="java.lang.String">${jiniSecurityManager}</securityManager>
        <groupConfig implementation="java.lang.String">${jiniGroupConfig}</groupConfig>
        <sharedVMLog implementation="java.lang.String">${jiniSharedVMLog}</sharedVMLog>
        <authLoginConfig implementation="java.lang.String">${jiniAuthLoginConfig}</authLoginConfig>
        <loggingManager implementation="java.lang.String" default-value="com.sun.jini.logging.LogManager">${jiniLoggingManager}</loggingManager>
        <codebaseHost implementation="java.lang.String" default-value="localhost">${jiniCodebaseHost}</codebaseHost>
        <persistenceDir implementation="java.lang.String">${jiniPersistDir}</persistenceDir>
        <serviceDebug implementation="boolean">${jiniServiceDebug}</serviceDebug>
        <loggingOn implementation="boolean">${jiniLoggingOn}</loggingOn>
        <protocolHandlerPackages implementation="java.lang.String" default-value="net.jini.url">${jiniProtocolHandlerPkgs}</protocolHandlerPackages>
        <sslTrustStore implementation="java.lang.String">${jiniSSLTruststore}</sslTrustStore>
        <jiniHome implementation="java.lang.String">${jiniHome}</jiniHome>
      </configuration>
    </mojo>
    <mojo>
      <goal>reggie</goal>
      <description></description>
      <requiresDirectInvocation>false</requiresDirectInvocation>
      <requiresProject>false</requiresProject>
      <requiresReports>false</requiresReports>
      <aggregator>false</aggregator>
      <requiresOnline>false</requiresOnline>
      <inheritedByDefault>true</inheritedByDefault>
      <implementation>org.jini.maven.plugin.ReggieServiceLauncher</implementation>
      <language>java</language>
      <instantiationStrategy>per-lookup</instantiationStrategy>
      <executionStrategy>once-per-session</executionStrategy>
      <parameters>
        <parameter>
          <name>authLoginConfig</name>
          <type>java.lang.String</type>
          <required>false</required>
          <editable>true</editable>
          <description>Authentication configuration file for secure login.</description>
        </parameter>
        <parameter>
          <name>codebaseHost</name>
          <type>java.lang.String</type>
          <required>false</required>
          <editable>true</editable>
          <description>The host to download codebase artifacts from.</description>
        </parameter>
        <parameter>
          <name>codebasePort</name>
          <type>int</type>
          <required>false</required>
          <editable>true</editable>
          <description>The port on the codebase host to connect onto. The port number &apos;5464&apos; spells out &apos;jini&apos; on a traditional telephone keypad.</description>
        </parameter>
        <parameter>
          <name>groupConfig</name>
          <type>java.lang.String</type>
          <required>false</required>
          <editable>true</editable>
          <description>The service&apos;s group configuration file.</description>
        </parameter>
        <parameter>
          <name>jiniHome</name>
          <type>java.lang.String</type>
          <required>false</required>
          <editable>true</editable>
          <description>The Jini installation directory. This is dynamically created when not set to: &lt;i&gt;&lt;maven-local-repo&gt;/org/jini/maven-jini-plugin/resources/jini2_1&lt;/i&gt; except on Windows in which it is &lt;i&gt;C:\Java\jini2_1&lt;/i&gt; by default. This is due to problems with spaces in the default Maven local repository path and executing the Java runtime using java.lang.Runtime.exec().</description>
        </parameter>
        <parameter>
          <name>localRepository</name>
          <type>org.apache.maven.artifact.repository.ArtifactRepository</type>
          <required>false</required>
          <editable>true</editable>
          <description>The local Maven artifact repository.</description>
        </parameter>
        <parameter>
          <name>loggingConfig</name>
          <type>java.lang.String</type>
          <required>false</required>
          <editable>true</editable>
          <description>The logging configuration file for the log manager.</description>
        </parameter>
        <parameter>
          <name>loggingManager</name>
          <type>java.lang.String</type>
          <required>false</required>
          <editable>true</editable>
          <description>The log manager absolute implementation class for the service.</description>
        </parameter>
        <parameter>
          <name>loggingOn</name>
          <type>boolean</type>
          <required>false</required>
          <editable>true</editable>
          <description>Whether logging should be turned on.</description>
        </parameter>
        <parameter>
          <name>mode</name>
          <type>java.lang.String</type>
          <required>false</required>
          <editable>true</editable>
          <description>This indicates the stateful mode for this service&apos;s runtime configuration. The following modes are supported: &quot;transient&quot;, &quot;activatable&quot;, &quot;nonactivatable&quot;.</description>
        </parameter>
        <parameter>
          <name>persistenceDir</name>
          <type>java.lang.String</type>
          <required>false</required>
          <editable>true</editable>
          <description>The directory to persist in process service data.</description>
        </parameter>
        <parameter>
          <name>protocol</name>
          <type>java.lang.String</type>
          <required>false</required>
          <editable>true</editable>
          <description>The protocol to use when marshalling objects to and from the service proxies. Currently, the supported protocols are &quot;jrmp&quot;, &quot;jeri&quot;, and &quot;jsse&quot; with &quot;jeri&quot; being the default.</description>
        </parameter>
        <parameter>
          <name>protocolHandlerPackages</name>
          <type>java.lang.String</type>
          <required>false</required>
          <editable>true</editable>
          <description>The package which contains the protocol handlers for this service.</description>
        </parameter>
        <parameter>
          <name>securityDebug</name>
          <type>boolean</type>
          <required>false</required>
          <editable>true</editable>
          <description>Whether Java security should be in debug mode or not.</description>
        </parameter>
        <parameter>
          <name>securityManager</name>
          <type>java.lang.String</type>
          <required>false</required>
          <editable>true</editable>
          <description>The security manager for the service.</description>
        </parameter>
        <parameter>
          <name>securityPolicy</name>
          <type>java.lang.String</type>
          <required>false</required>
          <editable>true</editable>
          <description>The security policy for the running service.</description>
        </parameter>
        <parameter>
          <name>securityProperties</name>
          <type>java.lang.String</type>
          <required>false</required>
          <editable>true</editable>
          <description>The security access control properties for each service.</description>
        </parameter>
        <parameter>
          <name>serverHost</name>
          <type>java.lang.String</type>
          <required>false</required>
          <editable>true</editable>
          <description>The host which this service will be launched on.</description>
        </parameter>
        <parameter>
          <name>serviceConfig</name>
          <type>java.lang.String</type>
          <required>false</required>
          <editable>true</editable>
          <description>The service runtime configuration based on the net.jini.config package interfaces.</description>
        </parameter>
        <parameter>
          <name>serviceDebug</name>
          <type>boolean</type>
          <required>false</required>
          <editable>true</editable>
          <description>Whether the Jini service should be in debug mode or not.</description>
        </parameter>
        <parameter>
          <name>sharedVMLog</name>
          <type>java.lang.String</type>
          <required>false</required>
          <editable>true</editable>
          <description>The log of the shared virtual machine in activatable mode.</description>
        </parameter>
        <parameter>
          <name>sslTrustStore</name>
          <type>java.lang.String</type>
          <required>false</required>
          <editable>true</editable>
          <description>The trust store to derive security properties from.</description>
        </parameter>
      </parameters>
      <configuration>
        <securityDebug implementation="boolean">${jiniSecurityDebug}</securityDebug>
        <protocol implementation="java.lang.String" default-value="jeri">${jiniProtocol}</protocol>
        <serverHost implementation="java.lang.String" default-value="localhost">${jiniServerHost}</serverHost>
        <securityProperties implementation="java.lang.String">${jiniSecurityProps}</securityProperties>
        <securityPolicy implementation="java.lang.String">${jiniSecurityPolicy}</securityPolicy>
        <loggingConfig implementation="java.lang.String">${jiniLoggingConfig}</loggingConfig>
        <codebasePort implementation="int" default-value="5464">${jiniCodebasePort}</codebasePort>
        <localRepository implementation="org.apache.maven.artifact.repository.ArtifactRepository">${localRepository}</localRepository>
        <serviceConfig implementation="java.lang.String">${jiniServiceConfig}</serviceConfig>
        <mode implementation="java.lang.String" default-value="transient">${jiniMode}</mode>
        <securityManager implementation="java.lang.String">${jiniSecurityManager}</securityManager>
        <groupConfig implementation="java.lang.String">${jiniGroupConfig}</groupConfig>
        <sharedVMLog implementation="java.lang.String">${jiniSharedVMLog}</sharedVMLog>
        <authLoginConfig implementation="java.lang.String">${jiniAuthLoginConfig}</authLoginConfig>
        <loggingManager implementation="java.lang.String" default-value="com.sun.jini.logging.LogManager">${jiniLoggingManager}</loggingManager>
        <codebaseHost implementation="java.lang.String" default-value="localhost">${jiniCodebaseHost}</codebaseHost>
        <persistenceDir implementation="java.lang.String">${jiniPersistDir}</persistenceDir>
        <serviceDebug implementation="boolean">${jiniServiceDebug}</serviceDebug>
        <loggingOn implementation="boolean">${jiniLoggingOn}</loggingOn>
        <protocolHandlerPackages implementation="java.lang.String" default-value="net.jini.url">${jiniProtocolHandlerPkgs}</protocolHandlerPackages>
        <sslTrustStore implementation="java.lang.String">${jiniSSLTruststore}</sslTrustStore>
        <jiniHome implementation="java.lang.String">${jiniHome}</jiniHome>
      </configuration>
    </mojo>
    <mojo>
      <goal>browser</goal>
      <description></description>
      <requiresDirectInvocation>false</requiresDirectInvocation>
      <requiresProject>false</requiresProject>
      <requiresReports>false</requiresReports>
      <aggregator>false</aggregator>
      <requiresOnline>false</requiresOnline>
      <inheritedByDefault>true</inheritedByDefault>
      <implementation>org.jini.maven.plugin.ServiceBrowserLauncher</implementation>
      <language>java</language>
      <instantiationStrategy>per-lookup</instantiationStrategy>
      <executionStrategy>once-per-session</executionStrategy>
      <parameters>
        <parameter>
          <name>authLoginConfig</name>
          <type>java.lang.String</type>
          <required>false</required>
          <editable>true</editable>
          <description>Authentication configuration file for secure login.</description>
        </parameter>
        <parameter>
          <name>codebaseHost</name>
          <type>java.lang.String</type>
          <required>false</required>
          <editable>true</editable>
          <description>The host to download codebase artifacts from.</description>
        </parameter>
        <parameter>
          <name>codebasePort</name>
          <type>int</type>
          <required>false</required>
          <editable>true</editable>
          <description>The port on the codebase host to connect onto. The port number &apos;5464&apos; spells out &apos;jini&apos; on a traditional telephone keypad.</description>
        </parameter>
        <parameter>
          <name>groupConfig</name>
          <type>java.lang.String</type>
          <required>false</required>
          <editable>true</editable>
          <description>The service&apos;s group configuration file.</description>
        </parameter>
        <parameter>
          <name>jiniHome</name>
          <type>java.lang.String</type>
          <required>false</required>
          <editable>true</editable>
          <description>The Jini installation directory. This is dynamically created when not set to: &lt;i&gt;&lt;maven-local-repo&gt;/org/jini/maven-jini-plugin/resources/jini2_1&lt;/i&gt; except on Windows in which it is &lt;i&gt;C:\Java\jini2_1&lt;/i&gt; by default. This is due to problems with spaces in the default Maven local repository path and executing the Java runtime using java.lang.Runtime.exec().</description>
        </parameter>
        <parameter>
          <name>localRepository</name>
          <type>org.apache.maven.artifact.repository.ArtifactRepository</type>
          <required>false</required>
          <editable>true</editable>
          <description>The local Maven artifact repository.</description>
        </parameter>
        <parameter>
          <name>loggingConfig</name>
          <type>java.lang.String</type>
          <required>false</required>
          <editable>true</editable>
          <description>The logging configuration file for the log manager.</description>
        </parameter>
        <parameter>
          <name>loggingManager</name>
          <type>java.lang.String</type>
          <required>false</required>
          <editable>true</editable>
          <description>The log manager absolute implementation class for the service.</description>
        </parameter>
        <parameter>
          <name>loggingOn</name>
          <type>boolean</type>
          <required>false</required>
          <editable>true</editable>
          <description>Whether logging should be turned on.</description>
        </parameter>
        <parameter>
          <name>mode</name>
          <type>java.lang.String</type>
          <required>false</required>
          <editable>true</editable>
          <description>This indicates the stateful mode for this service&apos;s runtime configuration. The following modes are supported: &quot;transient&quot;, &quot;activatable&quot;, &quot;nonactivatable&quot;.</description>
        </parameter>
        <parameter>
          <name>persistenceDir</name>
          <type>java.lang.String</type>
          <required>false</required>
          <editable>true</editable>
          <description>The directory to persist in process service data.</description>
        </parameter>
        <parameter>
          <name>protocol</name>
          <type>java.lang.String</type>
          <required>false</required>
          <editable>true</editable>
          <description>The protocol to use when marshalling objects to and from the service proxies. Currently, the supported protocols are &quot;jrmp&quot;, &quot;jeri&quot;, and &quot;jsse&quot; with &quot;jeri&quot; being the default.</description>
        </parameter>
        <parameter>
          <name>protocolHandlerPackages</name>
          <type>java.lang.String</type>
          <required>false</required>
          <editable>true</editable>
          <description>The package which contains the protocol handlers for this service.</description>
        </parameter>
        <parameter>
          <name>securityDebug</name>
          <type>boolean</type>
          <required>false</required>
          <editable>true</editable>
          <description>Whether Java security should be in debug mode or not.</description>
        </parameter>
        <parameter>
          <name>securityManager</name>
          <type>java.lang.String</type>
          <required>false</required>
          <editable>true</editable>
          <description>The security manager for the service.</description>
        </parameter>
        <parameter>
          <name>securityPolicy</name>
          <type>java.lang.String</type>
          <required>false</required>
          <editable>true</editable>
          <description>The security policy for the running service.</description>
        </parameter>
        <parameter>
          <name>securityProperties</name>
          <type>java.lang.String</type>
          <required>false</required>
          <editable>true</editable>
          <description>The security access control properties for each service.</description>
        </parameter>
        <parameter>
          <name>serverHost</name>
          <type>java.lang.String</type>
          <required>false</required>
          <editable>true</editable>
          <description>The host which this service will be launched on.</description>
        </parameter>
        <parameter>
          <name>serviceConfig</name>
          <type>java.lang.String</type>
          <required>false</required>
          <editable>true</editable>
          <description>The service runtime configuration based on the net.jini.config package interfaces.</description>
        </parameter>
        <parameter>
          <name>serviceDebug</name>
          <type>boolean</type>
          <required>false</required>
          <editable>true</editable>
          <description>Whether the Jini service should be in debug mode or not.</description>
        </parameter>
        <parameter>
          <name>sharedVMLog</name>
          <type>java.lang.String</type>
          <required>false</required>
          <editable>true</editable>
          <description>The log of the shared virtual machine in activatable mode.</description>
        </parameter>
        <parameter>
          <name>sslTrustStore</name>
          <type>java.lang.String</type>
          <required>false</required>
          <editable>true</editable>
          <description>The trust store to derive security properties from.</description>
        </parameter>
      </parameters>
      <configuration>
        <securityDebug implementation="boolean">${jiniSecurityDebug}</securityDebug>
        <protocol implementation="java.lang.String" default-value="jeri">${jiniProtocol}</protocol>
        <serverHost implementation="java.lang.String" default-value="localhost">${jiniServerHost}</serverHost>
        <securityProperties implementation="java.lang.String">${jiniSecurityProps}</securityProperties>
        <securityPolicy implementation="java.lang.String">${jiniSecurityPolicy}</securityPolicy>
        <loggingConfig implementation="java.lang.String">${jiniLoggingConfig}</loggingConfig>
        <codebasePort implementation="int" default-value="5464">${jiniCodebasePort}</codebasePort>
        <localRepository implementation="org.apache.maven.artifact.repository.ArtifactRepository">${localRepository}</localRepository>
        <serviceConfig implementation="java.lang.String">${jiniServiceConfig}</serviceConfig>
        <mode implementation="java.lang.String" default-value="transient">${jiniMode}</mode>
        <securityManager implementation="java.lang.String">${jiniSecurityManager}</securityManager>
        <groupConfig implementation="java.lang.String">${jiniGroupConfig}</groupConfig>
        <sharedVMLog implementation="java.lang.String">${jiniSharedVMLog}</sharedVMLog>
        <authLoginConfig implementation="java.lang.String">${jiniAuthLoginConfig}</authLoginConfig>
        <loggingManager implementation="java.lang.String" default-value="com.sun.jini.logging.LogManager">${jiniLoggingManager}</loggingManager>
        <codebaseHost implementation="java.lang.String" default-value="localhost">${jiniCodebaseHost}</codebaseHost>
        <persistenceDir implementation="java.lang.String">${jiniPersistDir}</persistenceDir>
        <serviceDebug implementation="boolean">${jiniServiceDebug}</serviceDebug>
        <loggingOn implementation="boolean">${jiniLoggingOn}</loggingOn>
        <protocolHandlerPackages implementation="java.lang.String" default-value="net.jini.url">${jiniProtocolHandlerPkgs}</protocolHandlerPackages>
        <sslTrustStore implementation="java.lang.String">${jiniSSLTruststore}</sslTrustStore>
        <jiniHome implementation="java.lang.String">${jiniHome}</jiniHome>
      </configuration>
    </mojo>
  </mojos>
  <dependencies>
    <dependency>
      <groupId>com.sun.jini</groupId>
      <artifactId>jini-starterkit</artifactId>
      <type>zip</type>
      <version>2.1</version>
    </dependency>
    <dependency>
      <groupId>junit</groupId>
      <artifactId>junit</artifactId>
      <type>jar</type>
      <version>3.8.1</version>
    </dependency>
    <dependency>
      <groupId>org.apache.maven</groupId>
      <artifactId>maven-model</artifactId>
      <type>jar</type>
      <version>2.0</version>
    </dependency>
    <dependency>
      <groupId>org.codehaus.plexus</groupId>
      <artifactId>plexus-container-default</artifactId>
      <type>jar</type>
      <version>1.0-alpha-8</version>
    </dependency>
    <dependency>
      <groupId>com.sun.jini</groupId>
      <artifactId>destroy</artifactId>
      <type>jar</type>
      <version>2.1</version>
    </dependency>
    <dependency>
      <groupId>org.apache.maven</groupId>
      <artifactId>maven-plugin-parameter-documenter</artifactId>
      <type>jar</type>
      <version>2.0</version>
    </dependency>
    <dependency>
      <groupId>org.apache.maven</groupId>
      <artifactId>maven-profile</artifactId>
      <type>jar</type>
      <version>2.0</version>
    </dependency>
    <dependency>
      <groupId>net.jini</groupId>
      <artifactId>jini-core</artifactId>
      <type>jar</type>
      <version>2.1</version>
    </dependency>
    <dependency>
      <groupId>org.apache.maven</groupId>
      <artifactId>maven-error-diagnostics</artifactId>
      <type>jar</type>
      <version>2.0</version>
    </dependency>
    <dependency>
      <groupId>ant</groupId>
      <artifactId>ant</artifactId>
      <type>jar</type>
      <version>1.6.5</version>
    </dependency>
    <dependency>
      <groupId>org.codehaus.plexus</groupId>
      <artifactId>plexus-interactivity-api</artifactId>
      <type>jar</type>
      <version>1.0-alpha-4</version>
    </dependency>
    <dependency>
      <groupId>org.apache.maven.wagon</groupId>
      <artifactId>wagon-http-lightweight</artifactId>
      <type>jar</type>
      <version>1.0-alpha-5</version>
    </dependency>
    <dependency>
      <groupId>net.jini</groupId>
      <artifactId>jsk-lib</artifactId>
      <type>jar</type>
      <version>2.1</version>
    </dependency>
    <dependency>
      <groupId>org.apache.maven</groupId>
      <artifactId>maven-plugin-descriptor</artifactId>
      <type>jar</type>
      <version>2.0</version>
    </dependency>
    <dependency>
      <groupId>commons-cli</groupId>
      <artifactId>commons-cli</artifactId>
      <type>jar</type>
      <version>1.0</version>
    </dependency>
    <dependency>
      <groupId>org.apache.maven.wagon</groupId>
      <artifactId>wagon-ssh</artifactId>
      <type>jar</type>
      <version>1.0-alpha-5</version>
    </dependency>
    <dependency>
      <groupId>com.sun.jini</groupId>
      <artifactId>tools</artifactId>
      <type>jar</type>
      <version>2.1</version>
    </dependency>
    <dependency>
      <groupId>com.sun.jini</groupId>
      <artifactId>jarwrapper</artifactId>
      <type>jar</type>
      <version>2.1</version>
    </dependency>
    <dependency>
      <groupId>net.jini</groupId>
      <artifactId>jini-ext</artifactId>
      <type>jar</type>
      <version>2.1</version>
    </dependency>
    <dependency>
      <groupId>com.sun.jini</groupId>
      <artifactId>checkser</artifactId>
      <type>jar</type>
      <version>2.1</version>
    </dependency>
    <dependency>
      <groupId>com.sun.jini</groupId>
      <artifactId>classserver</artifactId>
      <type>jar</type>
      <version>2.1</version>
    </dependency>
    <dependency>
      <groupId>classworlds</groupId>
      <artifactId>classworlds</artifactId>
      <type>jar</type>
      <version>1.1-alpha-2</version>
    </dependency>
    <dependency>
      <groupId>com.sun.jini</groupId>
      <artifactId>group</artifactId>
      <type>jar</type>
      <version>2.1</version>
    </dependency>
    <dependency>
      <groupId>org.apache.maven</groupId>
      <artifactId>maven-embedder</artifactId>
      <type>jar</type>
      <version>2.0</version>
    </dependency>
    <dependency>
      <groupId>org.apache.maven</groupId>
      <artifactId>maven-monitor</artifactId>
      <type>jar</type>
      <version>2.0</version>
    </dependency>
    <dependency>
      <groupId>com.sun.jini</groupId>
      <artifactId>computedigest</artifactId>
      <type>jar</type>
      <version>2.1</version>
    </dependency>
    <dependency>
      <groupId>org.apache.maven</groupId>
      <artifactId>maven-repository-metadata</artifactId>
      <type>jar</type>
      <version>2.0</version>
    </dependency>
    <dependency>
      <groupId>com.sun.jini</groupId>
      <artifactId>envcheck</artifactId>
      <type>jar</type>
      <version>2.1</version>
    </dependency>
    <dependency>
      <groupId>com.jcraft</groupId>
      <artifactId>jsch</artifactId>
      <type>jar</type>
      <version>0.1.23</version>
    </dependency>
    <dependency>
      <groupId>org.apache.maven</groupId>
      <artifactId>maven-settings</artifactId>
      <type>jar</type>
      <version>2.0</version>
    </dependency>
    <dependency>
      <groupId>org.apache.maven</groupId>
      <artifactId>maven-artifact-manager</artifactId>
      <type>jar</type>
      <version>2.0</version>
    </dependency>
    <dependency>
      <groupId>org.apache.maven.wagon</groupId>
      <artifactId>wagon-file</artifactId>
      <type>jar</type>
      <version>1.0-alpha-5</version>
    </dependency>
    <dependency>
      <groupId>com.sun.jini</groupId>
      <artifactId>classdep</artifactId>
      <type>jar</type>
      <version>2.1</version>
    </dependency>
    <dependency>
      <groupId>com.sun.jini</groupId>
      <artifactId>computehttpmdcodebase</artifactId>
      <type>jar</type>
      <version>2.1</version>
    </dependency>
    <dependency>
      <groupId>org.apache.maven.wagon</groupId>
      <artifactId>wagon-provider-api</artifactId>
      <type>jar</type>
      <version>1.0-alpha-5</version>
    </dependency>
    <dependency>
      <groupId>org.apache.maven</groupId>
      <artifactId>maven-project</artifactId>
      <type>jar</type>
      <version>2.0</version>
    </dependency>
    <dependency>
      <groupId>net.jini</groupId>
      <artifactId>jsk-platform</artifactId>
      <type>jar</type>
      <version>2.1</version>
    </dependency>
    <dependency>
      <groupId>com.sun.jini</groupId>
      <artifactId>sun-util</artifactId>
      <type>jar</type>
      <version>2.1</version>
    </dependency>
    <dependency>
      <groupId>org.apache.maven.reporting</groupId>
      <artifactId>maven-reporting-api</artifactId>
      <type>jar</type>
      <version>2.0</version>
    </dependency>
    <dependency>
      <groupId>org.apache.maven</groupId>
      <artifactId>maven-plugin-api</artifactId>
      <type>jar</type>
      <version>2.0</version>
    </dependency>
    <dependency>
      <groupId>org.apache.maven</groupId>
      <artifactId>maven-core</artifactId>
      <type>jar</type>
      <version>2.0</version>
    </dependency>
    <dependency>
      <groupId>org.codehaus.plexus</groupId>
      <artifactId>plexus-utils</artifactId>
      <type>jar</type>
      <version>1.0.5</version>
    </dependency>
    <dependency>
      <groupId>org.apache.maven</groupId>
      <artifactId>maven-artifact</artifactId>
      <type>jar</type>
      <version>2.0</version>
    </dependency>
    <dependency>
      <groupId>com.sun.jini</groupId>
      <artifactId>checkconfigurationfile</artifactId>
      <type>jar</type>
      <version>2.1</version>
    </dependency>
    <dependency>
      <groupId>org.apache.maven</groupId>
      <artifactId>maven-plugin-registry</artifactId>
      <type>jar</type>
      <version>2.0</version>
    </dependency>
    <dependency>
      <groupId>com.sun.jini</groupId>
      <artifactId>jini-start-examples</artifactId>
      <type>zip</type>
      <version>2.1</version>
    </dependency>
    <dependency>
      <groupId>doxia</groupId>
      <artifactId>doxia-sink-api</artifactId>
      <type>jar</type>
      <version>1.0-alpha-4</version>
    </dependency>
    <dependency>
      <groupId>net.jini</groupId>
      <artifactId>jsk-resources</artifactId>
      <type>jar</type>
      <version>2.1</version>
    </dependency>
  </dependencies>
</plugin>