<plugin>
  <description>This is an Open-Source(GPL) Maven2 Plugin for Jester (The JUnit Test Tester) written in Groovy (Otherwise Known as GRESTER). Jester is a Tool written by Ivan Moore.</description>
  <groupId>net.sf.grester</groupId>
  <artifactId>grester</artifactId>
  <version>1.0.1</version>
  <goalPrefix>grester</goalPrefix>
  <isolatedRealm>false</isolatedRealm>
  <inheritedByDefault>true</inheritedByDefault>
  <mojos>
    <mojo>
      <goal>inspect</goal>
      <description>Will Inspect the Sources And Evaluate Test Conditions With Grester</description>
      <requiresDirectInvocation>false</requiresDirectInvocation>
      <requiresProject>true</requiresProject>
      <requiresReports>false</requiresReports>
      <aggregator>false</aggregator>
      <requiresOnline>false</requiresOnline>
      <inheritedByDefault>true</inheritedByDefault>
      <implementation>com.opencipher.grester.JesterMojo</implementation>
      <language>java</language>
      <instantiationStrategy>per-lookup</instantiationStrategy>
      <executionStrategy>once-per-session</executionStrategy>
      <parameters>
        <parameter>
          <name>codeSources</name>
          <type>java.lang.String</type>
          <required>false</required>
          <editable>true</editable>
          <description>Directory (relative to pom file and excluding package) containing the sources</description>
        </parameter>
        <parameter>
          <name>testSuiteClass</name>
          <type>java.lang.String</type>
          <required>false</required>
          <editable>true</editable>
          <description>Name of JUnit TestSuiteClass (excluding &apos;.class&apos; extension) containing all Tests to be executed by Jester</description>
        </parameter>
      </parameters>
      <configuration>
        <codeSources implementation="java.lang.String">${codeSources}</codeSources>
        <testSuiteClass implementation="java.lang.String">${testSuiteClass}</testSuiteClass>
      </configuration>
    </mojo>
    <mojo>
      <goal>help</goal>
      <description>Will Provide Help Information on the CommandLine</description>
      <requiresDirectInvocation>false</requiresDirectInvocation>
      <requiresProject>true</requiresProject>
      <requiresReports>false</requiresReports>
      <aggregator>false</aggregator>
      <requiresOnline>false</requiresOnline>
      <inheritedByDefault>true</inheritedByDefault>
      <implementation>com.opencipher.grester.HelpJesterMojo</implementation>
      <language>java</language>
      <instantiationStrategy>per-lookup</instantiationStrategy>
      <executionStrategy>once-per-session</executionStrategy>
      <parameters/>
    </mojo>
  </mojos>
  <dependencies/>
</plugin>