<plugin>
  <description></description>
  <groupId>org.geoserver.maven</groupId>
  <artifactId>config</artifactId>
  <version>1.5.0-RC3</version>
  <goalPrefix>config</goalPrefix>
  <isolatedRealm>false</isolatedRealm>
  <inheritedByDefault>true</inheritedByDefault>
  <mojos>
    <mojo>
      <goal>config</goal>
      <description>Unpacks a geoserver configuration archive into the server.</description>
      <requiresDirectInvocation>false</requiresDirectInvocation>
      <requiresProject>true</requiresProject>
      <requiresReports>false</requiresReports>
      <aggregator>false</aggregator>
      <requiresOnline>false</requiresOnline>
      <inheritedByDefault>false</inheritedByDefault>
      <implementation>/config.build.xml:config</implementation>
      <language>ant-mojo</language>
      <configurator>map-oriented</configurator>
      <composer>map-oriented</composer>
      <instantiationStrategy>per-lookup</instantiationStrategy>
      <executionStrategy>once-per-session</executionStrategy>
      <parameters>
        <parameter>
          <name>configId</name>
          <type>java.lang.String</type>
          <required>true</required>
          <editable>true</editable>
          <description>The id of the configuration, used to locate the archive under the 
directory specified by ${configDirectory}.</description>
        </parameter>
        <parameter>
          <name>configDirectory</name>
          <type>java.io.File</type>
          <required>false</required>
          <editable>true</editable>
          <description>The directory which contains configurations.</description>
        </parameter>
        <parameter>
          <name>webappSourceDirectory</name>
          <type>java.io.File</type>
          <required>true</required>
          <editable>true</editable>
          <description>The webapp directory, same as from the maven war plugin.</description>
        </parameter>
        <parameter>
          <name>basedir</name>
          <alias>ant.basedir</alias>
          <type>java.io.File</type>
          <required>true</required>
          <editable>true</editable>
          <description>The base directory from which to execute the Ant script.</description>
        </parameter>
        <parameter>
          <name>messageLevel</name>
          <alias>ant.messageLevel</alias>
          <type>java.lang.String</type>
          <required>false</required>
          <editable>true</editable>
          <description>The message-level used to tune the verbosity of Ant logging.</description>
        </parameter>
      </parameters>
      <configuration>
        <messageLevel implementation="java.lang.String" default-value="info">${antMessageLevel}</messageLevel>
        <webappSourceDirectory implementation="java.io.File" default-value="${basedir}/src/main/webapp"/>
        <configDirectory implementation="java.io.File" default-value="${basedir}"/>
        <basedir implementation="java.io.File" default-value="${basedir}">${antBasedir}</basedir>
      </configuration>
    </mojo>
    <mojo>
      <goal>clean</goal>
      <requiresDirectInvocation>false</requiresDirectInvocation>
      <requiresProject>true</requiresProject>
      <requiresReports>false</requiresReports>
      <aggregator>false</aggregator>
      <requiresOnline>false</requiresOnline>
      <inheritedByDefault>false</inheritedByDefault>
      <implementation>/config.build.xml:clean</implementation>
      <language>ant-mojo</language>
      <configurator>map-oriented</configurator>
      <composer>map-oriented</composer>
      <instantiationStrategy>per-lookup</instantiationStrategy>
      <executionStrategy>once-per-session</executionStrategy>
      <parameters>
        <parameter>
          <name>webappSourceDirectory</name>
          <type>java.io.File</type>
          <required>true</required>
          <editable>true</editable>
          <description>The webapp directory, same as from the maven war plugin.</description>
        </parameter>
        <parameter>
          <name>basedir</name>
          <alias>ant.basedir</alias>
          <type>java.io.File</type>
          <required>true</required>
          <editable>true</editable>
          <description>The base directory from which to execute the Ant script.</description>
        </parameter>
        <parameter>
          <name>messageLevel</name>
          <alias>ant.messageLevel</alias>
          <type>java.lang.String</type>
          <required>false</required>
          <editable>true</editable>
          <description>The message-level used to tune the verbosity of Ant logging.</description>
        </parameter>
      </parameters>
      <configuration>
        <messageLevel implementation="java.lang.String" default-value="info">${antMessageLevel}</messageLevel>
        <webappSourceDirectory implementation="java.io.File" default-value="${basedir}/src/main/webapp"/>
        <basedir implementation="java.io.File" default-value="${basedir}">${antBasedir}</basedir>
      </configuration>
    </mojo>
  </mojos>
  <dependencies/>
</plugin>