<plugin>
  <description></description>
  <groupId>org.jbehave</groupId>
  <artifactId>jbehave-maven-plugin</artifactId>
  <version>1.0.0</version>
  <goalPrefix>jbehave</goalPrefix>
  <isolatedRealm>false</isolatedRealm>
  <inheritedByDefault>true</inheritedByDefault>
  <mojos>
    <mojo>
      <goal>run-behaviours</goal>
      <description>Mojo to run Behaviours</description>
      <requiresDirectInvocation>false</requiresDirectInvocation>
      <requiresProject>true</requiresProject>
      <requiresReports>false</requiresReports>
      <aggregator>false</aggregator>
      <requiresOnline>false</requiresOnline>
      <inheritedByDefault>true</inheritedByDefault>
      <implementation>org.jbehave.mojo.BehaviourRunnerMojo</implementation>
      <language>java</language>
      <instantiationStrategy>per-lookup</instantiationStrategy>
      <executionStrategy>once-per-session</executionStrategy>
      <parameters>
        <parameter>
          <name>behavioursClassName</name>
          <type>java.lang.String</type>
          <required>true</required>
          <editable>true</editable>
          <description></description>
        </parameter>
        <parameter>
          <name>classpathElements</name>
          <type>java.util.List</type>
          <required>true</required>
          <editable>false</editable>
          <description>Compile classpath.</description>
        </parameter>
      </parameters>
      <configuration>
        <classpathElements implementation="java.util.List">${project.compileClasspathElements}</classpathElements>
      </configuration>
    </mojo>
    <mojo>
      <goal>print-story</goal>
      <description>Mojo to print a story</description>
      <requiresDirectInvocation>false</requiresDirectInvocation>
      <requiresProject>true</requiresProject>
      <requiresReports>false</requiresReports>
      <aggregator>false</aggregator>
      <requiresOnline>false</requiresOnline>
      <inheritedByDefault>true</inheritedByDefault>
      <implementation>org.jbehave.mojo.StoryPrinterMojo</implementation>
      <language>java</language>
      <instantiationStrategy>per-lookup</instantiationStrategy>
      <executionStrategy>once-per-session</executionStrategy>
      <parameters>
        <parameter>
          <name>classpathElements</name>
          <type>java.util.List</type>
          <required>true</required>
          <editable>false</editable>
          <description>Compile classpath.</description>
        </parameter>
        <parameter>
          <name>storyPackage</name>
          <type>java.lang.String</type>
          <required>true</required>
          <editable>true</editable>
          <description></description>
        </parameter>
        <parameter>
          <name>storyPath</name>
          <type>java.lang.String</type>
          <required>true</required>
          <editable>true</editable>
          <description></description>
        </parameter>
      </parameters>
      <configuration>
        <classpathElements implementation="java.util.List">${project.compileClasspathElements}</classpathElements>
      </configuration>
    </mojo>
    <mojo>
      <goal>run-story</goal>
      <description>Mojo to run a story</description>
      <requiresDirectInvocation>false</requiresDirectInvocation>
      <requiresProject>true</requiresProject>
      <requiresReports>false</requiresReports>
      <aggregator>false</aggregator>
      <requiresOnline>false</requiresOnline>
      <inheritedByDefault>true</inheritedByDefault>
      <implementation>org.jbehave.mojo.StoryRunnerMojo</implementation>
      <language>java</language>
      <instantiationStrategy>per-lookup</instantiationStrategy>
      <executionStrategy>once-per-session</executionStrategy>
      <parameters>
        <parameter>
          <name>classpathElements</name>
          <type>java.util.List</type>
          <required>true</required>
          <editable>false</editable>
          <description>Compile classpath.</description>
        </parameter>
        <parameter>
          <name>storyPackage</name>
          <type>java.lang.String</type>
          <required>true</required>
          <editable>true</editable>
          <description></description>
        </parameter>
        <parameter>
          <name>storyPath</name>
          <type>java.lang.String</type>
          <required>true</required>
          <editable>true</editable>
          <description></description>
        </parameter>
      </parameters>
      <configuration>
        <classpathElements implementation="java.util.List">${project.compileClasspathElements}</classpathElements>
      </configuration>
    </mojo>
  </mojos>
  <dependencies/>
</plugin>