<?xml version="1.0" encoding="UTF-8"?>
<!--
*** GENERATED FROM project.xml - DO NOT EDIT  ***
***         EDIT ../build.xml INSTEAD         ***

        -->
<project xmlns:j2seproject3="http://www.netbeans.org/ns/j2se-project/3" xmlns:j2seproject1="http://www.netbeans.org/ns/j2se-project/1" xmlns:jaxrpc="http://www.netbeans.org/ns/j2se-project/jax-rpc">
    <target name="-groovy-init-macrodef-javac">
        <macrodef name="javac" uri="http://www.netbeans.org/ns/j2se-project/3">
            <attribute name="srcdir" default="${src.dir}"/>
            <attribute name="destdir" default="${build.classes.dir}"/>
            <attribute name="classpath" default="${javac.classpath}"/>
            <attribute name="includes" default="${includes}"/>
            <attribute name="excludes" default="${excludes}"/>
            <attribute name="debug" default="${javac.debug}"/>
            <attribute name="sourcepath" default="/does/not/exist"/>
            <attribute name="gensrcdir" default="/does/not/exist"/>
            <element name="customize" optional="true"/>
            <sequential>
                <taskdef name="groovyc" classpath="${javac.classpath}" classname="org.codehaus.groovy.ant.Groovyc"/>
                <groovyc srcdir="@{srcdir}" sourcepath="@{sourcepath}" destdir="@{destdir}" encoding="${source.encoding}" includes="@{includes}" excludes="@{excludes}">
                    <src>
                        <dirset dir="@{gensrcdir}" erroronmissingdir="false">
                            <include name="*"/>
                        </dirset>
                    </src>
                    <classpath>
                        <path path="@{classpath}"/>
                    </classpath>
                    <javac srcdir="@{srcdir}" sourcepath="@{sourcepath}" destdir="@{destdir}" debug="@{debug}" deprecation="${javac.deprecation}" encoding="${source.encoding}" source="${javac.source}" target="${javac.target}" includes="@{includes}" excludes="@{excludes}" includeantruntime="false">
                        <src>
                            <dirset dir="@{gensrcdir}" erroronmissingdir="false">
                                <include name="*"/>
                            </dirset>
                        </src>
                        <classpath>
                            <path path="@{classpath}"/>
                        </classpath>
                        <compilerarg line="${javac.compilerargs} ${javac.compilerargs.jaxws}"/>
                        <customize/>
                    </javac>
                </groovyc>
            </sequential>
        </macrodef>
        <macrodef name="depend" uri="http://www.netbeans.org/ns/j2se-project/3">
            <attribute name="srcdir" default="${src.dir}"/>
            <attribute name="destdir" default="${build.classes.dir}"/>
            <attribute name="classpath" default="${javac.classpath}"/>
            <sequential>
                <depend srcdir="@{srcdir}" destdir="@{destdir}" cache="${build.dir}/depcache" includes="${includes}" excludes="${excludes}">
                    <classpath>
                        <path path="@{classpath}"/>
                    </classpath>
                </depend>
            </sequential>
        </macrodef>
        <macrodef name="force-recompile" uri="http://www.netbeans.org/ns/j2se-project/3">
            <attribute name="destdir" default="${build.classes.dir}"/>
            <sequential>
                <fail unless="javac.includes">Must set javac.includes</fail>
                <pathconvert property="javac.includes.binary" pathsep=",">
                    <path>
                        <filelist dir="@{destdir}" files="${javac.includes}"/>
                    </path>
                    <globmapper from="*.java" to="*.class"/>
                </pathconvert>
                <delete>
                    <files includes="${javac.includes.binary}"/>
                </delete>
            </sequential>
        </macrodef>
    </target>
</project>
