<plugin>
  <description>Project to build the JsUnit Maven 2 Plugin.</description>
  <groupId>de.berlios.jsunit</groupId>
  <artifactId>jsunit-maven2-plugin</artifactId>
  <version>1.3</version>
  <goalPrefix>jsunit2</goalPrefix>
  <isolatedRealm>false</isolatedRealm>
  <inheritedByDefault>true</inheritedByDefault>
  <mojos>
    <mojo>
      <goal>jsunit-test</goal>
      <description>The JsUnit Mojo.</description>
      <requiresDirectInvocation>false</requiresDirectInvocation>
      <requiresProject>true</requiresProject>
      <requiresReports>false</requiresReports>
      <aggregator>false</aggregator>
      <requiresOnline>false</requiresOnline>
      <inheritedByDefault>true</inheritedByDefault>
      <phase>test</phase>
      <implementation>de.berlios.jsunit.maven2.JsUnitMojo</implementation>
      <language>java</language>
      <instantiationStrategy>per-lookup</instantiationStrategy>
      <executionStrategy>once-per-session</executionStrategy>
      <parameters>
        <parameter>
          <name>printSummary</name>
          <type>boolean</type>
          <required>false</required>
          <editable>true</editable>
          <description>Option to print summary of test suites or just print the test cases that have errors.</description>
        </parameter>
        <parameter>
          <name>project</name>
          <type>org.apache.maven.project.MavenProject</type>
          <required>true</required>
          <editable>false</editable>
          <description>The Maven project.</description>
        </parameter>
        <parameter>
          <name>reportsDirectory</name>
          <type>java.io.File</type>
          <required>false</required>
          <editable>true</editable>
          <description>Base directory where all reports are written to.</description>
        </parameter>
        <parameter>
          <name>skip</name>
          <type>boolean</type>
          <required>false</required>
          <editable>true</editable>
          <description>Set this to &apos;true&apos; to bypass unit tests entirely. Its use is NOT RECOMMENDED, but quite
convenient on occasion.</description>
        </parameter>
        <parameter>
          <name>skipExec</name>
          <type>boolean</type>
          <required>false</required>
          <editable>true</editable>
          <description>Set this to &apos;true&apos; to bypass unit tests execution, but still load them to ensure the
syntax. Its use is NOT RECOMMENDED, but quite convenient on occasion.</description>
        </parameter>
        <parameter>
          <name>sourceDirectory</name>
          <type>java.io.File</type>
          <required>true</required>
          <editable>true</editable>
          <description>The source directory for the JavaScripts.</description>
        </parameter>
        <parameter>
          <name>sources</name>
          <type>java.lang.String[]</type>
          <required>false</required>
          <editable>true</editable>
          <description>An array with the JavaScript sources.</description>
        </parameter>
        <parameter>
          <name>testFailureIgnore</name>
          <type>boolean</type>
          <required>false</required>
          <editable>true</editable>
          <description>Set this to true to ignore a failure during testing. Its use is NOT RECOMMENDED, but
quite convenient on occasion.</description>
        </parameter>
        <parameter>
          <name>testSourceDirectory</name>
          <type>java.io.File</type>
          <required>true</required>
          <editable>true</editable>
          <description>The test source directory containing test class sources.</description>
        </parameter>
        <parameter>
          <name>testSuites</name>
          <type>de.berlios.jsunit.maven2.JsUnitSuite[]</type>
          <required>true</required>
          <editable>true</editable>
          <description>An array with the JsUnit suites.</description>
        </parameter>
      </parameters>
      <configuration>
        <skip implementation="boolean">${maven.test.skip}</skip>
        <sourceDirectory implementation="java.io.File">${basedir}/src/main/webapp/js</sourceDirectory>
        <skipExec implementation="boolean">${maven.test.skip.exec}</skipExec>
        <project implementation="org.apache.maven.project.MavenProject">${project}</project>
        <printSummary implementation="boolean" default-value="true">${surefire.printSummary}</printSummary>
        <testSourceDirectory implementation="java.io.File">${basedir}/src/test/js</testSourceDirectory>
        <testFailureIgnore implementation="boolean">${maven.test.failure.ignore}</testFailureIgnore>
        <reportsDirectory implementation="java.io.File">${project.build.directory}/surefire-reports</reportsDirectory>
      </configuration>
    </mojo>
  </mojos>
  <dependencies/>
</plugin>