<plugin>
  <description>Fractal ADL is an extensible toolset for supporting heterogenous
		architecture descriptions.</description>
  <groupId>org.objectweb.fractal.fractaladl.juliac.plugin</groupId>
  <artifactId>maven-juliac-plugin</artifactId>
  <version>1.2</version>
  <goalPrefix>juliac</goalPrefix>
  <isolatedRealm>false</isolatedRealm>
  <inheritedByDefault>true</inheritedByDefault>
  <mojos>
    <mojo>
      <goal>compile</goal>
      <description>A maven mojo for Juliac.</description>
      <requiresDependencyResolution>runtime</requiresDependencyResolution>
      <requiresDirectInvocation>false</requiresDirectInvocation>
      <requiresProject>true</requiresProject>
      <requiresReports>false</requiresReports>
      <aggregator>false</aggregator>
      <requiresOnline>false</requiresOnline>
      <inheritedByDefault>true</inheritedByDefault>
      <executePhase>generate-sources</executePhase>
      <implementation>org.objectweb.fractal.adl.juliac.JuliacMojo</implementation>
      <language>java</language>
      <instantiationStrategy>per-lookup</instantiationStrategy>
      <executionStrategy>once-per-session</executionStrategy>
      <parameters>
        <parameter>
          <name>compile</name>
          <type>boolean</type>
          <required>false</required>
          <editable>true</editable>
          <description>false to prevent compilation of generated code.</description>
        </parameter>
        <parameter>
          <name>debug</name>
          <type>boolean</type>
          <required>false</required>
          <editable>true</editable>
          <description>true to obtain debug information about the code which is being generated.</description>
        </parameter>
        <parameter>
          <name>genclass</name>
          <type>java.lang.String</type>
          <required>false</required>
          <editable>true</editable>
          <description>Directory containing the result of the compilation of the generated source code.</description>
        </parameter>
        <parameter>
          <name>genjar</name>
          <type>java.lang.String</type>
          <required>false</required>
          <editable>true</editable>
          <description>Directory containing the packaged version of the generated code.</description>
        </parameter>
        <parameter>
          <name>gensrc</name>
          <type>java.lang.String</type>
          <required>false</required>
          <editable>true</editable>
          <description>The directory containing the generated source code.</description>
        </parameter>
        <parameter>
          <name>igs</name>
          <type>java.lang.String</type>
          <required>false</required>
          <editable>true</editable>
          <description>Interceptor source code generators.</description>
        </parameter>
        <parameter>
          <name>mixins</name>
          <type>java.lang.String</type>
          <required>false</required>
          <editable>true</editable>
          <description>The source artifacts which contains the mixin layers.</description>
        </parameter>
        <parameter>
          <name>opt</name>
          <type>java.lang.String</type>
          <required>false</required>
          <editable>true</editable>
          <description>The requested optimization level.</description>
        </parameter>
        <parameter>
          <name>project</name>
          <type>org.apache.maven.project.MavenProject</type>
          <required>true</required>
          <editable>true</editable>
          <description>The Maven project reference.</description>
        </parameter>
        <parameter>
          <name>srcs</name>
          <type>java.lang.String</type>
          <required>false</required>
          <editable>true</editable>
          <description>Space-separated list of source roots.</description>
        </parameter>
        <parameter>
          <name>sysargs</name>
          <type>java.lang.String</type>
          <required>false</required>
          <editable>true</editable>
          <description>System arguments.</description>
        </parameter>
        <parameter>
          <name>types</name>
          <type>java.lang.String</type>
          <required>false</required>
          <editable>true</editable>
          <description>The ADL types which are to be compiled with Juliac.</description>
        </parameter>
      </parameters>
      <configuration>
        <project implementation="org.apache.maven.project.MavenProject">${project}</project>
      </configuration>
    </mojo>
  </mojos>
  <dependencies/>
</plugin>