<plugin>
  <description>Launcher of EasyBeans/OSGi</description>
  <groupId>org.ow2.easybeans.osgi</groupId>
  <artifactId>easybeans-osgi-plugins-launcher-core</artifactId>
  <version>1.0.0.RC1</version>
  <goalPrefix>easybeans-osgis-launcher-core</goalPrefix>
  <isolatedRealm>false</isolatedRealm>
  <inheritedByDefault>true</inheritedByDefault>
  <mojos>
    <mojo>
      <goal>start</goal>
      <description>Stop an OSGi framework.</description>
      <requiresDirectInvocation>false</requiresDirectInvocation>
      <requiresProject>true</requiresProject>
      <requiresReports>false</requiresReports>
      <aggregator>false</aggregator>
      <requiresOnline>false</requiresOnline>
      <inheritedByDefault>true</inheritedByDefault>
      <phase>pre-integration-test</phase>
      <implementation>org.ow2.easybeans.osgi.plugins.launcher.StartMojo</implementation>
      <language>java</language>
      <instantiationStrategy>per-lookup</instantiationStrategy>
      <executionStrategy>once-per-session</executionStrategy>
      <parameters>
        <parameter>
          <name>buildDirectory</name>
          <type>java.io.File</type>
          <required>false</required>
          <editable>true</editable>
          <description>Path of the build directory.</description>
        </parameter>
        <parameter>
          <name>bundleDirectories</name>
          <type>java.io.File[]</type>
          <required>false</required>
          <editable>true</editable>
          <description>List of directories that contains bundles.</description>
        </parameter>
        <parameter>
          <name>configurationFile</name>
          <type>java.io.File</type>
          <required>false</required>
          <editable>true</editable>
          <description>Configuration file.</description>
        </parameter>
        <parameter>
          <name>delayedBundles</name>
          <type>org.ow2.easybeans.osgi.plugins.launcher.DelayedBundlePattern[]</type>
          <required>false</required>
          <editable>true</editable>
          <description>List of bundles to start after a given delay.</description>
        </parameter>
        <parameter>
          <name>fork</name>
          <type>boolean</type>
          <required>false</required>
          <editable>true</editable>
          <description>Fork the JVM for the start of the framework ? (default is false)</description>
        </parameter>
        <parameter>
          <name>framework</name>
          <type>java.lang.String</type>
          <required>true</required>
          <editable>true</editable>
          <description>Type of Framework (felix | equinox | knopflerfish).</description>
        </parameter>
        <parameter>
          <name>jvmProperties</name>
          <type>java.util.Properties</type>
          <required>false</required>
          <editable>true</editable>
          <description>JVM Properties (System properties to set).</description>
        </parameter>
        <parameter>
          <name>localRepository</name>
          <type>org.apache.maven.artifact.repository.ArtifactRepository</type>
          <required>false</required>
          <editable>true</editable>
          <description>Local Maven repository used by the Artifact Resolver.</description>
        </parameter>
        <parameter>
          <name>modules</name>
          <type>org.ow2.easybeans.osgi.plugins.launcher.Module[]</type>
          <required>false</required>
          <editable>true</editable>
          <description>List of Modules that needs to be installed/started.</description>
        </parameter>
        <parameter>
          <name>project</name>
          <type>org.apache.maven.project.MavenProject</type>
          <required>true</required>
          <editable>false</editable>
          <description>The maven project.</description>
        </parameter>
        <parameter>
          <name>repositories</name>
          <type>java.util.List</type>
          <required>false</required>
          <editable>true</editable>
          <description>List of Maven repositories (remote) used by the Artifact Resolver.</description>
        </parameter>
        <parameter>
          <name>startOrderBundles</name>
          <type>java.lang.String[]</type>
          <required>false</required>
          <editable>true</editable>
          <description>List of bundles to start in the given order (by their symbolic name).</description>
        </parameter>
        <parameter>
          <name>stopOrderBundles</name>
          <type>java.lang.String[]</type>
          <required>false</required>
          <editable>true</editable>
          <description>List of bundles to stop in the given order (by their symbolic name).</description>
        </parameter>
        <parameter>
          <name>waitAfterStart</name>
          <type>long</type>
          <required>false</required>
          <editable>true</editable>
          <description>Waiting value after the start.</description>
        </parameter>
        <parameter>
          <name>waitAfterStop</name>
          <type>long</type>
          <required>false</required>
          <editable>true</editable>
          <description>Waiting value after the stop.</description>
        </parameter>
      </parameters>
      <configuration>
        <buildDirectory implementation="java.io.File">${project.build.directory}</buildDirectory>
        <localRepository implementation="org.apache.maven.artifact.repository.ArtifactRepository">${localRepository}</localRepository>
        <repositories implementation="java.util.List">${project.remoteArtifactRepositories}</repositories>
        <project implementation="org.apache.maven.project.MavenProject">${project}</project>
      </configuration>
      <requirements>
        <requirement>
          <role>org.apache.maven.artifact.resolver.ArtifactResolver</role>
          <field-name>artifactResolver</field-name>
        </requirement>
        <requirement>
          <role>org.apache.maven.artifact.factory.ArtifactFactory</role>
          <field-name>artifactFactory</field-name>
        </requirement>
      </requirements>
    </mojo>
    <mojo>
      <goal>stop</goal>
      <description>Stop an OSGi framework.</description>
      <requiresDirectInvocation>false</requiresDirectInvocation>
      <requiresProject>true</requiresProject>
      <requiresReports>false</requiresReports>
      <aggregator>false</aggregator>
      <requiresOnline>false</requiresOnline>
      <inheritedByDefault>true</inheritedByDefault>
      <phase>post-integration-test</phase>
      <implementation>org.ow2.easybeans.osgi.plugins.launcher.StopMojo</implementation>
      <language>java</language>
      <instantiationStrategy>per-lookup</instantiationStrategy>
      <executionStrategy>once-per-session</executionStrategy>
      <parameters>
        <parameter>
          <name>buildDirectory</name>
          <type>java.io.File</type>
          <required>false</required>
          <editable>true</editable>
          <description>Path of the build directory.</description>
        </parameter>
        <parameter>
          <name>bundleDirectories</name>
          <type>java.io.File[]</type>
          <required>false</required>
          <editable>true</editable>
          <description>List of directories that contains bundles.</description>
        </parameter>
        <parameter>
          <name>configurationFile</name>
          <type>java.io.File</type>
          <required>false</required>
          <editable>true</editable>
          <description>Configuration file.</description>
        </parameter>
        <parameter>
          <name>fork</name>
          <type>boolean</type>
          <required>false</required>
          <editable>true</editable>
          <description>Fork the JVM for the start of the framework ? (default is false)</description>
        </parameter>
        <parameter>
          <name>framework</name>
          <type>java.lang.String</type>
          <required>true</required>
          <editable>true</editable>
          <description>Type of Framework (felix | equinox | knopflerfish).</description>
        </parameter>
        <parameter>
          <name>jvmProperties</name>
          <type>java.util.Properties</type>
          <required>false</required>
          <editable>true</editable>
          <description>JVM Properties (System properties to set).</description>
        </parameter>
        <parameter>
          <name>localRepository</name>
          <type>org.apache.maven.artifact.repository.ArtifactRepository</type>
          <required>false</required>
          <editable>true</editable>
          <description>Local Maven repository used by the Artifact Resolver.</description>
        </parameter>
        <parameter>
          <name>modules</name>
          <type>org.ow2.easybeans.osgi.plugins.launcher.Module[]</type>
          <required>false</required>
          <editable>true</editable>
          <description>List of Modules that needs to be installed/started.</description>
        </parameter>
        <parameter>
          <name>project</name>
          <type>org.apache.maven.project.MavenProject</type>
          <required>true</required>
          <editable>false</editable>
          <description>The maven project.</description>
        </parameter>
        <parameter>
          <name>repositories</name>
          <type>java.util.List</type>
          <required>false</required>
          <editable>true</editable>
          <description>List of Maven repositories (remote) used by the Artifact Resolver.</description>
        </parameter>
        <parameter>
          <name>stopOrderBundles</name>
          <type>java.lang.String[]</type>
          <required>false</required>
          <editable>true</editable>
          <description>List of bundles to stop in the given order (by their symbolic name).</description>
        </parameter>
        <parameter>
          <name>waitAfterStop</name>
          <type>long</type>
          <required>false</required>
          <editable>true</editable>
          <description>Waiting value after the stop.</description>
        </parameter>
      </parameters>
      <configuration>
        <buildDirectory implementation="java.io.File">${project.build.directory}</buildDirectory>
        <localRepository implementation="org.apache.maven.artifact.repository.ArtifactRepository">${localRepository}</localRepository>
        <repositories implementation="java.util.List">${project.remoteArtifactRepositories}</repositories>
        <project implementation="org.apache.maven.project.MavenProject">${project}</project>
      </configuration>
      <requirements>
        <requirement>
          <role>org.apache.maven.artifact.resolver.ArtifactResolver</role>
          <field-name>artifactResolver</field-name>
        </requirement>
        <requirement>
          <role>org.apache.maven.artifact.factory.ArtifactFactory</role>
          <field-name>artifactFactory</field-name>
        </requirement>
      </requirements>
    </mojo>
  </mojos>
  <dependencies>
    <dependency>
      <groupId>junit</groupId>
      <artifactId>junit</artifactId>
      <type>jar</type>
      <version>3.8.1</version>
    </dependency>
    <dependency>
      <groupId>org.apache.maven</groupId>
      <artifactId>maven-model</artifactId>
      <type>jar</type>
      <version>2.0.7</version>
    </dependency>
    <dependency>
      <groupId>org.ow2.util</groupId>
      <artifactId>util-i18n</artifactId>
      <type>jar</type>
      <version>1.0-M2</version>
    </dependency>
    <dependency>
      <groupId>org.codehaus.plexus</groupId>
      <artifactId>plexus-container-default</artifactId>
      <type>jar</type>
      <version>1.0-alpha-9-stable-1</version>
    </dependency>
    <dependency>
      <groupId>org.apache.maven</groupId>
      <artifactId>maven-artifact-manager</artifactId>
      <type>jar</type>
      <version>2.0.7</version>
    </dependency>
    <dependency>
      <groupId>org.apache.maven</groupId>
      <artifactId>maven-artifact</artifactId>
      <type>jar</type>
      <version>2.0.7</version>
    </dependency>
    <dependency>
      <groupId>org.apache.maven.wagon</groupId>
      <artifactId>wagon-provider-api</artifactId>
      <type>jar</type>
      <version>1.0-beta-2</version>
    </dependency>
    <dependency>
      <groupId>org.apache.maven</groupId>
      <artifactId>maven-settings</artifactId>
      <type>jar</type>
      <version>2.0.7</version>
    </dependency>
    <dependency>
      <groupId>org.ow2.easybeans.osgi</groupId>
      <artifactId>easybeans-osgi-plugins-launcher-api</artifactId>
      <type>jar</type>
      <version>1.0.0.RC1</version>
    </dependency>
    <dependency>
      <groupId>org.apache.felix</groupId>
      <artifactId>org.apache.felix.framework</artifactId>
      <type>jar</type>
      <version>1.0.1</version>
    </dependency>
    <dependency>
      <groupId>classworlds</groupId>
      <artifactId>classworlds</artifactId>
      <type>jar</type>
      <version>1.1-alpha-2</version>
    </dependency>
    <dependency>
      <groupId>org.ow2.easybeans.osgi</groupId>
      <artifactId>easybeans-osgi-plugins-launcher-framework-equinox</artifactId>
      <type>jar</type>
      <version>1.0.0.RC1</version>
    </dependency>
    <dependency>
      <groupId>org.ow2.easybeans.osgi</groupId>
      <artifactId>easybeans-osgi-plugins-launcher-framework-felix</artifactId>
      <type>jar</type>
      <version>1.0.0.RC1</version>
    </dependency>
    <dependency>
      <groupId>org.apache.maven</groupId>
      <artifactId>maven-plugin-registry</artifactId>
      <type>jar</type>
      <version>2.0.7</version>
    </dependency>
    <dependency>
      <groupId>org.codehaus.plexus</groupId>
      <artifactId>plexus-utils</artifactId>
      <type>jar</type>
      <version>1.4.1</version>
    </dependency>
    <dependency>
      <groupId>org.ow2.easybeans.osgi</groupId>
      <artifactId>easybeans-osgi-plugins-launcher-framework-knopflerfish</artifactId>
      <type>jar</type>
      <version>1.0.0.RC1</version>
    </dependency>
    <dependency>
      <groupId>org.apache.maven</groupId>
      <artifactId>maven-project</artifactId>
      <type>jar</type>
      <version>2.0.7</version>
    </dependency>
    <dependency>
      <groupId>org.apache.maven</groupId>
      <artifactId>maven-profile</artifactId>
      <type>jar</type>
      <version>2.0.7</version>
    </dependency>
    <dependency>
      <groupId>org.knopflerfish</groupId>
      <artifactId>osgi</artifactId>
      <type>jar</type>
      <version>2.0.1</version>
    </dependency>
    <dependency>
      <groupId>org.apache.maven</groupId>
      <artifactId>maven-repository-metadata</artifactId>
      <type>jar</type>
      <version>2.0.7</version>
    </dependency>
    <dependency>
      <groupId>org.ow2.util</groupId>
      <artifactId>util-file</artifactId>
      <type>jar</type>
      <version>1.0-M2</version>
    </dependency>
    <dependency>
      <groupId>org.eclipse</groupId>
      <artifactId>osgi</artifactId>
      <type>jar</type>
      <version>3.3.0-v20070530</version>
    </dependency>
    <dependency>
      <groupId>org.apache.maven</groupId>
      <artifactId>maven-plugin-api</artifactId>
      <type>jar</type>
      <version>2.0.7</version>
    </dependency>
    <dependency>
      <groupId>commons-logging</groupId>
      <artifactId>commons-logging-api</artifactId>
      <type>jar</type>
      <version>1.1</version>
    </dependency>
    <dependency>
      <groupId>org.ow2.util</groupId>
      <artifactId>util-url</artifactId>
      <type>jar</type>
      <version>1.0-M2</version>
    </dependency>
    <dependency>
      <groupId>org.ow2.util</groupId>
      <artifactId>util-log</artifactId>
      <type>jar</type>
      <version>1.0-M2</version>
    </dependency>
  </dependencies>
</plugin>