<plugin>
  <description></description>
  <groupId>org.mortbay.jetty</groupId>
  <artifactId>maven-jetty6-plugin</artifactId>
  <version>6.0.0beta7</version>
  <goalPrefix>jetty6</goalPrefix>
  <isolatedRealm>false</isolatedRealm>
  <inheritedByDefault>true</inheritedByDefault>
  <mojos>
    <mojo>
      <goal>run</goal>
      <description>This plugin runs the &lt;a href="http://jetty.mortbay.org/jetty6"&gt;Jetty6&lt;/a&gt; web container in-situ on a Maven project without first requiring that the project is assembled into a war or exploded web application, saving time during the development cycle. &lt;p&gt; Furthermore, once invoked, the plugin can be configured to run continuously, scanning for changes in the project and automatically performing a hot redeploy when necessary. This allows the developer to concentrate on coding changes to the project using their IDE of choice and have those changes immediately and transparently reflected in the running web container, eliminating development time that is wasted on rebuilding, reassembling and redeploying. There is a &lt;a href="run-mojo.html"&gt;reference guide&lt;/a&gt; to the configuration parameters for this plugin, and more detailed information with examples in the &lt;a href="howto.html"&gt;Configuration How-To&lt;/a&gt;. &lt;/p&gt;</description>
      <requiresDependencyResolution>runtime</requiresDependencyResolution>
      <requiresDirectInvocation>false</requiresDirectInvocation>
      <requiresProject>true</requiresProject>
      <requiresReports>false</requiresReports>
      <aggregator>false</aggregator>
      <requiresOnline>false</requiresOnline>
      <inheritedByDefault>true</inheritedByDefault>
      <implementation>org.mortbay.jetty.plugin.JettyMojo</implementation>
      <language>java</language>
      <instantiationStrategy>per-lookup</instantiationStrategy>
      <executionStrategy>once-per-session</executionStrategy>
      <parameters>
        <parameter>
          <name>classesDirectory</name>
          <type>java.io.File</type>
          <required>true</required>
          <editable>false</editable>
          <description>The directory containing generated classes.</description>
        </parameter>
        <parameter>
          <name>connectors</name>
          <type>org.mortbay.jetty.Connector</type>
          <required>false</required>
          <editable>true</editable>
          <description>List of connectors to use. If none are configured then we use a single SelectChannelConnector at port 8080</description>
        </parameter>
        <parameter>
          <name>contextHandlers</name>
          <type>org.mortbay.jetty.handler.ContextHandler</type>
          <required>false</required>
          <editable>true</editable>
          <description>List of other contexts to set up. Optional.</description>
        </parameter>
        <parameter>
          <name>contextPath</name>
          <type>java.lang.String</type>
          <required>true</required>
          <editable>true</editable>
          <description>The context path for the webapp. Defaults to the name of the webapp's artifact.</description>
        </parameter>
        <parameter>
          <name>project</name>
          <type>org.apache.maven.project.MavenProject</type>
          <required>true</required>
          <editable>false</editable>
          <description>The maven project.</description>
        </parameter>
        <parameter>
          <name>scanIntervalSeconds</name>
          <type>int</type>
          <required>true</required>
          <editable>true</editable>
          <description>The interval in seconds to scan the webapp for changes and restart the context if necessary. Disabled by default.</description>
        </parameter>
        <parameter>
          <name>systemProperties</name>
          <type>org.mortbay.jetty.plugin.SystemProperty</type>
          <required>false</required>
          <editable>true</editable>
          <description>System properties to set before execution.Optional.</description>
        </parameter>
        <parameter>
          <name>tmpDirectory</name>
          <type>java.io.File</type>
          <required>true</required>
          <editable>true</editable>
          <description>The temporary directory to use for the webapp. Defaults to target/jetty-tmp</description>
        </parameter>
        <parameter>
          <name>userRealms</name>
          <type>org.mortbay.jetty.security.UserRealm</type>
          <required>false</required>
          <editable>true</editable>
          <description>List of security realms to set up. Optional.</description>
        </parameter>
        <parameter>
          <name>webAppSourceDirectory</name>
          <type>java.io.File</type>
          <required>true</required>
          <editable>true</editable>
          <description>Root directory for all html/jsp etc files</description>
        </parameter>
        <parameter>
          <name>webXml</name>
          <type>java.lang.String</type>
          <required>false</required>
          <editable>true</editable>
          <description>The location of the web.xml file. If not set then it is assumed it is in ${basedir}/src/main/webapp/WEB-INF</description>
        </parameter>
      </parameters>
      <configuration>
        <scanIntervalSeconds implementation="int">0</scanIntervalSeconds>
        <classesDirectory implementation="java.io.File">${project.build.outputDirectory}</classesDirectory>
        <webXml implementation="java.lang.String">${maven.war.webxml}</webXml>
        <webAppSourceDirectory implementation="java.io.File">${basedir}/src/main/webapp</webAppSourceDirectory>
        <tmpDirectory implementation="java.io.File">${basedir}/target/jetty-tmp</tmpDirectory>
        <project implementation="org.apache.maven.project.MavenProject">${project}</project>
        <contextPath implementation="java.lang.String">/${project.artifactId}</contextPath>
      </configuration>
    </mojo>
  </mojos>
  <dependencies/>
</plugin>