<plugin>
  <description>This plugin provides the capability to build &quot;car&quot; (Cecilia ARchives).</description>
  <groupId>org.objectweb.fractal.cecilia</groupId>
  <artifactId>maven-car-plugin</artifactId>
  <version>2.0-alpha-1</version>
  <goalPrefix>car</goalPrefix>
  <isolatedRealm>false</isolatedRealm>
  <inheritedByDefault>true</inheritedByDefault>
  <mojos>
    <mojo>
      <goal>car</goal>
      <description>Build a CAR (Cecilia ARchive) from the current project.</description>
      <requiresDirectInvocation>false</requiresDirectInvocation>
      <requiresProject>true</requiresProject>
      <requiresReports>false</requiresReports>
      <aggregator>false</aggregator>
      <requiresOnline>false</requiresOnline>
      <inheritedByDefault>true</inheritedByDefault>
      <phase>package</phase>
      <implementation>org.objectweb.fractal.cecilia.maven.plugin.car.CarMojo</implementation>
      <language>java</language>
      <instantiationStrategy>per-lookup</instantiationStrategy>
      <executionStrategy>once-per-session</executionStrategy>
      <parameters>
        <parameter>
          <name>archive</name>
          <type>org.apache.maven.archiver.MavenArchiveConfiguration</type>
          <required>false</required>
          <editable>true</editable>
          <description>The maven archive configuration to use. See &lt;a
href=&quot;http://maven.apache.org/ref/2.0.4/maven-archiver/apidocs/org/apache/maven/archiver/MavenArchiveConfiguration.html&quot;&gt;the
Javadocs for MavenArchiveConfiguration&lt;/a&gt;.</description>
        </parameter>
        <parameter>
          <name>classesDirectory</name>
          <type>java.io.File</type>
          <required>true</required>
          <editable>true</editable>
          <description>Directory containing the classes.</description>
        </parameter>
        <parameter>
          <name>classifier</name>
          <type>java.lang.String</type>
          <required>false</required>
          <editable>true</editable>
          <description>Classifier to add to the artifact generated. If given, the artifact will be an attachment instead.</description>
        </parameter>
        <parameter>
          <name>finalName</name>
          <alias>jarName</alias>
          <type>java.lang.String</type>
          <required>true</required>
          <editable>true</editable>
          <description>Name of the generated CAR.</description>
        </parameter>
        <parameter>
          <name>forceCreation</name>
          <type>boolean</type>
          <required>false</required>
          <editable>true</editable>
          <description>Whether creating the archive should be forced.</description>
        </parameter>
        <parameter>
          <name>outputDirectory</name>
          <type>java.io.File</type>
          <required>true</required>
          <editable>true</editable>
          <description>Directory containing the generated CAR.</description>
        </parameter>
        <parameter>
          <name>project</name>
          <type>org.apache.maven.project.MavenProject</type>
          <required>true</required>
          <editable>false</editable>
          <description>The maven project.</description>
        </parameter>
      </parameters>
      <configuration>
        <classesDirectory implementation="java.io.File">${project.build.outputDirectory}</classesDirectory>
        <outputDirectory implementation="java.io.File">${project.build.directory}</outputDirectory>
        <project implementation="org.apache.maven.project.MavenProject">${project}</project>
        <forceCreation implementation="boolean" default-value="false">${jar.forceCreation}</forceCreation>
        <finalName implementation="java.lang.String">${project.build.finalName}</finalName>
      </configuration>
      <requirements>
        <requirement>
          <role>org.codehaus.plexus.archiver.Archiver</role>
          <role-hint>car</role-hint>
          <field-name>carArchiver</field-name>
        </requirement>
        <requirement>
          <role>org.apache.maven.project.MavenProjectHelper</role>
          <field-name>projectHelper</field-name>
        </requirement>
        <requirement>
          <role>org.apache.maven.artifact.factory.ArtifactFactory</role>
          <field-name>artifactFactory</field-name>
        </requirement>
      </requirements>
    </mojo>
    <mojo>
      <goal>test-car</goal>
      <description>Build a CAR of the test code for the current project.</description>
      <requiresDirectInvocation>false</requiresDirectInvocation>
      <requiresProject>true</requiresProject>
      <requiresReports>false</requiresReports>
      <aggregator>false</aggregator>
      <requiresOnline>false</requiresOnline>
      <inheritedByDefault>true</inheritedByDefault>
      <phase>package</phase>
      <implementation>org.objectweb.fractal.cecilia.maven.plugin.car.TestCarMojo</implementation>
      <language>java</language>
      <instantiationStrategy>per-lookup</instantiationStrategy>
      <executionStrategy>once-per-session</executionStrategy>
      <parameters>
        <parameter>
          <name>archive</name>
          <type>org.apache.maven.archiver.MavenArchiveConfiguration</type>
          <required>false</required>
          <editable>true</editable>
          <description>The maven archive configuration to use. See &lt;a
href=&quot;http://maven.apache.org/ref/2.0.4/maven-archiver/apidocs/org/apache/maven/archiver/MavenArchiveConfiguration.html&quot;&gt;the
Javadocs for MavenArchiveConfiguration&lt;/a&gt;.</description>
        </parameter>
        <parameter>
          <name>finalName</name>
          <alias>jarName</alias>
          <type>java.lang.String</type>
          <required>true</required>
          <editable>true</editable>
          <description>Name of the generated CAR.</description>
        </parameter>
        <parameter>
          <name>forceCreation</name>
          <type>boolean</type>
          <required>false</required>
          <editable>true</editable>
          <description>Whether creating the archive should be forced.</description>
        </parameter>
        <parameter>
          <name>outputDirectory</name>
          <type>java.io.File</type>
          <required>true</required>
          <editable>true</editable>
          <description>Directory containing the generated CAR.</description>
        </parameter>
        <parameter>
          <name>project</name>
          <type>org.apache.maven.project.MavenProject</type>
          <required>true</required>
          <editable>false</editable>
          <description>The maven project.</description>
        </parameter>
        <parameter>
          <name>testClassesDirectory</name>
          <type>java.io.File</type>
          <required>true</required>
          <editable>true</editable>
          <description>Directory containing the test classes.</description>
        </parameter>
      </parameters>
      <configuration>
        <testClassesDirectory implementation="java.io.File">${project.build.testOutputDirectory}</testClassesDirectory>
        <outputDirectory implementation="java.io.File">${project.build.directory}</outputDirectory>
        <project implementation="org.apache.maven.project.MavenProject">${project}</project>
        <forceCreation implementation="boolean" default-value="false">${jar.forceCreation}</forceCreation>
        <finalName implementation="java.lang.String">${project.build.finalName}</finalName>
      </configuration>
      <requirements>
        <requirement>
          <role>org.codehaus.plexus.archiver.Archiver</role>
          <role-hint>car</role-hint>
          <field-name>carArchiver</field-name>
        </requirement>
        <requirement>
          <role>org.apache.maven.project.MavenProjectHelper</role>
          <field-name>projectHelper</field-name>
        </requirement>
        <requirement>
          <role>org.apache.maven.artifact.factory.ArtifactFactory</role>
          <field-name>artifactFactory</field-name>
        </requirement>
      </requirements>
    </mojo>
    <mojo>
      <goal>set-default-resources</goal>
      <description>Adds the default cecilia directories as project resources.</description>
      <requiresDirectInvocation>false</requiresDirectInvocation>
      <requiresProject>true</requiresProject>
      <requiresReports>false</requiresReports>
      <aggregator>false</aggregator>
      <requiresOnline>false</requiresOnline>
      <inheritedByDefault>true</inheritedByDefault>
      <implementation>org.objectweb.fractal.cecilia.maven.plugin.car.DefaultCeciliaResourcesMojo</implementation>
      <language>java</language>
      <instantiationStrategy>per-lookup</instantiationStrategy>
      <executionStrategy>once-per-session</executionStrategy>
      <parameters>
        <parameter>
          <name>ceciliaDirectory</name>
          <type>java.io.File</type>
          <required>true</required>
          <editable>true</editable>
          <description>The directory containing the cecilia sources</description>
        </parameter>
        <parameter>
          <name>excludes</name>
          <type>java.lang.String[]</type>
          <required>false</required>
          <editable>true</editable>
          <description>the excluded resources. (default is none)</description>
        </parameter>
        <parameter>
          <name>includes</name>
          <type>java.lang.String[]</type>
          <required>false</required>
          <editable>true</editable>
          <description>The included resources. (default is *.fractal, *.idl, *.c, *.h, *.s, *.S).</description>
        </parameter>
        <parameter>
          <name>project</name>
          <type>org.apache.maven.project.MavenProject</type>
          <required>true</required>
          <editable>false</editable>
          <description>The maven project.</description>
        </parameter>
      </parameters>
      <configuration>
        <ceciliaDirectory implementation="java.io.File" default-value="${basedir}/src/main/cecilia"/>
        <project implementation="org.apache.maven.project.MavenProject">${project}</project>
      </configuration>
      <requirements>
        <requirement>
          <role>org.apache.maven.project.MavenProjectHelper</role>
          <field-name>projectHelper</field-name>
        </requirement>
      </requirements>
    </mojo>
    <mojo>
      <goal>set-default-test-resources</goal>
      <description>Adds the default cecilia directories as project testResources.</description>
      <requiresDirectInvocation>false</requiresDirectInvocation>
      <requiresProject>true</requiresProject>
      <requiresReports>false</requiresReports>
      <aggregator>false</aggregator>
      <requiresOnline>false</requiresOnline>
      <inheritedByDefault>true</inheritedByDefault>
      <implementation>org.objectweb.fractal.cecilia.maven.plugin.car.DefaultCeciliaTestResourcesMojo</implementation>
      <language>java</language>
      <instantiationStrategy>per-lookup</instantiationStrategy>
      <executionStrategy>once-per-session</executionStrategy>
      <parameters>
        <parameter>
          <name>ceciliaTestDirectory</name>
          <type>java.io.File</type>
          <required>true</required>
          <editable>true</editable>
          <description>The directory containing the cecilia test sources</description>
        </parameter>
        <parameter>
          <name>excludes</name>
          <type>java.lang.String[]</type>
          <required>false</required>
          <editable>true</editable>
          <description>the excluded resources. (default is none)</description>
        </parameter>
        <parameter>
          <name>includes</name>
          <type>java.lang.String[]</type>
          <required>false</required>
          <editable>true</editable>
          <description>The included resources. (default is *.fractal, *.idl, *.c, *.h, *.s, *.S).</description>
        </parameter>
        <parameter>
          <name>project</name>
          <type>org.apache.maven.project.MavenProject</type>
          <required>true</required>
          <editable>false</editable>
          <description>The maven project.</description>
        </parameter>
      </parameters>
      <configuration>
        <project implementation="org.apache.maven.project.MavenProject">${project}</project>
        <ceciliaTestDirectory implementation="java.io.File" default-value="${basedir}/src/test/cecilia"/>
      </configuration>
      <requirements>
        <requirement>
          <role>org.apache.maven.project.MavenProjectHelper</role>
          <field-name>projectHelper</field-name>
        </requirement>
      </requirements>
    </mojo>
  </mojos>
  <dependencies>
    <dependency>
      <groupId>commons-lang</groupId>
      <artifactId>commons-lang</artifactId>
      <type>jar</type>
      <version>2.1</version>
    </dependency>
    <dependency>
      <groupId>org.apache.maven</groupId>
      <artifactId>maven-project</artifactId>
      <type>jar</type>
      <version>2.0.8</version>
    </dependency>
    <dependency>
      <groupId>org.apache.maven</groupId>
      <artifactId>maven-settings</artifactId>
      <type>jar</type>
      <version>2.0.8</version>
    </dependency>
    <dependency>
      <groupId>org.apache.maven</groupId>
      <artifactId>maven-model</artifactId>
      <type>jar</type>
      <version>2.0.8</version>
    </dependency>
    <dependency>
      <groupId>org.codehaus.plexus</groupId>
      <artifactId>plexus-utils</artifactId>
      <type>jar</type>
      <version>1.4.1</version>
    </dependency>
    <dependency>
      <groupId>org.codehaus.plexus</groupId>
      <artifactId>plexus-container-default</artifactId>
      <type>jar</type>
      <version>1.0-alpha-9-stable-1</version>
    </dependency>
    <dependency>
      <groupId>junit</groupId>
      <artifactId>junit</artifactId>
      <type>jar</type>
      <version>3.8.1</version>
    </dependency>
    <dependency>
      <groupId>classworlds</groupId>
      <artifactId>classworlds</artifactId>
      <type>jar</type>
      <version>1.1-alpha-2</version>
    </dependency>
    <dependency>
      <groupId>org.apache.maven</groupId>
      <artifactId>maven-profile</artifactId>
      <type>jar</type>
      <version>2.0.8</version>
    </dependency>
    <dependency>
      <groupId>org.apache.maven</groupId>
      <artifactId>maven-artifact-manager</artifactId>
      <type>jar</type>
      <version>2.0.8</version>
    </dependency>
    <dependency>
      <groupId>org.apache.maven</groupId>
      <artifactId>maven-repository-metadata</artifactId>
      <type>jar</type>
      <version>2.0.8</version>
    </dependency>
    <dependency>
      <groupId>org.apache.maven</groupId>
      <artifactId>maven-artifact</artifactId>
      <type>jar</type>
      <version>2.0.8</version>
    </dependency>
    <dependency>
      <groupId>org.apache.maven.wagon</groupId>
      <artifactId>wagon-provider-api</artifactId>
      <type>jar</type>
      <version>1.0-beta-2</version>
    </dependency>
    <dependency>
      <groupId>org.apache.maven</groupId>
      <artifactId>maven-plugin-registry</artifactId>
      <type>jar</type>
      <version>2.0.8</version>
    </dependency>
    <dependency>
      <groupId>org.codehaus.plexus</groupId>
      <artifactId>plexus-archiver</artifactId>
      <type>jar</type>
      <version>1.0-alpha-7</version>
    </dependency>
    <dependency>
      <groupId>org.apache.maven</groupId>
      <artifactId>maven-archiver</artifactId>
      <type>jar</type>
      <version>2.2</version>
    </dependency>
    <dependency>
      <groupId>org.apache.maven</groupId>
      <artifactId>maven-plugin-api</artifactId>
      <type>jar</type>
      <version>2.0.8</version>
    </dependency>
  </dependencies>
</plugin>