<?xml version="1.0" encoding="UTF-8" standalone="yes"?>
<jbi xmlns="http://java.sun.com/xml/ns/jbi" xmlns:xsi="http://www.w3.org/2001/XMLSchema-instance" version="1.0" xsi:schemaLocation="http://java.sun.com/xml/ns/jbi ./jbi.xsd">
<service-assembly>
<identification>
<name>templateJBI</name>
<description>Represents the Service Assembly of templateJBI</description>
</identification>
<service-unit>
<identification>
<name>templateJBI-gestalt-rss-binding</name>
<description>Represents this Service Unit</description>
</identification>
<target>
<artifacts-zip>gestalt-rss-binding.jar</artifacts-zip>
<component-name>gestalt-rss-binding</component-name>
</target>
</service-unit>
<service-unit>
<identification>
<name>templateJBI-bostech-tcpip-binding</name>
<description>Represents this Service Unit</description>
</identification>
<target>
<artifacts-zip>bostech-tcpip-binding.jar</artifacts-zip>
<component-name>bostech-tcpip-binding</component-name>
</target>
</service-unit>
<service-unit>
<identification>
<name>templateJBI-sun-snmp-binding</name>
<description>Represents this Service Unit</description>
</identification>
<target>
<artifacts-zip>sun-snmp-binding.jar</artifacts-zip>
<component-name>sun-snmp-binding</component-name>
</target>
</service-unit>
<service-unit>
<identification>
<name>templateJBI-gestalt-sip-binding</name>
<description>Represents this Service Unit</description>
</identification>
<target>
<artifacts-zip>gestalt-sip-binding.jar</artifacts-zip>
<component-name>gestalt-sip-binding</component-name>
</target>
</service-unit>
<service-unit>
<identification>
<name>templateJBI-gestalt-uddi-binding</name>
<description>Represents this Service Unit</description>
</identification>
<target>
<artifacts-zip>gestalt-uddi-binding.jar</artifacts-zip>
<component-name>gestalt-uddi-binding</component-name>
</target>
</service-unit>
<service-unit>
<identification>
<name>templateJBI-gestalt-xmpp-binding</name>
<description>Represents this Service Unit</description>
</identification>
<target>
<artifacts-zip>gestalt-xmpp-binding.jar</artifacts-zip>
<component-name>gestalt-xmpp-binding</component-name>
</target>
</service-unit>
<service-unit>
<identification>
<name>templateJBI-jbi4cics</name>
<description>Represents this Service Unit</description>
</identification>
<target>
<artifacts-zip>jbi4cics.jar</artifacts-zip>
<component-name>jbi4cics</component-name>
</target>
</service-unit>
<service-unit>
<identification>
<name>templateJBI-jbi4corba</name>
<description>Represents this Service Unit</description>
</identification>
<target>
<artifacts-zip>jbi4corba.jar</artifacts-zip>
<component-name>jbi4corba</component-name>
</target>
</service-unit>
<service-unit>
<identification>
<name>templateJBI-jbi4ejb</name>
<description>Represents this Service Unit</description>
</identification>
<target>
<artifacts-zip>jbi4ejb.jar</artifacts-zip>
<component-name>jbi4ejb</component-name>
</target>
</service-unit>
<service-unit>
<identification>
<name>templateJBI-sun-dcom-binding</name>
<description>Represents this Service Unit</description>
</identification>
<target>
<artifacts-zip>sun-dcom-binding.jar</artifacts-zip>
<component-name>sun-dcom-binding</component-name>
</target>
</service-unit>
<service-unit>
<identification>
<name>templateJBI-sun-email-binding</name>
<description>Represents this Service Unit</description>
</identification>
<target>
<artifacts-zip>sun-email-binding.jar</artifacts-zip>
<component-name>sun-email-binding</component-name>
</target>
</service-unit>
<service-unit>
<identification>
<name>templateJBI-sun-exec-binding</name>
<description>Represents this Service Unit</description>
</identification>
<target>
<artifacts-zip>sun-exec-binding.jar</artifacts-zip>
<component-name>sun-exec-binding</component-name>
</target>
</service-unit>
<service-unit>
<identification>
<name>templateJBI-sun-file-binding</name>
<description>Represents this Service Unit</description>
</identification>
<target>
<artifacts-zip>sun-file-binding.jar</artifacts-zip>
<component-name>sun-file-binding</component-name>
</target>
</service-unit>
<service-unit>
<identification>
<name>templateJBI-sun-ftp-binding</name>
<description>Represents this Service Unit</description>
</identification>
<target>
<artifacts-zip>sun-ftp-binding.jar</artifacts-zip>
<component-name>sun-ftp-binding</component-name>
</target>
</service-unit>
<service-unit>
<identification>
<name>templateJBI-sun-hl7-binding</name>
<description>Represents this Service Unit</description>
</identification>
<target>
<artifacts-zip>sun-hl7-binding.jar</artifacts-zip>
<component-name>sun-hl7-binding</component-name>
</target>
</service-unit>
<service-unit>
<identification>
<name>templateJBI-sun-http-binding</name>
<description>Represents this Service Unit</description>
</identification>
<target>
<artifacts-zip>sun-http-binding.jar</artifacts-zip>
<component-name>sun-http-binding</component-name>
</target>
</service-unit>
<service-unit>
<identification>
<name>templateJBI-sun-ims-binding</name>
<description>Represents this Service Unit</description>
</identification>
<target>
<artifacts-zip>sun-ims-binding.jar</artifacts-zip>
<component-name>sun-ims-binding</component-name>
</target>
</service-unit>
<service-unit>
<identification>
<name>templateJBI-sun-jdbc-binding</name>
<description>Represents this Service Unit</description>
</identification>
<target>
<artifacts-zip>sun-jdbc-binding.jar</artifacts-zip>
<component-name>sun-jdbc-binding</component-name>
</target>
</service-unit>
<service-unit>
<identification>
<name>templateJBI-sun-jms-binding</name>
<description>Represents this Service Unit</description>
</identification>
<target>
<artifacts-zip>sun-jms-binding.jar</artifacts-zip>
<component-name>sun-jms-binding</component-name>
</target>
</service-unit>
<service-unit>
<identification>
<name>templateJBI-sun-ldap-binding</name>
<description>Represents this Service Unit</description>
</identification>
<target>
<artifacts-zip>sun-ldap-binding.jar</artifacts-zip>
<component-name>sun-ldap-binding</component-name>
</target>
</service-unit>
<service-unit>
<identification>
<name>templateJBI-sun-msmq-binding</name>
<description>Represents this Service Unit</description>
</identification>
<target>
<artifacts-zip>sun-msmq-binding.jar</artifacts-zip>
<component-name>sun-msmq-binding</component-name>
</target>
</service-unit>
<service-unit>
<identification>
<name>templateJBI-sun-sap-binding</name>
<description>Represents this Service Unit</description>
</identification>
<target>
<artifacts-zip>sun-sap-binding.jar</artifacts-zip>
<component-name>sun-sap-binding</component-name>
</target>
</service-unit>
<service-unit>
<identification>
<name>templateJBI-sun-smtp-binding</name>
<description>Represents this Service Unit</description>
</identification>
<target>
<artifacts-zip>sun-smtp-binding.jar</artifacts-zip>
<component-name>sun-smtp-binding</component-name>
</target>
</service-unit>
<service-unit>
<identification>
<name>templateJBI-sun-swift-binding</name>
<description>Represents this Service Unit</description>
</identification>
<target>
<artifacts-zip>sun-swift-binding.jar</artifacts-zip>
<component-name>sun-swift-binding</component-name>
</target>
</service-unit>
<service-unit>
<identification>
<name>templateJBI-sun-webspheremq-binding</name>
<description>Represents this Service Unit</description>
</identification>
<target>
<artifacts-zip>sun-webspheremq-binding.jar</artifacts-zip>
<component-name>sun-webspheremq-binding</component-name>
</target>
</service-unit>
</service-assembly>
</jbi>
