<plugin>
  <description>Simple OR java code generator - Maven2 plugin</description>
  <groupId>net.sf.aislib.tools.mapping</groupId>
  <artifactId>plugin-m2</artifactId>
  <version>1.1</version>
  <goalPrefix>m2</goalPrefix>
  <isolatedRealm>false</isolatedRealm>
  <inheritedByDefault>true</inheritedByDefault>
  <mojos>
    <mojo>
      <goal>map-handlers</goal>
      <description>Generate &lt;code&gt;maphandlers&lt;/code&gt; classes.</description>
      <requiresDirectInvocation>false</requiresDirectInvocation>
      <requiresProject>true</requiresProject>
      <requiresReports>false</requiresReports>
      <aggregator>false</aggregator>
      <requiresOnline>false</requiresOnline>
      <inheritedByDefault>true</inheritedByDefault>
      <phase>generate-sources</phase>
      <implementation>net.sf.aislib.tools.mapping.plugin.m2.MapHandlerGeneratingMojo</implementation>
      <language>java</language>
      <instantiationStrategy>per-lookup</instantiationStrategy>
      <executionStrategy>once-per-session</executionStrategy>
      <parameters>
        <parameter>
          <name>aislibDependent</name>
          <type>boolean</type>
          <required>false</required>
          <editable>true</editable>
          <description>Define, if generated code should depend on aislib classes.</description>
        </parameter>
        <parameter>
          <name>dbHandlersSubpackage</name>
          <type>java.lang.String</type>
          <required>false</required>
          <editable>true</editable>
          <description>Name of subpackage for db handler classes.</description>
        </parameter>
        <parameter>
          <name>mapHandlersSubpackage</name>
          <type>java.lang.String</type>
          <required>false</required>
          <editable>true</editable>
          <description>Name of subpackage for map handler classes.</description>
        </parameter>
        <parameter>
          <name>mappingFile</name>
          <type>java.io.File</type>
          <required>true</required>
          <editable>true</editable>
          <description>File containing definition of structures.</description>
        </parameter>
        <parameter>
          <name>objectsSubpackage</name>
          <type>java.lang.String</type>
          <required>false</required>
          <editable>true</editable>
          <description>Name of subpackage for bean classes.</description>
        </parameter>
        <parameter>
          <name>outputDirectory</name>
          <type>java.io.File</type>
          <required>false</required>
          <editable>true</editable>
          <description>Output directory for generated source files.</description>
        </parameter>
        <parameter>
          <name>packageName</name>
          <type>java.lang.String</type>
          <required>true</required>
          <editable>true</editable>
          <description>Root package name for generated source files.</description>
        </parameter>
        <parameter>
          <name>project</name>
          <type>org.apache.maven.project.MavenProject</type>
          <required>true</required>
          <editable>true</editable>
          <description>Maven2 project.</description>
        </parameter>
        <parameter>
          <name>rowMappersSubpackage</name>
          <type>java.lang.String</type>
          <required>false</required>
          <editable>true</editable>
          <description>Name of subpackage for spring row mappers classes.</description>
        </parameter>
        <parameter>
          <name>useGenerics</name>
          <type>boolean</type>
          <required>false</required>
          <editable>true</editable>
          <description>Define, if code with generics should be generated.</description>
        </parameter>
      </parameters>
      <configuration>
        <outputDirectory implementation="java.io.File">${project.build.directory}/generated-sources/ais-mapping</outputDirectory>
        <project implementation="org.apache.maven.project.MavenProject">${project}</project>
      </configuration>
    </mojo>
    <mojo>
      <goal>row-mapper</goal>
      <description>Generate &lt;code&gt;springrowmapper&lt;/code&gt; classes.</description>
      <requiresDirectInvocation>false</requiresDirectInvocation>
      <requiresProject>true</requiresProject>
      <requiresReports>false</requiresReports>
      <aggregator>false</aggregator>
      <requiresOnline>false</requiresOnline>
      <inheritedByDefault>true</inheritedByDefault>
      <phase>generate-sources</phase>
      <implementation>net.sf.aislib.tools.mapping.plugin.m2.SpringRowMapperGeneratingMojo</implementation>
      <language>java</language>
      <instantiationStrategy>per-lookup</instantiationStrategy>
      <executionStrategy>once-per-session</executionStrategy>
      <parameters>
        <parameter>
          <name>aislibDependent</name>
          <type>boolean</type>
          <required>false</required>
          <editable>true</editable>
          <description>Define, if generated code should depend on aislib classes.</description>
        </parameter>
        <parameter>
          <name>dbHandlersSubpackage</name>
          <type>java.lang.String</type>
          <required>false</required>
          <editable>true</editable>
          <description>Name of subpackage for db handler classes.</description>
        </parameter>
        <parameter>
          <name>mapHandlersSubpackage</name>
          <type>java.lang.String</type>
          <required>false</required>
          <editable>true</editable>
          <description>Name of subpackage for map handler classes.</description>
        </parameter>
        <parameter>
          <name>mappingFile</name>
          <type>java.io.File</type>
          <required>true</required>
          <editable>true</editable>
          <description>File containing definition of structures.</description>
        </parameter>
        <parameter>
          <name>objectsSubpackage</name>
          <type>java.lang.String</type>
          <required>false</required>
          <editable>true</editable>
          <description>Name of subpackage for bean classes.</description>
        </parameter>
        <parameter>
          <name>outputDirectory</name>
          <type>java.io.File</type>
          <required>false</required>
          <editable>true</editable>
          <description>Output directory for generated source files.</description>
        </parameter>
        <parameter>
          <name>packageName</name>
          <type>java.lang.String</type>
          <required>true</required>
          <editable>true</editable>
          <description>Root package name for generated source files.</description>
        </parameter>
        <parameter>
          <name>project</name>
          <type>org.apache.maven.project.MavenProject</type>
          <required>true</required>
          <editable>true</editable>
          <description>Maven2 project.</description>
        </parameter>
        <parameter>
          <name>rowMappersSubpackage</name>
          <type>java.lang.String</type>
          <required>false</required>
          <editable>true</editable>
          <description>Name of subpackage for spring row mappers classes.</description>
        </parameter>
        <parameter>
          <name>useGenerics</name>
          <type>boolean</type>
          <required>false</required>
          <editable>true</editable>
          <description>Define, if code with generics should be generated.</description>
        </parameter>
      </parameters>
      <configuration>
        <outputDirectory implementation="java.io.File">${project.build.directory}/generated-sources/ais-mapping</outputDirectory>
        <project implementation="org.apache.maven.project.MavenProject">${project}</project>
      </configuration>
    </mojo>
    <mojo>
      <goal>db-handlers</goal>
      <description>Generate &lt;code&gt;dbhandlers&lt;/code&gt; classes.</description>
      <requiresDirectInvocation>false</requiresDirectInvocation>
      <requiresProject>true</requiresProject>
      <requiresReports>false</requiresReports>
      <aggregator>false</aggregator>
      <requiresOnline>false</requiresOnline>
      <inheritedByDefault>true</inheritedByDefault>
      <phase>generate-sources</phase>
      <implementation>net.sf.aislib.tools.mapping.plugin.m2.DbHandlerGeneratingMojo</implementation>
      <language>java</language>
      <instantiationStrategy>per-lookup</instantiationStrategy>
      <executionStrategy>once-per-session</executionStrategy>
      <parameters>
        <parameter>
          <name>aislibDependent</name>
          <type>boolean</type>
          <required>false</required>
          <editable>true</editable>
          <description>Define, if generated code should depend on aislib classes.</description>
        </parameter>
        <parameter>
          <name>dbHandlersSubpackage</name>
          <type>java.lang.String</type>
          <required>false</required>
          <editable>true</editable>
          <description>Name of subpackage for db handler classes.</description>
        </parameter>
        <parameter>
          <name>mapHandlersSubpackage</name>
          <type>java.lang.String</type>
          <required>false</required>
          <editable>true</editable>
          <description>Name of subpackage for map handler classes.</description>
        </parameter>
        <parameter>
          <name>mappingFile</name>
          <type>java.io.File</type>
          <required>true</required>
          <editable>true</editable>
          <description>File containing definition of structures.</description>
        </parameter>
        <parameter>
          <name>objectsSubpackage</name>
          <type>java.lang.String</type>
          <required>false</required>
          <editable>true</editable>
          <description>Name of subpackage for bean classes.</description>
        </parameter>
        <parameter>
          <name>outputDirectory</name>
          <type>java.io.File</type>
          <required>false</required>
          <editable>true</editable>
          <description>Output directory for generated source files.</description>
        </parameter>
        <parameter>
          <name>packageName</name>
          <type>java.lang.String</type>
          <required>true</required>
          <editable>true</editable>
          <description>Root package name for generated source files.</description>
        </parameter>
        <parameter>
          <name>project</name>
          <type>org.apache.maven.project.MavenProject</type>
          <required>true</required>
          <editable>true</editable>
          <description>Maven2 project.</description>
        </parameter>
        <parameter>
          <name>rowMappersSubpackage</name>
          <type>java.lang.String</type>
          <required>false</required>
          <editable>true</editable>
          <description>Name of subpackage for spring row mappers classes.</description>
        </parameter>
        <parameter>
          <name>useGenerics</name>
          <type>boolean</type>
          <required>false</required>
          <editable>true</editable>
          <description>Define, if code with generics should be generated.</description>
        </parameter>
      </parameters>
      <configuration>
        <outputDirectory implementation="java.io.File">${project.build.directory}/generated-sources/ais-mapping</outputDirectory>
        <project implementation="org.apache.maven.project.MavenProject">${project}</project>
      </configuration>
    </mojo>
    <mojo>
      <goal>database</goal>
      <description>Generate &lt;code&gt;Database&lt;/code&gt; class.</description>
      <requiresDirectInvocation>false</requiresDirectInvocation>
      <requiresProject>true</requiresProject>
      <requiresReports>false</requiresReports>
      <aggregator>false</aggregator>
      <requiresOnline>false</requiresOnline>
      <inheritedByDefault>true</inheritedByDefault>
      <phase>generate-sources</phase>
      <implementation>net.sf.aislib.tools.mapping.plugin.m2.DatabaseGeneratingMojo</implementation>
      <language>java</language>
      <instantiationStrategy>per-lookup</instantiationStrategy>
      <executionStrategy>once-per-session</executionStrategy>
      <parameters>
        <parameter>
          <name>aislibDependent</name>
          <type>boolean</type>
          <required>false</required>
          <editable>true</editable>
          <description>Define, if generated code should depend on aislib classes.</description>
        </parameter>
        <parameter>
          <name>dbHandlersSubpackage</name>
          <type>java.lang.String</type>
          <required>false</required>
          <editable>true</editable>
          <description>Name of subpackage for db handler classes.</description>
        </parameter>
        <parameter>
          <name>mapHandlersSubpackage</name>
          <type>java.lang.String</type>
          <required>false</required>
          <editable>true</editable>
          <description>Name of subpackage for map handler classes.</description>
        </parameter>
        <parameter>
          <name>mappingFile</name>
          <type>java.io.File</type>
          <required>true</required>
          <editable>true</editable>
          <description>File containing definition of structures.</description>
        </parameter>
        <parameter>
          <name>objectsSubpackage</name>
          <type>java.lang.String</type>
          <required>false</required>
          <editable>true</editable>
          <description>Name of subpackage for bean classes.</description>
        </parameter>
        <parameter>
          <name>outputDirectory</name>
          <type>java.io.File</type>
          <required>false</required>
          <editable>true</editable>
          <description>Output directory for generated source files.</description>
        </parameter>
        <parameter>
          <name>packageName</name>
          <type>java.lang.String</type>
          <required>true</required>
          <editable>true</editable>
          <description>Root package name for generated source files.</description>
        </parameter>
        <parameter>
          <name>project</name>
          <type>org.apache.maven.project.MavenProject</type>
          <required>true</required>
          <editable>true</editable>
          <description>Maven2 project.</description>
        </parameter>
        <parameter>
          <name>rowMappersSubpackage</name>
          <type>java.lang.String</type>
          <required>false</required>
          <editable>true</editable>
          <description>Name of subpackage for spring row mappers classes.</description>
        </parameter>
        <parameter>
          <name>useGenerics</name>
          <type>boolean</type>
          <required>false</required>
          <editable>true</editable>
          <description>Define, if code with generics should be generated.</description>
        </parameter>
      </parameters>
      <configuration>
        <outputDirectory implementation="java.io.File">${project.build.directory}/generated-sources/ais-mapping</outputDirectory>
        <project implementation="org.apache.maven.project.MavenProject">${project}</project>
      </configuration>
    </mojo>
    <mojo>
      <goal>beans</goal>
      <description>Generate &lt;code&gt;beans&lt;/code&gt; classes.</description>
      <requiresDirectInvocation>false</requiresDirectInvocation>
      <requiresProject>true</requiresProject>
      <requiresReports>false</requiresReports>
      <aggregator>false</aggregator>
      <requiresOnline>false</requiresOnline>
      <inheritedByDefault>true</inheritedByDefault>
      <phase>generate-sources</phase>
      <implementation>net.sf.aislib.tools.mapping.plugin.m2.BeanGeneratingMojo</implementation>
      <language>java</language>
      <instantiationStrategy>per-lookup</instantiationStrategy>
      <executionStrategy>once-per-session</executionStrategy>
      <parameters>
        <parameter>
          <name>aislibDependent</name>
          <type>boolean</type>
          <required>false</required>
          <editable>true</editable>
          <description>Define, if generated code should depend on aislib classes.</description>
        </parameter>
        <parameter>
          <name>dbHandlersSubpackage</name>
          <type>java.lang.String</type>
          <required>false</required>
          <editable>true</editable>
          <description>Name of subpackage for db handler classes.</description>
        </parameter>
        <parameter>
          <name>mapHandlersSubpackage</name>
          <type>java.lang.String</type>
          <required>false</required>
          <editable>true</editable>
          <description>Name of subpackage for map handler classes.</description>
        </parameter>
        <parameter>
          <name>mappingFile</name>
          <type>java.io.File</type>
          <required>true</required>
          <editable>true</editable>
          <description>File containing definition of structures.</description>
        </parameter>
        <parameter>
          <name>objectsSubpackage</name>
          <type>java.lang.String</type>
          <required>false</required>
          <editable>true</editable>
          <description>Name of subpackage for bean classes.</description>
        </parameter>
        <parameter>
          <name>outputDirectory</name>
          <type>java.io.File</type>
          <required>false</required>
          <editable>true</editable>
          <description>Output directory for generated source files.</description>
        </parameter>
        <parameter>
          <name>packageName</name>
          <type>java.lang.String</type>
          <required>true</required>
          <editable>true</editable>
          <description>Root package name for generated source files.</description>
        </parameter>
        <parameter>
          <name>project</name>
          <type>org.apache.maven.project.MavenProject</type>
          <required>true</required>
          <editable>true</editable>
          <description>Maven2 project.</description>
        </parameter>
        <parameter>
          <name>rowMappersSubpackage</name>
          <type>java.lang.String</type>
          <required>false</required>
          <editable>true</editable>
          <description>Name of subpackage for spring row mappers classes.</description>
        </parameter>
        <parameter>
          <name>useGenerics</name>
          <type>boolean</type>
          <required>false</required>
          <editable>true</editable>
          <description>Define, if code with generics should be generated.</description>
        </parameter>
      </parameters>
      <configuration>
        <outputDirectory implementation="java.io.File">${project.build.directory}/generated-sources/ais-mapping</outputDirectory>
        <project implementation="org.apache.maven.project.MavenProject">${project}</project>
      </configuration>
    </mojo>
  </mojos>
  <dependencies/>
</plugin>