<plugin>
  <description>Maven plugin for debugging within NetBeans IDE</description>
  <groupId>org.codehaus.mevenide</groupId>
  <artifactId>netbeans-debugger-plugin</artifactId>
  <version>1.3</version>
  <goalPrefix>netbeans-debugger</goalPrefix>
  <isolatedRealm>false</isolatedRealm>
  <inheritedByDefault>true</inheritedByDefault>
  <mojos>
    <mojo>
      <goal>jpdaconnect</goal>
      <description>Connect the JPDA debugger</description>
      <requiresDependencyResolution>runtime</requiresDependencyResolution>
      <requiresDirectInvocation>false</requiresDirectInvocation>
      <requiresProject>true</requiresProject>
      <requiresReports>false</requiresReports>
      <aggregator>false</aggregator>
      <requiresOnline>false</requiresOnline>
      <inheritedByDefault>true</inheritedByDefault>
      <phase>package</phase>
      <implementation>org.codehaus.mevenide.plugin.debugger.JPDAConnectMojo</implementation>
      <language>java</language>
      <instantiationStrategy>per-lookup</instantiationStrategy>
      <executionStrategy>once-per-session</executionStrategy>
      <parameters>
        <parameter>
          <name>address</name>
          <type>java.lang.String</type>
          <required>true</required>
          <editable>true</editable>
          <description></description>
        </parameter>
        <parameter>
          <name>host</name>
          <type>java.lang.String</type>
          <required>false</required>
          <editable>true</editable>
          <description></description>
        </parameter>
        <parameter>
          <name>name</name>
          <type>java.lang.String</type>
          <required>false</required>
          <editable>true</editable>
          <description>Name which will represent this debugging session in debugger UI.</description>
        </parameter>
        <parameter>
          <name>project</name>
          <type>org.apache.maven.project.MavenProject</type>
          <required>true</required>
          <editable>false</editable>
          <description></description>
        </parameter>
        <parameter>
          <name>transport</name>
          <type>java.lang.String</type>
          <required>false</required>
          <editable>true</editable>
          <description></description>
        </parameter>
      </parameters>
      <configuration>
        <host implementation="java.lang.String">${jpda.host}</host>
        <address implementation="java.lang.String">${jpda.address}</address>
        <project implementation="org.apache.maven.project.MavenProject">${project}</project>
        <name implementation="java.lang.String">${project.artifactId}</name>
        <transport implementation="java.lang.String">${jpda.transport}</transport>
      </configuration>
    </mojo>
    <mojo>
      <goal>reload</goal>
      <description>Reload classes</description>
      <requiresDependencyResolution>compile</requiresDependencyResolution>
      <requiresDirectInvocation>false</requiresDirectInvocation>
      <requiresProject>true</requiresProject>
      <requiresReports>false</requiresReports>
      <aggregator>false</aggregator>
      <requiresOnline>false</requiresOnline>
      <inheritedByDefault>true</inheritedByDefault>
      <phase>compile</phase>
      <implementation>org.codehaus.mevenide.plugin.debugger.JPDAReloadMojo</implementation>
      <language>java</language>
      <instantiationStrategy>per-lookup</instantiationStrategy>
      <executionStrategy>once-per-session</executionStrategy>
      <parameters>
        <parameter>
          <name>className</name>
          <type>java.lang.String</type>
          <required>true</required>
          <editable>true</editable>
          <description></description>
        </parameter>
        <parameter>
          <name>project</name>
          <type>org.apache.maven.project.MavenProject</type>
          <required>true</required>
          <editable>false</editable>
          <description></description>
        </parameter>
      </parameters>
      <configuration>
        <project implementation="org.apache.maven.project.MavenProject">${project}</project>
        <className implementation="java.lang.String">${netbeans.debug.class}</className>
      </configuration>
    </mojo>
  </mojos>
  <dependencies/>
</plugin>