<plugin>
  <description>Maven plugin for running within NetBeans IDE</description>
  <groupId>org.codehaus.mevenide</groupId>
  <artifactId>netbeans-run-plugin</artifactId>
  <version>1.1.3</version>
  <goalPrefix>netbeans-run</goalPrefix>
  <isolatedRealm>false</isolatedRealm>
  <inheritedByDefault>true</inheritedByDefault>
  <mojos>
    <mojo>
      <goal>run-jar</goal>
      <description>goal for running the project&apos;s jar artifact through maven in netbeans.
runs java -jar &lt;jar&gt;, assuming the assembly&apos;s jar-with-dependencies to be run before this one.
also assuming a Main-Class: entry in the manifest.</description>
      <requiresDependencyResolution>runtime</requiresDependencyResolution>
      <requiresDirectInvocation>false</requiresDirectInvocation>
      <requiresProject>true</requiresProject>
      <requiresReports>false</requiresReports>
      <aggregator>false</aggregator>
      <requiresOnline>false</requiresOnline>
      <inheritedByDefault>true</inheritedByDefault>
      <implementation>org.codehaus.mevenide.plugin.run.RunJarMojo</implementation>
      <language>java</language>
      <instantiationStrategy>per-lookup</instantiationStrategy>
      <executionStrategy>once-per-session</executionStrategy>
      <parameters>
        <parameter>
          <name>debugJvmParameters</name>
          <type>java.lang.String</type>
          <required>false</required>
          <editable>true</editable>
          <description></description>
        </parameter>
        <parameter>
          <name>executable</name>
          <type>java.lang.String</type>
          <required>false</required>
          <editable>true</editable>
          <description>the java executable to use for starting the process</description>
        </parameter>
        <parameter>
          <name>finalName</name>
          <type>java.lang.String</type>
          <required>true</required>
          <editable>true</editable>
          <description></description>
        </parameter>
        <parameter>
          <name>jarLocation</name>
          <type>java.io.File</type>
          <required>true</required>
          <editable>true</editable>
          <description></description>
        </parameter>
        <parameter>
          <name>jvmParameters</name>
          <type>java.lang.String</type>
          <required>false</required>
          <editable>true</editable>
          <description></description>
        </parameter>
        <parameter>
          <name>parameters</name>
          <type>java.lang.String</type>
          <required>false</required>
          <editable>true</editable>
          <description></description>
        </parameter>
        <parameter>
          <name>project</name>
          <type>org.apache.maven.project.MavenProject</type>
          <required>true</required>
          <editable>false</editable>
          <description>maven project</description>
        </parameter>
        <parameter>
          <name>workDirectory</name>
          <type>java.io.File</type>
          <required>false</required>
          <editable>true</editable>
          <description></description>
        </parameter>
      </parameters>
      <configuration>
        <parameters implementation="java.lang.String">${netbeans.jar.run.params}</parameters>
        <executable implementation="java.lang.String" default-value="java">${netbeans.jar.run.exec}</executable>
        <debugJvmParameters implementation="java.lang.String">${netbeans.jar.run.debugparams}</debugJvmParameters>
        <project implementation="org.apache.maven.project.MavenProject">${project}</project>
        <jvmParameters implementation="java.lang.String">${netbeans.jar.run.jvmparams}</jvmParameters>
        <jarLocation implementation="java.io.File">${project.build.directory}/executable-netbeans</jarLocation>
        <workDirectory implementation="java.io.File" default-value="${project.build.directory}/executable-netbeans">${netbeans.jar.run.workdir}</workDirectory>
        <finalName implementation="java.lang.String">${project.build.finalName}</finalName>
      </configuration>
    </mojo>
    <mojo>
      <goal>run-jar-no-wait</goal>
      <description>goal for running the project&apos;s jar artifact through maven in netbeans.
runs java -jar &lt;jar&gt;, assuming the custom assembly to be run before this one.
also assuming a Main-Class: + Class-Path: entry in the manifest.</description>
      <requiresDependencyResolution>runtime</requiresDependencyResolution>
      <requiresDirectInvocation>false</requiresDirectInvocation>
      <requiresProject>true</requiresProject>
      <requiresReports>false</requiresReports>
      <aggregator>false</aggregator>
      <requiresOnline>false</requiresOnline>
      <inheritedByDefault>true</inheritedByDefault>
      <implementation>org.codehaus.mevenide.plugin.run.RunJarNoWaitMojo</implementation>
      <language>java</language>
      <instantiationStrategy>per-lookup</instantiationStrategy>
      <executionStrategy>once-per-session</executionStrategy>
      <parameters>
        <parameter>
          <name>debugJvmParameters</name>
          <type>java.lang.String</type>
          <required>false</required>
          <editable>true</editable>
          <description></description>
        </parameter>
        <parameter>
          <name>executable</name>
          <type>java.lang.String</type>
          <required>false</required>
          <editable>true</editable>
          <description>the java executable to use for starting the process</description>
        </parameter>
        <parameter>
          <name>finalName</name>
          <type>java.lang.String</type>
          <required>true</required>
          <editable>true</editable>
          <description></description>
        </parameter>
        <parameter>
          <name>jarLocation</name>
          <type>java.io.File</type>
          <required>true</required>
          <editable>true</editable>
          <description></description>
        </parameter>
        <parameter>
          <name>jvmParameters</name>
          <type>java.lang.String</type>
          <required>false</required>
          <editable>true</editable>
          <description></description>
        </parameter>
        <parameter>
          <name>parameters</name>
          <type>java.lang.String</type>
          <required>false</required>
          <editable>true</editable>
          <description></description>
        </parameter>
        <parameter>
          <name>project</name>
          <type>org.apache.maven.project.MavenProject</type>
          <required>true</required>
          <editable>false</editable>
          <description>maven project</description>
        </parameter>
        <parameter>
          <name>workDirectory</name>
          <type>java.io.File</type>
          <required>false</required>
          <editable>true</editable>
          <description></description>
        </parameter>
      </parameters>
      <configuration>
        <parameters implementation="java.lang.String">${netbeans.jar.run.params}</parameters>
        <executable implementation="java.lang.String" default-value="java">${netbeans.jar.run.exec}</executable>
        <debugJvmParameters implementation="java.lang.String">${netbeans.jar.run.debugparams}</debugJvmParameters>
        <project implementation="org.apache.maven.project.MavenProject">${project}</project>
        <jvmParameters implementation="java.lang.String">${netbeans.jar.run.jvmparams}</jvmParameters>
        <jarLocation implementation="java.io.File">${project.build.directory}/executable-netbeans</jarLocation>
        <workDirectory implementation="java.io.File" default-value="${project.build.directory}/executable-netbeans">${netbeans.jar.run.workdir}</workDirectory>
        <finalName implementation="java.lang.String">${project.build.finalName}</finalName>
      </configuration>
    </mojo>
  </mojos>
  <dependencies/>
</plugin>