<plugin>
  <description>Maven plugin for deployment within NetBeans IDE</description>
  <groupId>org.codehaus.mevenide</groupId>
  <artifactId>netbeans-deploy-plugin</artifactId>
  <version>1.2.4</version>
  <goalPrefix>netbeans-deploy</goalPrefix>
  <isolatedRealm>false</isolatedRealm>
  <inheritedByDefault>true</inheritedByDefault>
  <mojos>
    <mojo>
      <goal>deploy</goal>
      <description>Deploy a maven artifact..</description>
      <requiresDirectInvocation>false</requiresDirectInvocation>
      <requiresProject>true</requiresProject>
      <requiresReports>false</requiresReports>
      <aggregator>false</aggregator>
      <requiresOnline>false</requiresOnline>
      <inheritedByDefault>true</inheritedByDefault>
      <implementation>org.codehaus.mevenide.plugin.deploy.DeployMojo</implementation>
      <language>java</language>
      <instantiationStrategy>per-lookup</instantiationStrategy>
      <executionStrategy>once-per-session</executionStrategy>
      <parameters>
        <parameter>
          <name>clientModuleUri</name>
          <type>java.lang.String</type>
          <required>false</required>
          <editable>true</editable>
          <description>URI of the web client or rich client in J2EE application to execute after deployment.</description>
        </parameter>
        <parameter>
          <name>clientUrlPart</name>
          <type>java.lang.String</type>
          <required>false</required>
          <editable>true</editable>
          <description>equivalent of netbeans-ant property client.url</description>
        </parameter>
        <parameter>
          <name>debugmode</name>
          <type>boolean</type>
          <required>false</required>
          <editable>true</editable>
          <description>Holds value of property debugmode.</description>
        </parameter>
        <parameter>
          <name>forceRedeploy</name>
          <type>boolean</type>
          <required>false</required>
          <editable>true</editable>
          <description></description>
        </parameter>
        <parameter>
          <name>project</name>
          <type>org.apache.maven.project.MavenProject</type>
          <required>true</required>
          <editable>false</editable>
          <description></description>
        </parameter>
      </parameters>
      <configuration>
        <forceRedeploy implementation="boolean">${netbeans.deploy.forceRedeploy}</forceRedeploy>
        <clientModuleUri implementation="java.lang.String">${netbeans.deploy.clientModuleUri}</clientModuleUri>
        <debugmode implementation="boolean">${netbeans.deploy.debugmode}</debugmode>
        <project implementation="org.apache.maven.project.MavenProject">${project}</project>
        <clientUrlPart implementation="java.lang.String">${netbeans.deploy.clientUrlPart}</clientUrlPart>
      </configuration>
    </mojo>
  </mojos>
  <dependencies/>
</plugin>