<plugin>
  <description>A maven plugin to use spoonlet(s) in a maven build</description>
  <groupId>net.sf.alchim</groupId>
  <artifactId>spoon-maven-plugin</artifactId>
  <version>0.6.1</version>
  <goalPrefix>spoon</goalPrefix>
  <isolatedRealm>false</isolatedRealm>
  <inheritedByDefault>true</inheritedByDefault>
  <mojos>
    <mojo>
      <goal>clean</goal>
      <description>Restore sourceDirectory to original.</description>
      <requiresDirectInvocation>false</requiresDirectInvocation>
      <requiresProject>true</requiresProject>
      <requiresReports>false</requiresReports>
      <aggregator>false</aggregator>
      <requiresOnline>false</requiresOnline>
      <inheritedByDefault>true</inheritedByDefault>
      <phase>compile</phase>
      <implementation>net.sf.alchim.spoon.contrib.maven.CleanCompileMojo</implementation>
      <language>java</language>
      <instantiationStrategy>per-lookup</instantiationStrategy>
      <executionStrategy>once-per-session</executionStrategy>
      <parameters>
        <parameter>
          <name>project</name>
          <type>org.apache.maven.project.MavenProject</type>
          <required>true</required>
          <editable>true</editable>
          <description></description>
        </parameter>
      </parameters>
      <configuration>
        <project implementation="org.apache.maven.project.MavenProject">${project}</project>
      </configuration>
    </mojo>
    <mojo>
      <goal>test-clean</goal>
      <description>Restore sourceDirectory to original.</description>
      <requiresDirectInvocation>false</requiresDirectInvocation>
      <requiresProject>true</requiresProject>
      <requiresReports>false</requiresReports>
      <aggregator>false</aggregator>
      <requiresOnline>false</requiresOnline>
      <inheritedByDefault>true</inheritedByDefault>
      <phase>package</phase>
      <implementation>net.sf.alchim.spoon.contrib.maven.CleanTestCompileMojo</implementation>
      <language>java</language>
      <instantiationStrategy>per-lookup</instantiationStrategy>
      <executionStrategy>once-per-session</executionStrategy>
      <parameters>
        <parameter>
          <name>project</name>
          <type>org.apache.maven.project.MavenProject</type>
          <required>true</required>
          <editable>true</editable>
          <description></description>
        </parameter>
      </parameters>
      <configuration>
        <project implementation="org.apache.maven.project.MavenProject">${project}</project>
      </configuration>
    </mojo>
    <mojo>
      <goal>generate</goal>
      <description>Apply a set of spoonlet on main source and generate the java files.</description>
      <requiresDependencyResolution>compile</requiresDependencyResolution>
      <requiresDirectInvocation>false</requiresDirectInvocation>
      <requiresProject>true</requiresProject>
      <requiresReports>false</requiresReports>
      <aggregator>false</aggregator>
      <requiresOnline>false</requiresOnline>
      <inheritedByDefault>true</inheritedByDefault>
      <phase>generate-sources</phase>
      <implementation>net.sf.alchim.spoon.contrib.maven.SpoonGenSrcMojo</implementation>
      <language>java</language>
      <instantiationStrategy>per-lookup</instantiationStrategy>
      <executionStrategy>once-per-session</executionStrategy>
      <parameters>
        <parameter>
          <name>cfg</name>
          <type>java.io.File</type>
          <required>false</required>
          <editable>true</editable>
          <description>Set to true to show messages about what the compiler is doing.</description>
        </parameter>
        <parameter>
          <name>compliance</name>
          <type>int</type>
          <required>false</required>
          <editable>true</editable>
          <description>Set the jdk compliance level.</description>
        </parameter>
        <parameter>
          <name>debug</name>
          <type>boolean</type>
          <required>false</required>
          <editable>true</editable>
          <description>Set to true to include debugging information in the compiled class files.</description>
        </parameter>
        <parameter>
          <name>failOnError</name>
          <type>boolean</type>
          <required>false</required>
          <editable>true</editable>
          <description>Set to true to stop the build if spoon generated warnings</description>
        </parameter>
        <parameter>
          <name>failOnWarning</name>
          <type>boolean</type>
          <required>false</required>
          <editable>true</editable>
          <description>Set to true to stop the build if spoon generated warnings</description>
        </parameter>
        <parameter>
          <name>generateSources</name>
          <type>boolean</type>
          <required>true</required>
          <editable>false</editable>
          <description>Set to false, if you don&apos;t want to generate java sources file
(usefull, if only use spoonlet as Analyzer).</description>
        </parameter>
        <parameter>
          <name>project</name>
          <type>org.apache.maven.project.MavenProject</type>
          <required>true</required>
          <editable>true</editable>
          <description></description>
        </parameter>
        <parameter>
          <name>srcOutputDirectory</name>
          <type>java.io.File</type>
          <required>true</required>
          <editable>false</editable>
          <description>The directory for generated java files.</description>
        </parameter>
        <parameter>
          <name>verbose</name>
          <type>boolean</type>
          <required>false</required>
          <editable>true</editable>
          <description>Set to true to show messages about what the compiler is doing.</description>
        </parameter>
      </parameters>
      <configuration>
        <debug implementation="boolean" default-value="false">${maven.spoon.debug}</debug>
        <verbose implementation="boolean" default-value="true">${maven.spoon.verbose}</verbose>
        <project implementation="org.apache.maven.project.MavenProject">${project}</project>
        <srcOutputDirectory implementation="java.io.File">${project.build.directory}/generated-sources/spoon</srcOutputDirectory>
        <generateSources implementation="boolean">${spoon.generate-sources}</generateSources>
        <failOnError implementation="boolean" default-value="true">${maven.spoon.failOnError}</failOnError>
        <compliance implementation="int" default-value="5">${maven.spoon.compliance}</compliance>
        <cfg implementation="java.io.File" default-value="${basedir}/spoon.cfg.xml">${maven.spoon.cfg}</cfg>
        <failOnWarning implementation="boolean" default-value="false">${maven.spoon.failOnWarning}</failOnWarning>
      </configuration>
    </mojo>
    <mojo>
      <goal>recompile</goal>
      <description>Apply a set of spoonlets after compilation of original java, and recompile the resulting java files.</description>
      <requiresDependencyResolution>compile</requiresDependencyResolution>
      <requiresDirectInvocation>false</requiresDirectInvocation>
      <requiresProject>true</requiresProject>
      <requiresReports>false</requiresReports>
      <aggregator>false</aggregator>
      <requiresOnline>false</requiresOnline>
      <inheritedByDefault>true</inheritedByDefault>
      <phase>compile</phase>
      <implementation>net.sf.alchim.spoon.contrib.maven.SpoonCompileMojo</implementation>
      <language>java</language>
      <instantiationStrategy>per-lookup</instantiationStrategy>
      <executionStrategy>once-per-session</executionStrategy>
      <parameters>
        <parameter>
          <name>cfg</name>
          <type>java.io.File</type>
          <required>false</required>
          <editable>true</editable>
          <description>Set to true to show messages about what the compiler is doing.</description>
        </parameter>
        <parameter>
          <name>classesOutputDirectory</name>
          <type>java.io.File</type>
          <required>true</required>
          <editable>false</editable>
          <description>The directory for generated java files.</description>
        </parameter>
        <parameter>
          <name>compliance</name>
          <type>int</type>
          <required>false</required>
          <editable>true</editable>
          <description>Set the jdk compliance level.</description>
        </parameter>
        <parameter>
          <name>debug</name>
          <type>boolean</type>
          <required>false</required>
          <editable>true</editable>
          <description>Set to true to include debugging information in the compiled class files.</description>
        </parameter>
        <parameter>
          <name>failOnError</name>
          <type>boolean</type>
          <required>false</required>
          <editable>true</editable>
          <description>Set to true to stop the build if spoon generated warnings</description>
        </parameter>
        <parameter>
          <name>failOnWarning</name>
          <type>boolean</type>
          <required>false</required>
          <editable>true</editable>
          <description>Set to true to stop the build if spoon generated warnings</description>
        </parameter>
        <parameter>
          <name>project</name>
          <type>org.apache.maven.project.MavenProject</type>
          <required>true</required>
          <editable>true</editable>
          <description></description>
        </parameter>
        <parameter>
          <name>srcOutputDirectory</name>
          <type>java.io.File</type>
          <required>true</required>
          <editable>false</editable>
          <description>The directory for generated java files.</description>
        </parameter>
        <parameter>
          <name>verbose</name>
          <type>boolean</type>
          <required>false</required>
          <editable>true</editable>
          <description>Set to true to show messages about what the compiler is doing.</description>
        </parameter>
      </parameters>
      <configuration>
        <debug implementation="boolean" default-value="false">${maven.spoon.debug}</debug>
        <classesOutputDirectory implementation="java.io.File">${project.build.directory}/classes</classesOutputDirectory>
        <verbose implementation="boolean" default-value="true">${maven.spoon.verbose}</verbose>
        <project implementation="org.apache.maven.project.MavenProject">${project}</project>
        <srcOutputDirectory implementation="java.io.File">${project.build.directory}/generated-sources/spoon</srcOutputDirectory>
        <failOnError implementation="boolean" default-value="true">${maven.spoon.failOnError}</failOnError>
        <compliance implementation="int" default-value="5">${maven.spoon.compliance}</compliance>
        <cfg implementation="java.io.File" default-value="${basedir}/spoon.cfg.xml">${maven.spoon.cfg}</cfg>
        <failOnWarning implementation="boolean" default-value="false">${maven.spoon.failOnWarning}</failOnWarning>
      </configuration>
    </mojo>
    <mojo>
      <goal>test-recompile</goal>
      <description>Apply a set of spoonlet on test source.</description>
      <requiresDependencyResolution>test</requiresDependencyResolution>
      <requiresDirectInvocation>false</requiresDirectInvocation>
      <requiresProject>true</requiresProject>
      <requiresReports>false</requiresReports>
      <aggregator>false</aggregator>
      <requiresOnline>false</requiresOnline>
      <inheritedByDefault>true</inheritedByDefault>
      <phase>test-compile</phase>
      <implementation>net.sf.alchim.spoon.contrib.maven.SpoonTestCompileMojo</implementation>
      <language>java</language>
      <instantiationStrategy>per-lookup</instantiationStrategy>
      <executionStrategy>once-per-session</executionStrategy>
      <parameters>
        <parameter>
          <name>cfg</name>
          <type>java.io.File</type>
          <required>false</required>
          <editable>true</editable>
          <description>Set to true to show messages about what the compiler is doing.</description>
        </parameter>
        <parameter>
          <name>classesOutputDirectory</name>
          <type>java.io.File</type>
          <required>true</required>
          <editable>false</editable>
          <description>The directory for generated java files.</description>
        </parameter>
        <parameter>
          <name>compliance</name>
          <type>int</type>
          <required>false</required>
          <editable>true</editable>
          <description>Set the jdk compliance level.</description>
        </parameter>
        <parameter>
          <name>debug</name>
          <type>boolean</type>
          <required>false</required>
          <editable>true</editable>
          <description>Set to true to include debugging information in the compiled class files.</description>
        </parameter>
        <parameter>
          <name>failOnError</name>
          <type>boolean</type>
          <required>false</required>
          <editable>true</editable>
          <description>Set to true to stop the build if spoon generated warnings</description>
        </parameter>
        <parameter>
          <name>failOnWarning</name>
          <type>boolean</type>
          <required>false</required>
          <editable>true</editable>
          <description>Set to true to stop the build if spoon generated warnings</description>
        </parameter>
        <parameter>
          <name>project</name>
          <type>org.apache.maven.project.MavenProject</type>
          <required>true</required>
          <editable>true</editable>
          <description></description>
        </parameter>
        <parameter>
          <name>srcOutputDirectory</name>
          <type>java.io.File</type>
          <required>true</required>
          <editable>false</editable>
          <description>The directory for generated java files.</description>
        </parameter>
        <parameter>
          <name>verbose</name>
          <type>boolean</type>
          <required>false</required>
          <editable>true</editable>
          <description>Set to true to show messages about what the compiler is doing.</description>
        </parameter>
      </parameters>
      <configuration>
        <debug implementation="boolean" default-value="false">${maven.spoon.debug}</debug>
        <classesOutputDirectory implementation="java.io.File">${project.build.directory}/test-classes</classesOutputDirectory>
        <verbose implementation="boolean" default-value="true">${maven.spoon.verbose}</verbose>
        <project implementation="org.apache.maven.project.MavenProject">${project}</project>
        <srcOutputDirectory implementation="java.io.File">${project.build.directory}/generated-test-sources/spoon</srcOutputDirectory>
        <failOnError implementation="boolean" default-value="true">${maven.spoon.failOnError}</failOnError>
        <compliance implementation="int" default-value="5">${maven.spoon.compliance}</compliance>
        <cfg implementation="java.io.File" default-value="${basedir}/spoon.cfg.xml">${maven.spoon.cfg}</cfg>
        <failOnWarning implementation="boolean" default-value="false">${maven.spoon.failOnWarning}</failOnWarning>
      </configuration>
    </mojo>
    <mojo>
      <goal>test-generate</goal>
      <description>Apply a set of spoonlet on test source.</description>
      <requiresDependencyResolution>test</requiresDependencyResolution>
      <requiresDirectInvocation>false</requiresDirectInvocation>
      <requiresProject>true</requiresProject>
      <requiresReports>false</requiresReports>
      <aggregator>false</aggregator>
      <requiresOnline>false</requiresOnline>
      <inheritedByDefault>true</inheritedByDefault>
      <phase>generate-test-sources</phase>
      <implementation>net.sf.alchim.spoon.contrib.maven.SpoonTestGenSrcMojo</implementation>
      <language>java</language>
      <instantiationStrategy>per-lookup</instantiationStrategy>
      <executionStrategy>once-per-session</executionStrategy>
      <parameters>
        <parameter>
          <name>cfg</name>
          <type>java.io.File</type>
          <required>false</required>
          <editable>true</editable>
          <description>Set to true to show messages about what the compiler is doing.</description>
        </parameter>
        <parameter>
          <name>compliance</name>
          <type>int</type>
          <required>false</required>
          <editable>true</editable>
          <description>Set the jdk compliance level.</description>
        </parameter>
        <parameter>
          <name>debug</name>
          <type>boolean</type>
          <required>false</required>
          <editable>true</editable>
          <description>Set to true to include debugging information in the compiled class files.</description>
        </parameter>
        <parameter>
          <name>failOnError</name>
          <type>boolean</type>
          <required>false</required>
          <editable>true</editable>
          <description>Set to true to stop the build if spoon generated warnings</description>
        </parameter>
        <parameter>
          <name>failOnWarning</name>
          <type>boolean</type>
          <required>false</required>
          <editable>true</editable>
          <description>Set to true to stop the build if spoon generated warnings</description>
        </parameter>
        <parameter>
          <name>project</name>
          <type>org.apache.maven.project.MavenProject</type>
          <required>true</required>
          <editable>true</editable>
          <description></description>
        </parameter>
        <parameter>
          <name>srcOutputDirectory</name>
          <type>java.io.File</type>
          <required>true</required>
          <editable>false</editable>
          <description>The directory for generated java files.</description>
        </parameter>
        <parameter>
          <name>verbose</name>
          <type>boolean</type>
          <required>false</required>
          <editable>true</editable>
          <description>Set to true to show messages about what the compiler is doing.</description>
        </parameter>
      </parameters>
      <configuration>
        <debug implementation="boolean" default-value="false">${maven.spoon.debug}</debug>
        <verbose implementation="boolean" default-value="true">${maven.spoon.verbose}</verbose>
        <project implementation="org.apache.maven.project.MavenProject">${project}</project>
        <srcOutputDirectory implementation="java.io.File">${project.build.directory}/generated-test-sources/spoon</srcOutputDirectory>
        <failOnError implementation="boolean" default-value="true">${maven.spoon.failOnError}</failOnError>
        <compliance implementation="int" default-value="5">${maven.spoon.compliance}</compliance>
        <cfg implementation="java.io.File" default-value="${basedir}/spoon.cfg.xml">${maven.spoon.cfg}</cfg>
        <failOnWarning implementation="boolean" default-value="false">${maven.spoon.failOnWarning}</failOnWarning>
      </configuration>
    </mojo>
  </mojos>
  <dependencies/>
</plugin>