<plugin>
  <description>To compress (Minify + Ofuscate) Javascript files and CSS files (using YUI Compressor from Julien Lecomte) and/or
  to check Javascript files with jslint.</description>
  <groupId>net.sf.alchim</groupId>
  <artifactId>yuicompressor-maven-plugin</artifactId>
  <version>0.6</version>
  <goalPrefix>yuicompressor</goalPrefix>
  <isolatedRealm>false</isolatedRealm>
  <inheritedByDefault>true</inheritedByDefault>
  <mojos>
    <mojo>
      <goal>compress</goal>
      <description>Apply compression on JS and CSS (using YUI Compressor).</description>
      <requiresDirectInvocation>false</requiresDirectInvocation>
      <requiresProject>true</requiresProject>
      <requiresReports>false</requiresReports>
      <aggregator>false</aggregator>
      <requiresOnline>false</requiresOnline>
      <inheritedByDefault>true</inheritedByDefault>
      <phase>process-resources</phase>
      <implementation>net.sf.alchim.mojo.yuicompressor.YuiCompressorMojo</implementation>
      <language>java</language>
      <instantiationStrategy>per-lookup</instantiationStrategy>
      <executionStrategy>once-per-session</executionStrategy>
      <parameters>
        <parameter>
          <name>aggregations</name>
          <type>net.sf.alchim.mojo.yuicompressor.Aggregation[]</type>
          <required>false</required>
          <editable>true</editable>
          <description>a list of aggregation/concatenation to do after processing,
by example to create big js files that contains several small js files.
aggregation could be done on any type of file (js, css, ...).</description>
        </parameter>
        <parameter>
          <name>encoding</name>
          <type>java.lang.String</type>
          <required>false</required>
          <editable>true</editable>
          <description>Read the input file using &quot;encoding&quot;.</description>
        </parameter>
        <parameter>
          <name>excludes</name>
          <type>java.util.List</type>
          <required>false</required>
          <editable>true</editable>
          <description>list of additionnal excludes</description>
        </parameter>
        <parameter>
          <name>failOnWarning</name>
          <type>boolean</type>
          <required>false</required>
          <editable>true</editable>
          <description>define if plugin must stop/fail on warnings.</description>
        </parameter>
        <parameter>
          <name>force</name>
          <type>boolean</type>
          <required>false</required>
          <editable>true</editable>
          <description>force the compression of every files,
else if compressed file already exists and is younger than source file, nothing is done.</description>
        </parameter>
        <parameter>
          <name>gzip</name>
          <type>boolean</type>
          <required>false</required>
          <editable>true</editable>
          <description>request to create a gzipped version of the yuicompressed/aggregation files.</description>
        </parameter>
        <parameter>
          <name>jswarn</name>
          <type>boolean</type>
          <required>false</required>
          <editable>true</editable>
          <description>[js only] Display possible errors in the code</description>
        </parameter>
        <parameter>
          <name>linebreakpos</name>
          <type>int</type>
          <required>false</required>
          <editable>true</editable>
          <description>Insert line breaks in output after the specified column number.</description>
        </parameter>
        <parameter>
          <name>nomunge</name>
          <type>boolean</type>
          <required>false</required>
          <editable>true</editable>
          <description>[js only] Minify only, do not obfuscate.</description>
        </parameter>
        <parameter>
          <name>nosuffix</name>
          <type>boolean</type>
          <required>false</required>
          <editable>true</editable>
          <description>If no &quot;suffix&quot; must be add to output filename (maven&apos;s configuration manage empty suffix like default).</description>
        </parameter>
        <parameter>
          <name>outputDirectory</name>
          <type>java.io.File</type>
          <required>false</required>
          <editable>true</editable>
          <description>The output directory into which to copy the resources.</description>
        </parameter>
        <parameter>
          <name>preserveAllSemiColons</name>
          <type>boolean</type>
          <required>false</required>
          <editable>true</editable>
          <description>[js only] Preserve unnecessary semicolons.</description>
        </parameter>
        <parameter>
          <name>preserveStringLiterals</name>
          <type>boolean</type>
          <required>false</required>
          <editable>true</editable>
          <description>[js only] Preserve string (no optimization).</description>
        </parameter>
        <parameter>
          <name>project</name>
          <type>org.apache.maven.project.MavenProject</type>
          <required>true</required>
          <editable>false</editable>
          <description></description>
        </parameter>
        <parameter>
          <name>resources</name>
          <type>java.util.List</type>
          <required>false</required>
          <editable>true</editable>
          <description>The list of resources we want to transfer.</description>
        </parameter>
        <parameter>
          <name>statistics</name>
          <type>boolean</type>
          <required>false</required>
          <editable>true</editable>
          <description>show statistics (compression ratio).</description>
        </parameter>
        <parameter>
          <name>suffix</name>
          <type>java.lang.String</type>
          <required>false</required>
          <editable>true</editable>
          <description>The output filename suffix.</description>
        </parameter>
        <parameter>
          <name>warSourceDirectory</name>
          <type>java.io.File</type>
          <required>false</required>
          <editable>true</editable>
          <description>Single directory for extra files to include in the WAR.</description>
        </parameter>
        <parameter>
          <name>webappDirectory</name>
          <type>java.io.File</type>
          <required>false</required>
          <editable>true</editable>
          <description>The directory where the webapp is built.</description>
        </parameter>
      </parameters>
      <configuration>
        <resources implementation="java.util.List">${project.resources}</resources>
        <warSourceDirectory implementation="java.io.File">${basedir}/src/main/webapp</warSourceDirectory>
        <nosuffix implementation="boolean" default-value="false">${maven.yuicompressor.nosuffix}</nosuffix>
        <gzip implementation="boolean" default-value="false">${maven.yuicompressor.gzip}</gzip>
        <encoding implementation="java.lang.String" default-value="UTF-8">${file.encoding}</encoding>
        <outputDirectory implementation="java.io.File">${project.build.outputDirectory}</outputDirectory>
        <suffix implementation="java.lang.String" default-value="-min">${maven.yuicompressor.suffix}</suffix>
        <jswarn implementation="boolean" default-value="true">${maven.yuicompressor.jswarm}</jswarn>
        <nomunge implementation="boolean" default-value="false">${maven.yuicompressor.nomunge}</nomunge>
        <statistics implementation="boolean" default-value="true">${maven.yuicompressor.statistics}</statistics>
        <linebreakpos implementation="int" default-value="0">${maven.yuicompressor.linebreakpos}</linebreakpos>
        <project implementation="org.apache.maven.project.MavenProject">${project}</project>
        <preserveStringLiterals implementation="boolean" default-value="false">${maven.yuicompressor.preserveStringLiterals}</preserveStringLiterals>
        <webappDirectory implementation="java.io.File">${project.build.directory}/${project.build.finalName}</webappDirectory>
        <failOnWarning implementation="boolean" default-value="false">${maven.yuicompressor.failOnWarning}</failOnWarning>
        <force implementation="boolean" default-value="false">${maven.yuicompressor.force}</force>
        <preserveAllSemiColons implementation="boolean" default-value="false">${maven.yuicompressor.preserveAllSemiColons}</preserveAllSemiColons>
      </configuration>
    </mojo>
    <mojo>
      <goal>jslint</goal>
      <description>Check JS files with jslint.</description>
      <requiresDirectInvocation>false</requiresDirectInvocation>
      <requiresProject>true</requiresProject>
      <requiresReports>false</requiresReports>
      <aggregator>false</aggregator>
      <requiresOnline>false</requiresOnline>
      <inheritedByDefault>true</inheritedByDefault>
      <phase>process-resources</phase>
      <implementation>net.sf.alchim.mojo.yuicompressor.JSLintMojo</implementation>
      <language>java</language>
      <instantiationStrategy>per-lookup</instantiationStrategy>
      <executionStrategy>once-per-session</executionStrategy>
      <parameters>
        <parameter>
          <name>excludes</name>
          <type>java.util.List</type>
          <required>false</required>
          <editable>true</editable>
          <description>list of additionnal excludes</description>
        </parameter>
        <parameter>
          <name>failOnWarning</name>
          <type>boolean</type>
          <required>false</required>
          <editable>true</editable>
          <description>define if plugin must stop/fail on warnings.</description>
        </parameter>
        <parameter>
          <name>jswarn</name>
          <type>boolean</type>
          <required>false</required>
          <editable>true</editable>
          <description>[js only] Display possible errors in the code</description>
        </parameter>
        <parameter>
          <name>outputDirectory</name>
          <type>java.io.File</type>
          <required>false</required>
          <editable>true</editable>
          <description>The output directory into which to copy the resources.</description>
        </parameter>
        <parameter>
          <name>project</name>
          <type>org.apache.maven.project.MavenProject</type>
          <required>true</required>
          <editable>false</editable>
          <description></description>
        </parameter>
        <parameter>
          <name>resources</name>
          <type>java.util.List</type>
          <required>false</required>
          <editable>true</editable>
          <description>The list of resources we want to transfer.</description>
        </parameter>
        <parameter>
          <name>warSourceDirectory</name>
          <type>java.io.File</type>
          <required>false</required>
          <editable>true</editable>
          <description>Single directory for extra files to include in the WAR.</description>
        </parameter>
        <parameter>
          <name>webappDirectory</name>
          <type>java.io.File</type>
          <required>false</required>
          <editable>true</editable>
          <description>The directory where the webapp is built.</description>
        </parameter>
      </parameters>
      <configuration>
        <outputDirectory implementation="java.io.File">${project.build.outputDirectory}</outputDirectory>
        <jswarn implementation="boolean" default-value="true">${maven.yuicompressor.jswarm}</jswarn>
        <resources implementation="java.util.List">${project.resources}</resources>
        <project implementation="org.apache.maven.project.MavenProject">${project}</project>
        <warSourceDirectory implementation="java.io.File">${basedir}/src/main/webapp</warSourceDirectory>
        <webappDirectory implementation="java.io.File">${project.build.directory}/${project.build.finalName}</webappDirectory>
        <failOnWarning implementation="boolean" default-value="false">${maven.yuicompressor.failOnWarning}</failOnWarning>
      </configuration>
    </mojo>
  </mojos>
  <dependencies/>
</plugin>