<plugin>
  <description>Maven2 jour plugin</description>
  <groupId>net.sf.jour</groupId>
  <artifactId>jour-maven-plugin</artifactId>
  <version>2.0.0</version>
  <goalPrefix>jour</goalPrefix>
  <isolatedRealm>false</isolatedRealm>
  <inheritedByDefault>true</inheritedByDefault>
  <mojos>
    <mojo>
      <goal>instrument</goal>
      <description>The jour:instrument will apply instrumentation during build.</description>
      <requiresDependencyResolution>test</requiresDependencyResolution>
      <requiresDirectInvocation>false</requiresDirectInvocation>
      <requiresProject>true</requiresProject>
      <requiresReports>false</requiresReports>
      <aggregator>false</aggregator>
      <requiresOnline>false</requiresOnline>
      <inheritedByDefault>true</inheritedByDefault>
      <implementation>net.sf.jour.maven.InstrumentationMojo</implementation>
      <language>java</language>
      <instantiationStrategy>per-lookup</instantiationStrategy>
      <executionStrategy>once-per-session</executionStrategy>
      <parameters>
        <parameter>
          <name>classesDirectory</name>
          <type>java.io.File</type>
          <required>true</required>
          <editable>true</editable>
          <description>The directory or jar containing original classes.</description>
        </parameter>
        <parameter>
          <name>jourConfig</name>
          <type>java.io.File</type>
          <required>false</required>
          <editable>true</editable>
          <description>Reads configuration options from the given file.</description>
        </parameter>
        <parameter>
          <name>mavenProject</name>
          <type>org.apache.maven.project.MavenProject</type>
          <required>true</required>
          <editable>false</editable>
          <description>The Maven project reference where the plugin is currently being executed.
Used for dependancy resolution during compilation.
The default value is populated from maven.</description>
        </parameter>
        <parameter>
          <name>output</name>
          <type>java.lang.String</type>
          <required>true</required>
          <editable>true</editable>
          <description>Output directory name or the name of the output JAR file relative to outputDirectory parameter.</description>
        </parameter>
        <parameter>
          <name>outputDirectory</name>
          <type>java.io.File</type>
          <required>true</required>
          <editable>true</editable>
          <description>Directory containing the generated JAR.</description>
        </parameter>
      </parameters>
      <configuration>
        <classesDirectory implementation="java.io.File">${project.build.outputDirectory}</classesDirectory>
        <mavenProject implementation="org.apache.maven.project.MavenProject">${project}</mavenProject>
        <outputDirectory implementation="java.io.File">${project.build.directory}</outputDirectory>
        <output implementation="java.lang.String">iclasses</output>
        <jourConfig implementation="java.io.File" default-value="${basedir}/jour.xml"/>
      </configuration>
    </mojo>
  </mojos>
  <dependencies/>
</plugin>