<plugin>
  <description>Maven2 jour plugin</description>
  <groupId>net.sf.jour</groupId>
  <artifactId>jour-maven-plugin</artifactId>
  <version>2.0.1</version>
  <goalPrefix>jour</goalPrefix>
  <isolatedRealm>false</isolatedRealm>
  <inheritedByDefault>true</inheritedByDefault>
  <mojos>
    <mojo>
      <goal>instrument</goal>
      <description>The jour:instrument will apply instrumentation during build.</description>
      <requiresDependencyResolution>test</requiresDependencyResolution>
      <requiresDirectInvocation>false</requiresDirectInvocation>
      <requiresProject>true</requiresProject>
      <requiresReports>false</requiresReports>
      <aggregator>false</aggregator>
      <requiresOnline>false</requiresOnline>
      <inheritedByDefault>true</inheritedByDefault>
      <implementation>net.sf.jour.maven.InstrumentationMojo</implementation>
      <language>java</language>
      <instantiationStrategy>per-lookup</instantiationStrategy>
      <executionStrategy>once-per-session</executionStrategy>
      <parameters>
        <parameter>
          <name>classesDirectory</name>
          <type>java.io.File</type>
          <required>true</required>
          <editable>true</editable>
          <description>The directory or jar containing original classes.</description>
        </parameter>
        <parameter>
          <name>copyClasses</name>
          <type>boolean</type>
          <required>false</required>
          <editable>true</editable>
          <description>Copy not instrumented classes to &quot;output&quot;</description>
        </parameter>
        <parameter>
          <name>copyResources</name>
          <type>boolean</type>
          <required>false</required>
          <editable>true</editable>
          <description>Copy resources to &quot;output&quot;</description>
        </parameter>
        <parameter>
          <name>jourConfig</name>
          <type>java.lang.String</type>
          <required>false</required>
          <editable>true</editable>
          <description>Reads configuration options from the given file. File or resource name.</description>
        </parameter>
        <parameter>
          <name>mavenProject</name>
          <type>org.apache.maven.project.MavenProject</type>
          <required>true</required>
          <editable>false</editable>
          <description>The Maven project reference where the plugin is currently being executed.
Used for dependency resolution during compilation. The default value is
populated from maven.</description>
        </parameter>
        <parameter>
          <name>output</name>
          <type>java.lang.String</type>
          <required>true</required>
          <editable>true</editable>
          <description>Output directory name relative to outputDirectory parameter.</description>
        </parameter>
        <parameter>
          <name>outputDirectory</name>
          <type>java.io.File</type>
          <required>true</required>
          <editable>true</editable>
          <description>Directory containing the generated JAR.</description>
        </parameter>
        <parameter>
          <name>useSystemClassPath</name>
          <type>boolean</type>
          <required>false</required>
          <editable>true</editable>
          <description>Appends the system search path to the end of the search path. The system
search path usually includes the platform library, extension libraries,
and the search path specified by the &lt;code&gt;-classpath&lt;/code&gt; option or
the &lt;code&gt;CLASSPATH&lt;/code&gt; environment variable.</description>
        </parameter>
      </parameters>
      <configuration>
        <classesDirectory implementation="java.io.File">${project.build.outputDirectory}</classesDirectory>
        <mavenProject implementation="org.apache.maven.project.MavenProject">${project}</mavenProject>
        <copyResources implementation="boolean">false</copyResources>
        <copyClasses implementation="boolean">false</copyClasses>
        <useSystemClassPath implementation="boolean">true</useSystemClassPath>
        <outputDirectory implementation="java.io.File">${project.build.directory}</outputDirectory>
        <output implementation="java.lang.String">iclasses</output>
        <jourConfig implementation="java.lang.String" default-value="${basedir}/jour.xml"/>
      </configuration>
    </mojo>
  </mojos>
  <dependencies/>
</plugin>