<plugin>
  <description>A Mojo for generating bin scripts for Java applications.</description>
  <groupId>org.codehaus.mojo</groupId>
  <artifactId>appassembler-maven-plugin</artifactId>
  <version>1.0-alpha-2</version>
  <goalPrefix>appassembler</goalPrefix>
  <isolatedRealm>false</isolatedRealm>
  <inheritedByDefault>true</inheritedByDefault>
  <mojos>
    <mojo>
      <goal>assemble</goal>
      <description>Assembles the artifacts and generates bin scripts for the configured applications</description>
      <requiresDependencyResolution>runtime</requiresDependencyResolution>
      <requiresDirectInvocation>false</requiresDirectInvocation>
      <requiresProject>true</requiresProject>
      <requiresReports>false</requiresReports>
      <aggregator>false</aggregator>
      <requiresOnline>false</requiresOnline>
      <inheritedByDefault>true</inheritedByDefault>
      <phase>package</phase>
      <implementation>org.codehaus.mojo.appassembler.AssembleMojo</implementation>
      <language>java</language>
      <instantiationStrategy>per-lookup</instantiationStrategy>
      <executionStrategy>once-per-session</executionStrategy>
      <parameters>
        <parameter>
          <name>artifacts</name>
          <type>java.util.Set</type>
          <required>false</required>
          <editable>false</editable>
          <description></description>
        </parameter>
        <parameter>
          <name>assembleDirectory</name>
          <type>java.io.File</type>
          <required>true</required>
          <editable>true</editable>
          <description>The directory that will be used to assemble the artifacts in and place the bin scripts.</description>
        </parameter>
        <parameter>
          <name>binPrefix</name>
          <type>java.lang.String</type>
          <required>false</required>
          <editable>true</editable>
          <description>Prefix generated bin files with this.</description>
        </parameter>
        <parameter>
          <name>buildDirectory</name>
          <type>java.lang.String</type>
          <required>false</required>
          <editable>false</editable>
          <description></description>
        </parameter>
        <parameter>
          <name>extraJvmArguments</name>
          <type>java.lang.String</type>
          <required>false</required>
          <editable>true</editable>
          <description>Extra arguments that will be given to the JVM verbatim.</description>
        </parameter>
        <parameter>
          <name>includeConfigurationDirectoryInClasspath</name>
          <type>boolean</type>
          <required>false</required>
          <editable>true</editable>
          <description>Include /etc in the beginning of the classpath in the generated bin files</description>
        </parameter>
        <parameter>
          <name>localRepository</name>
          <type>org.apache.maven.artifact.repository.ArtifactRepository</type>
          <required>false</required>
          <editable>false</editable>
          <description></description>
        </parameter>
        <parameter>
          <name>platforms</name>
          <type>java.util.Set</type>
          <required>false</required>
          <editable>true</editable>
          <description>The default platforms the plugin will generate bin files for. Configure with string values - &quot;all&quot;(default/empty) | &quot;windows&quot; | &quot;unix&quot;</description>
        </parameter>
        <parameter>
          <name>programs</name>
          <type>java.util.Set</type>
          <required>true</required>
          <editable>true</editable>
          <description>The set of Programs that bin files will be generated for.</description>
        </parameter>
        <parameter>
          <name>projectArtifact</name>
          <type>org.apache.maven.artifact.Artifact</type>
          <required>false</required>
          <editable>false</editable>
          <description></description>
        </parameter>
        <parameter>
          <name>repositoryLayout</name>
          <type>java.lang.String</type>
          <required>false</required>
          <editable>true</editable>
          <description>The layout of the generated Maven repository. Supported types - &quot;default&quot; (Maven2) | &quot;legacy&quot; (Maven1)</description>
        </parameter>
      </parameters>
      <configuration>
        <includeConfigurationDirectoryInClasspath implementation="boolean" default-value="true"/>
        <projectArtifact implementation="org.apache.maven.artifact.Artifact">${project.artifact}</projectArtifact>
        <buildDirectory implementation="java.lang.String">${project.build.directory}</buildDirectory>
        <localRepository implementation="org.apache.maven.artifact.repository.ArtifactRepository">${localRepository}</localRepository>
        <assembleDirectory implementation="java.io.File">${project.build.directory}/appassembler</assembleDirectory>
        <artifacts implementation="java.util.Set">${project.artifacts}</artifacts>
      </configuration>
      <requirements>
        <requirement>
          <role>org.apache.maven.artifact.repository.ArtifactRepositoryFactory</role>
          <field-name>artifactRepositoryFactory</field-name>
        </requirement>
        <requirement>
          <role>org.apache.maven.artifact.installer.ArtifactInstaller</role>
          <field-name>artifactInstaller</field-name>
        </requirement>
      </requirements>
    </mojo>
    <mojo>
      <goal>generate-daemons</goal>
      <description></description>
      <requiresDependencyResolution>runtime</requiresDependencyResolution>
      <requiresDirectInvocation>false</requiresDirectInvocation>
      <requiresProject>true</requiresProject>
      <requiresReports>false</requiresReports>
      <aggregator>false</aggregator>
      <requiresOnline>false</requiresOnline>
      <inheritedByDefault>true</inheritedByDefault>
      <phase>generate-resources</phase>
      <implementation>org.codehaus.mojo.appassembler.GenerateDaemonsMojo</implementation>
      <language>java</language>
      <instantiationStrategy>per-lookup</instantiationStrategy>
      <executionStrategy>once-per-session</executionStrategy>
      <parameters>
        <parameter>
          <name>basedir</name>
          <type>java.io.File</type>
          <required>true</required>
          <editable>true</editable>
          <description></description>
        </parameter>
        <parameter>
          <name>daemons</name>
          <type>java.util.Set</type>
          <required>true</required>
          <editable>true</editable>
          <description></description>
        </parameter>
        <parameter>
          <name>defaultJvmSettings</name>
          <type>org.codehaus.mojo.appassembler.JvmSettings</type>
          <required>false</required>
          <editable>true</editable>
          <description></description>
        </parameter>
        <parameter>
          <name>localRepository</name>
          <type>org.apache.maven.artifact.repository.ArtifactRepository</type>
          <required>false</required>
          <editable>false</editable>
          <description></description>
        </parameter>
        <parameter>
          <name>project</name>
          <type>org.apache.maven.project.MavenProject</type>
          <required>true</required>
          <editable>true</editable>
          <description></description>
        </parameter>
        <parameter>
          <name>target</name>
          <type>java.io.File</type>
          <required>true</required>
          <editable>true</editable>
          <description></description>
        </parameter>
      </parameters>
      <configuration>
        <target implementation="java.io.File">${project.build.directory}</target>
        <localRepository implementation="org.apache.maven.artifact.repository.ArtifactRepository">${localRepository}</localRepository>
        <project implementation="org.apache.maven.project.MavenProject">${project}</project>
        <basedir implementation="java.io.File">${basedir}</basedir>
      </configuration>
      <requirements>
        <requirement>
          <role>org.codehaus.mojo.appassembler.daemon.DaemonGeneratorService</role>
          <field-name>daemonGeneratorService</field-name>
        </requirement>
      </requirements>
    </mojo>
    <mojo>
      <goal>create-repository</goal>
      <description>Creates an appassembler repository.</description>
      <requiresDependencyResolution>runtime</requiresDependencyResolution>
      <requiresDirectInvocation>false</requiresDirectInvocation>
      <requiresProject>true</requiresProject>
      <requiresReports>false</requiresReports>
      <aggregator>false</aggregator>
      <requiresOnline>false</requiresOnline>
      <inheritedByDefault>true</inheritedByDefault>
      <phase>package</phase>
      <implementation>org.codehaus.mojo.appassembler.CreateRepositoryMojo</implementation>
      <language>java</language>
      <instantiationStrategy>per-lookup</instantiationStrategy>
      <executionStrategy>once-per-session</executionStrategy>
      <parameters>
        <parameter>
          <name>artifactFinalName</name>
          <type>java.lang.String</type>
          <required>false</required>
          <editable>false</editable>
          <description></description>
        </parameter>
        <parameter>
          <name>artifacts</name>
          <type>java.util.Set</type>
          <required>false</required>
          <editable>false</editable>
          <description></description>
        </parameter>
        <parameter>
          <name>assembleDirectory</name>
          <type>java.io.File</type>
          <required>true</required>
          <editable>true</editable>
          <description>The directory that will be used to assemble the artifacts in and place the bin scripts.</description>
        </parameter>
        <parameter>
          <name>localRepository</name>
          <type>org.apache.maven.artifact.repository.ArtifactRepository</type>
          <required>false</required>
          <editable>false</editable>
          <description></description>
        </parameter>
        <parameter>
          <name>projectArtifact</name>
          <type>org.apache.maven.artifact.Artifact</type>
          <required>false</required>
          <editable>false</editable>
          <description></description>
        </parameter>
        <parameter>
          <name>repoPath</name>
          <type>java.lang.String</type>
          <required>true</required>
          <editable>true</editable>
          <description>The directory that will be used for the dependencies, relative to assembleDirectory.</description>
        </parameter>
        <parameter>
          <name>repositoryLayout</name>
          <type>java.lang.String</type>
          <required>false</required>
          <editable>true</editable>
          <description>The layout of the generated Maven repository. Supported types - &quot;default&quot; (Maven2) | &quot;legacy&quot; (Maven1) | &quot;flat&quot; (flat lib/ style)</description>
        </parameter>
      </parameters>
      <configuration>
        <artifactFinalName implementation="java.lang.String">${project.build.directory}/${project.build.finalName}.${project.packaging}</artifactFinalName>
        <repoPath implementation="java.lang.String">repo</repoPath>
        <projectArtifact implementation="org.apache.maven.artifact.Artifact">${project.artifact}</projectArtifact>
        <localRepository implementation="org.apache.maven.artifact.repository.ArtifactRepository">${localRepository}</localRepository>
        <assembleDirectory implementation="java.io.File">${project.build.directory}/appassembler</assembleDirectory>
        <artifacts implementation="java.util.Set">${project.artifacts}</artifacts>
      </configuration>
      <requirements>
        <requirement>
          <role>org.apache.maven.artifact.repository.ArtifactRepositoryFactory</role>
          <field-name>artifactRepositoryFactory</field-name>
        </requirement>
        <requirement>
          <role>org.apache.maven.artifact.installer.ArtifactInstaller</role>
          <field-name>artifactInstaller</field-name>
        </requirement>
      </requirements>
    </mojo>
  </mojos>
  <dependencies/>
</plugin>