<plugin>
  <description></description>
  <groupId>org.codehaus.mojo</groupId>
  <artifactId>appfuse-maven-plugin</artifactId>
  <version>2.0-alpha</version>
  <goalPrefix>appfuse</goalPrefix>
  <isolatedRealm>false</isolatedRealm>
  <inheritedByDefault>true</inheritedByDefault>
  <mojos>
    <mojo>
      <goal>db2hbm</goal>
      <description>This mojo class will reverse engineer a set of hbm.xml files from a database connection.</description>
      <requiresDirectInvocation>false</requiresDirectInvocation>
      <requiresProject>true</requiresProject>
      <requiresReports>false</requiresReports>
      <aggregator>false</aggregator>
      <requiresOnline>false</requiresOnline>
      <inheritedByDefault>true</inheritedByDefault>
      <implementation>org.codehaus.mojo.appfuse.mojo.Db2HbmMojo</implementation>
      <language>java</language>
      <instantiationStrategy>per-lookup</instantiationStrategy>
      <executionStrategy>once-per-session</executionStrategy>
      <parameters>
        <parameter>
          <name>hbmTemplateName</name>
          <type>java.lang.String</type>
          <required>false</required>
          <editable>true</editable>
          <description>The name of the template that will be used to reverse engineer the hbm files from the database.</description>
        </parameter>
        <parameter>
          <name>hbmTemplatePrefix</name>
          <type>java.lang.String</type>
          <required>false</required>
          <editable>true</editable>
          <description>The prefix/directory of the template that will be used to reverse engineer the hbm files from the database.</description>
        </parameter>
        <parameter>
          <name>hibernatePropertiesFile</name>
          <type>java.lang.String</type>
          <required>false</required>
          <editable>true</editable>
          <description>The full package name/address to the hibernate properties file.</description>
        </parameter>
        <parameter>
          <name>modelPackageName</name>
          <type>java.lang.String</type>
          <required>false</required>
          <editable>true</editable>
          <description>The name of the package used for model value objects and hbm.xml files.</description>
        </parameter>
        <parameter>
          <name>outputDirectory</name>
          <type>java.lang.String</type>
          <required>false</required>
          <editable>true</editable>
          <description>The path where the generated artifacts will be placed.</description>
        </parameter>
        <parameter>
          <name>reverseEngineeringConfigurationFileDirectory</name>
          <type>java.lang.String</type>
          <required>false</required>
          <editable>true</editable>
          <description>The directory name that contains files with information on how to handle the reverse engineering of database tables to objects. A sample might look like ${basedir}/src/main/resources/.</description>
        </parameter>
        <parameter>
          <name>reverseEngineeringConfigurationFiles</name>
          <type>java.util.List</type>
          <required>false</required>
          <editable>true</editable>
          <description>A list of file names in the reverseEngineeringConfigurationFileDirectory that will be used to control the reverse engineering of database schemas and tables to java objects. A sample entry might look like hibernate.reveng1.xml.</description>
        </parameter>
        <parameter>
          <name>reverseStrategyClass</name>
          <type>java.lang.String</type>
          <required>false</required>
          <editable>true</editable>
          <description>The full package and classname for any additional ReverseEngineeringDelegator class that might be used to alter the way the reverse engineering might be handled. A sample is included in the code for this plugin and to use that class you would set this value to org.codehaus.mojo.appfuse.reveng.AppfuseReverseEngineeringDelegator.</description>
        </parameter>
      </parameters>
      <configuration>
        <outputDirectory implementation="java.lang.String">${basedir}/src/main/java</outputDirectory>
        <modelPackageName implementation="java.lang.String" default-value="com.appfuse.datakit.model"/>
        <hbmTemplateName implementation="java.lang.String" default-value="hibernate-mapping.hbm"/>
        <hibernatePropertiesFile implementation="java.lang.String">${basedir}/src/main/resources/hibernate.properties</hibernatePropertiesFile>
        <hbmTemplatePrefix implementation="java.lang.String" default-value="hbm/"/>
      </configuration>
    </mojo>
  </mojos>
  <dependencies/>
</plugin>