<plugin>
  <description></description>
  <groupId>org.codehaus.mojo</groupId>
  <artifactId>buildnumber-maven-plugin</artifactId>
  <version>1.0-beta-1</version>
  <goalPrefix>buildnumber</goalPrefix>
  <isolatedRealm>false</isolatedRealm>
  <inheritedByDefault>true</inheritedByDefault>
  <mojos>
    <mojo>
      <goal>create</goal>
      <description>This mojo is designed to give you a build number. So when you might make 100 builds of version
1.0-SNAPSHOT, you can differentiate between them all. The build number is based on the revision
number retrieved from scm. It only works with subversion, currently. This mojo can also check to make
sure that you have checked everything into scm, before issuing the build number. That behaviour can be suppressed,
and then the latest local build number is used. Build numbers are not reflected
in your artifact&apos;s filename (automatically), but can be added to the metadata. You can access the build
number in your pom with ${buildNumber}. You can also access ${timestamp}.</description>
      <requiresDirectInvocation>false</requiresDirectInvocation>
      <requiresProject>true</requiresProject>
      <requiresReports>false</requiresReports>
      <aggregator>false</aggregator>
      <requiresOnline>false</requiresOnline>
      <inheritedByDefault>true</inheritedByDefault>
      <implementation>org.codehaus.mojo.build.BuildMojo</implementation>
      <language>java</language>
      <instantiationStrategy>per-lookup</instantiationStrategy>
      <executionStrategy>once-per-session</executionStrategy>
      <parameters>
        <parameter>
          <name>basedir</name>
          <type>java.io.File</type>
          <required>true</required>
          <editable>false</editable>
          <description></description>
        </parameter>
        <parameter>
          <name>buildNumberPropertyName</name>
          <type>java.lang.String</type>
          <required>false</required>
          <editable>true</editable>
          <description>You can rename the buildNumber property name to another property name if desired.</description>
        </parameter>
        <parameter>
          <name>doCheck</name>
          <type>boolean</type>
          <required>false</required>
          <editable>true</editable>
          <description>If this is made true, we check for modified files, and if there are any, we fail the build. Note that this
used to be inverted (skipCheck), but needed to be changed to allow releases to work. This corresponds to
&apos;svn status&apos;.</description>
        </parameter>
        <parameter>
          <name>doUpdate</name>
          <type>boolean</type>
          <required>false</required>
          <editable>true</editable>
          <description>If this is made true, then the revision will be updated to the latest in the repo, otherwise it will
remain what it is locally. Note that this used to be inverted (skipUpdate), but needed to be changed to
allow releases to work. This corresponds to &apos;svn update&apos;.

Note that these expressions (doCheck, doUpdate, etc) are the first thing evaluated. If there is no matching
expression, we get the default-value. If there is (ie -Dmaven.buildNumber.doCheck=false), we get that value.
The configuration, however, gets the last say, through use of the getters/setters below. So if
&lt;doCheck&gt;true&lt;/doCheck&gt;, then normally that&apos;s the final value of the param in question. However, this mojo
reverses that behaviour, such that the command line parameters get the last say.</description>
        </parameter>
        <parameter>
          <name>format</name>
          <type>java.lang.String</type>
          <required>false</required>
          <editable>true</editable>
          <description>Specify a message as specified by java.text.MessageFormat.</description>
        </parameter>
        <parameter>
          <name>items</name>
          <type>java.util.List</type>
          <required>false</required>
          <editable>true</editable>
          <description>Specify the corresponding items for the format message, as specified by java.text.MessageFormat. Special
item values are &quot;timestamp&quot; and &quot;buildNumber/d*&quot;.</description>
        </parameter>
        <parameter>
          <name>password</name>
          <type>java.lang.String</type>
          <required>false</required>
          <editable>true</editable>
          <description>The password that is used when connecting to the SCM system.</description>
        </parameter>
        <parameter>
          <name>project</name>
          <type>org.apache.maven.project.MavenProject</type>
          <required>true</required>
          <editable>false</editable>
          <description>The maven project.</description>
        </parameter>
        <parameter>
          <name>tag</name>
          <type>java.lang.String</type>
          <required>false</required>
          <editable>true</editable>
          <description></description>
        </parameter>
        <parameter>
          <name>tagBase</name>
          <type>java.lang.String</type>
          <required>false</required>
          <editable>true</editable>
          <description>The tag base directory in subversion, you must define it if you don&apos;t
use the standard svn layout (branches/tags/trunk).</description>
        </parameter>
        <parameter>
          <name>timestampPropertyName</name>
          <type>java.lang.String</type>
          <required>false</required>
          <editable>true</editable>
          <description>You can rename the timestamp property name to another property name if desired.</description>
        </parameter>
        <parameter>
          <name>urlScm</name>
          <type>java.lang.String</type>
          <required>false</required>
          <editable>false</editable>
          <description></description>
        </parameter>
        <parameter>
          <name>username</name>
          <type>java.lang.String</type>
          <required>false</required>
          <editable>true</editable>
          <description>The username that is used when connecting to the SCM system.</description>
        </parameter>
      </parameters>
      <configuration>
        <password implementation="java.lang.String">${password}</password>
        <doUpdate implementation="boolean" default-value="false">${maven.buildNumber.doUpdate}</doUpdate>
        <urlScm implementation="java.lang.String">${project.scm.developerConnection}</urlScm>
        <doCheck implementation="boolean" default-value="false">${maven.buildNumber.doCheck}</doCheck>
        <tag implementation="java.lang.String">${tag}</tag>
        <username implementation="java.lang.String">${username}</username>
        <project implementation="org.apache.maven.project.MavenProject">${project}</project>
        <tagBase implementation="java.lang.String">${tagBase}</tagBase>
        <basedir implementation="java.io.File">${basedir}</basedir>
        <buildNumberPropertyName implementation="java.lang.String" default-value="buildNumber">${maven.buildNumber.buildNumberPropertyName}</buildNumberPropertyName>
        <timestampPropertyName implementation="java.lang.String" default-value="timestamp">${maven.buildNumber.timestampPropertyName}</timestampPropertyName>
      </configuration>
      <requirements>
        <requirement>
          <role>org.apache.maven.scm.manager.ScmManager</role>
          <field-name>scmManager</field-name>
        </requirement>
      </requirements>
    </mojo>
  </mojos>
  <dependencies/>
</plugin>