<plugin>
  <description>This plugin adds support for Docbook transformations to Maven.</description>
  <groupId>org.codehaus.mojo</groupId>
  <artifactId>docbook-maven-plugin</artifactId>
  <version>1.0.0-alpha-1</version>
  <goalPrefix>docbook</goalPrefix>
  <isolatedRealm>false</isolatedRealm>
  <inheritedByDefault>true</inheritedByDefault>
  <mojos>
    <mojo>
      <goal>transform</goal>
      <description>Transforms a set of Docbook files into XHTML output. Currently there is only support for
XHTML output, though is planned to add all kind of outputs available in the standard
stylesheets.</description>
      <requiresDirectInvocation>false</requiresDirectInvocation>
      <requiresProject>true</requiresProject>
      <requiresReports>false</requiresReports>
      <aggregator>false</aggregator>
      <requiresOnline>false</requiresOnline>
      <inheritedByDefault>true</inheritedByDefault>
      <implementation>org.codehaus.mojo.docbook.TransformMojo</implementation>
      <language>java</language>
      <instantiationStrategy>per-lookup</instantiationStrategy>
      <executionStrategy>once-per-session</executionStrategy>
      <parameters>
        <parameter>
          <name>databaseDirectory</name>
          <type>java.io.File</type>
          <required>true</required>
          <editable>true</editable>
          <description>Work directory where the olink database will be generated.</description>
        </parameter>
        <parameter>
          <name>outputDirectory</name>
          <type>java.io.File</type>
          <required>true</required>
          <editable>true</editable>
          <description>Target directory where the resulting files will be placed.</description>
        </parameter>
        <parameter>
          <name>outputEncoding</name>
          <type>java.lang.String</type>
          <required>false</required>
          <editable>true</editable>
          <description>Specifies the output encoding.</description>
        </parameter>
        <parameter>
          <name>resourceDirectory</name>
          <type>java.io.File</type>
          <required>true</required>
          <editable>true</editable>
          <description>Directory where the resource files are located.</description>
        </parameter>
        <parameter>
          <name>settings</name>
          <type>org.apache.maven.settings.Settings</type>
          <required>true</required>
          <editable>false</editable>
          <description></description>
        </parameter>
        <parameter>
          <name>sourceDirectory</name>
          <type>java.io.File</type>
          <required>true</required>
          <editable>true</editable>
          <description>Directory where the source Docbook files are located.</description>
        </parameter>
        <parameter>
          <name>stylesheetLocation</name>
          <type>java.lang.String</type>
          <required>false</required>
          <editable>true</editable>
          <description>Specifies the stylesheet location, useful if you want to use a local copy or a
specific version instead of the current release from the Internet.</description>
        </parameter>
      </parameters>
      <configuration>
        <settings implementation="org.apache.maven.settings.Settings">${settings}</settings>
        <stylesheetLocation implementation="java.lang.String" default-value="http://docbook.sourceforge.net/release/xsl/current/">${stylesheetLocation}</stylesheetLocation>
        <sourceDirectory implementation="java.io.File">${basedir}/src/docbook</sourceDirectory>
        <outputEncoding implementation="java.lang.String" default-value="UTF-8">${outputEncoding}</outputEncoding>
        <outputDirectory implementation="java.io.File">${project.build.directory}/site/docbook</outputDirectory>
        <resourceDirectory implementation="java.io.File">${basedir}/src/docbook/resources</resourceDirectory>
        <databaseDirectory implementation="java.io.File">${project.build.directory}/docbook</databaseDirectory>
      </configuration>
    </mojo>
  </mojos>
  <dependencies/>
</plugin>