<plugin>
  <description></description>
  <groupId>org.codehaus.mojo</groupId>
  <artifactId>ideauidesigner-maven-plugin</artifactId>
  <version>1.0-alpha-1</version>
  <goalPrefix>ideauidesigner</goalPrefix>
  <isolatedRealm>false</isolatedRealm>
  <inheritedByDefault>true</inheritedByDefault>
  <mojos>
    <mojo>
      <goal>javac2</goal>
      <description>Generates the Java sources from the *.form files. &lt;p/&gt; Implemented as a wrapper around the IDEA UI Designer Ant tasks.</description>
      <requiresDependencyResolution>runtime</requiresDependencyResolution>
      <requiresDirectInvocation>false</requiresDirectInvocation>
      <requiresProject>true</requiresProject>
      <requiresReports>false</requiresReports>
      <aggregator>false</aggregator>
      <requiresOnline>false</requiresOnline>
      <inheritedByDefault>true</inheritedByDefault>
      <phase>process-classes</phase>
      <implementation>org.codehaus.mojo.ideauidesigner.Javac2Mojo</implementation>
      <language>java</language>
      <instantiationStrategy>per-lookup</instantiationStrategy>
      <executionStrategy>once-per-session</executionStrategy>
      <parameters>
        <parameter>
          <name>debug</name>
          <type>boolean</type>
          <required>false</required>
          <editable>true</editable>
          <description>Enable debug.</description>
        </parameter>
        <parameter>
          <name>destDirectory</name>
          <type>java.io.File</type>
          <required>true</required>
          <editable>true</editable>
          <description>Directory where the classes to byte code manipulate are located.</description>
        </parameter>
        <parameter>
          <name>failOnError</name>
          <type>boolean</type>
          <required>true</required>
          <editable>true</editable>
          <description>Fail on error ?</description>
        </parameter>
        <parameter>
          <name>fork</name>
          <type>boolean</type>
          <required>true</required>
          <editable>true</editable>
          <description>Fork the compilation task.</description>
        </parameter>
        <parameter>
          <name>project</name>
          <type>org.apache.maven.project.MavenProject</type>
          <required>true</required>
          <editable>false</editable>
          <description>Project.</description>
        </parameter>
        <parameter>
          <name>sourceDirectory</name>
          <type>java.io.File</type>
          <required>true</required>
          <editable>true</editable>
          <description>Source directory containing the *.form files.</description>
        </parameter>
        <parameter>
          <name>verbose</name>
          <type>boolean</type>
          <required>false</required>
          <editable>true</editable>
          <description>Enable verbose.</description>
        </parameter>
      </parameters>
      <configuration>
        <fork implementation="boolean" default-value="false">${fork}</fork>
        <debug implementation="boolean" default-value="false">${debug}</debug>
        <destDirectory implementation="java.io.File">${project.build.outputDirectory}</destDirectory>
        <sourceDirectory implementation="java.io.File">${project.build.sourceDirectory}</sourceDirectory>
        <verbose implementation="boolean" default-value="false">${verbose}</verbose>
        <project implementation="org.apache.maven.project.MavenProject">${project}</project>
        <failOnError implementation="boolean" default-value="true">${failOnError}</failOnError>
      </configuration>
    </mojo>
  </mojos>
  <dependencies/>
</plugin>