<plugin>
  <description>Formats java source files following a coding convention.</description>
  <groupId>org.codehaus.mojo</groupId>
  <artifactId>jalopy-maven-plugin</artifactId>
  <version>1.0-alpha-1</version>
  <goalPrefix>jalopy</goalPrefix>
  <isolatedRealm>false</isolatedRealm>
  <inheritedByDefault>true</inheritedByDefault>
  <mojos>
    <mojo>
      <goal>format</goal>
      <description>Format the java source files following a coding convention.</description>
      <requiresDirectInvocation>false</requiresDirectInvocation>
      <requiresProject>true</requiresProject>
      <requiresReports>false</requiresReports>
      <aggregator>false</aggregator>
      <requiresOnline>false</requiresOnline>
      <inheritedByDefault>true</inheritedByDefault>
      <phase>process-sources</phase>
      <implementation>org.codehaus.mojo.jalopy.JalopyMojo</implementation>
      <language>java</language>
      <instantiationStrategy>per-lookup</instantiationStrategy>
      <executionStrategy>once-per-session</executionStrategy>
      <parameters>
        <parameter>
          <name>convention</name>
          <type>java.lang.String</type>
          <required>false</required>
          <editable>true</editable>
          <description>Sets the preferences file to use - given either relative to the
project&apos;s basedir or as an absolute local path or internet address. If
omitted, the current preferences are used, if available. Otherwise the
Jalopy built-in defaults will be used. Defaults to
&quot;${basedir}/src/main/resources/jalopy.xml&quot;.</description>
        </parameter>
        <parameter>
          <name>failOnError</name>
          <type>boolean</type>
          <required>false</required>
          <editable>true</editable>
          <description>Indicates whether a run should be held if errors occured.</description>
        </parameter>
        <parameter>
          <name>fileFormat</name>
          <type>java.lang.String</type>
          <required>false</required>
          <editable>true</editable>
          <description>Sets the file format of the output files. The file format controls what
end of line character is used. Either one of &quot;UNIX&quot;, &quot;DOS&quot;, &quot;MAC&quot;,
&quot;DEFAULT&quot; or &quot;AUTO&quot; can be used. The values are case insensitive.</description>
        </parameter>
        <parameter>
          <name>history</name>
          <type>java.lang.String</type>
          <required>false</required>
          <editable>true</editable>
          <description>Specifies the history policy to use. Either one of &quot;COMMENT&quot;, &quot;FILE&quot; or
&quot;NONE&quot; can be used.</description>
        </parameter>
        <parameter>
          <name>project</name>
          <type>org.apache.maven.project.MavenProject</type>
          <required>true</required>
          <editable>false</editable>
          <description></description>
        </parameter>
        <parameter>
          <name>sourceDirectory</name>
          <type>java.io.File</type>
          <required>true</required>
          <editable>false</editable>
          <description></description>
        </parameter>
        <parameter>
          <name>srcExcludesPattern</name>
          <type>java.lang.String</type>
          <required>false</required>
          <editable>true</editable>
          <description>For Source Directory. Specifies filesets defining which source files
&lt;b&gt;not&lt;/b&gt; to format. This is a comma- or space-separated list of
patterns of files. Default value is &lt;code&gt;**\*.exc&lt;/code&gt;.</description>
        </parameter>
        <parameter>
          <name>srcIncludesPattern</name>
          <type>java.lang.String</type>
          <required>false</required>
          <editable>true</editable>
          <description>For Source Directory. Specifies filesets defining which source files to
format. This is a comma- or space-separated list of patterns of files.</description>
        </parameter>
        <parameter>
          <name>testExcludesPattern</name>
          <type>java.lang.String</type>
          <required>false</required>
          <editable>true</editable>
          <description>For Test Directory. Specifies filesets defining which test source files
&lt;b&gt;not&lt;/b&gt; to format. This is a comma- or space-separated list of
patterns of files. Default value is &lt;code&gt;**\\*.exc&lt;/code&gt;.</description>
        </parameter>
        <parameter>
          <name>testIncludesPattern</name>
          <type>java.lang.String</type>
          <required>false</required>
          <editable>true</editable>
          <description>For Test Directory. Specifies filesets defining which test source files
to format. This is a comma- or space-separated list of patterns of
files.</description>
        </parameter>
        <parameter>
          <name>testSourceDirectory</name>
          <type>java.io.File</type>
          <required>true</required>
          <editable>false</editable>
          <description></description>
        </parameter>
      </parameters>
      <configuration>
        <fileFormat implementation="java.lang.String" default-value="auto"/>
        <testIncludesPattern implementation="java.lang.String" default-value="**\*.java"/>
        <srcExcludesPattern implementation="java.lang.String">**\*.exc</srcExcludesPattern>
        <convention implementation="java.lang.String">${jalopy.convention}</convention>
        <testExcludesPattern implementation="java.lang.String">**\*.exc</testExcludesPattern>
        <sourceDirectory implementation="java.io.File">${project.build.sourceDirectory}</sourceDirectory>
        <project implementation="org.apache.maven.project.MavenProject" default-value="${project}"/>
        <failOnError implementation="boolean" default-value="true"/>
        <history implementation="java.lang.String" default-value="none"/>
        <testSourceDirectory implementation="java.io.File">${project.build.testSourceDirectory}</testSourceDirectory>
        <srcIncludesPattern implementation="java.lang.String" default-value="**\*.java"/>
      </configuration>
    </mojo>
  </mojos>
  <dependencies/>
</plugin>