<plugin>
  <description>Compile Jasper report design file</description>
  <groupId>org.codehaus.mojo</groupId>
  <artifactId>jasperreports-maven-plugin</artifactId>
  <version>1.0-beta-1</version>
  <goalPrefix>jasperreports</goalPrefix>
  <isolatedRealm>false</isolatedRealm>
  <inheritedByDefault>true</inheritedByDefault>
  <mojos>
    <mojo>
      <goal>compile-reports</goal>
      <description>Compiles JasperReports xml definition files.
&lt;p&gt;Much of this was inspired by the JRAntCompileTask, while trying to make it
slightly cleaner and easier to use with Maven&apos;s mojo api.&lt;/p&gt;</description>
      <requiresDependencyResolution>compile</requiresDependencyResolution>
      <requiresDirectInvocation>false</requiresDirectInvocation>
      <requiresProject>true</requiresProject>
      <requiresReports>false</requiresReports>
      <aggregator>false</aggregator>
      <requiresOnline>false</requiresOnline>
      <inheritedByDefault>true</inheritedByDefault>
      <phase>generate-sources</phase>
      <implementation>org.codehaus.mojo.jasperreports.JasperReportsMojo</implementation>
      <language>java</language>
      <instantiationStrategy>per-lookup</instantiationStrategy>
      <executionStrategy>once-per-session</executionStrategy>
      <parameters>
        <parameter>
          <name>additionalClasspath</name>
          <type>java.lang.String</type>
          <required>false</required>
          <editable>true</editable>
          <description>Any additional classpath entry you might want to add to
the JasperReports compiler. Not recommended for general use,
plugin dependencies should be used instead.</description>
        </parameter>
        <parameter>
          <name>classpathElements</name>
          <type>java.util.List</type>
          <required>false</required>
          <editable>true</editable>
          <description></description>
        </parameter>
        <parameter>
          <name>compiler</name>
          <type>java.lang.String</type>
          <required>false</required>
          <editable>true</editable>
          <description>Uses the Javac compiler by default. This is different from
the original JasperReports ant task, which uses the JDT compiler by default.</description>
        </parameter>
        <parameter>
          <name>javaDirectory</name>
          <type>java.io.File</type>
          <required>false</required>
          <editable>true</editable>
          <description>This is where the generated java sources are stored.</description>
        </parameter>
        <parameter>
          <name>keepJava</name>
          <type>boolean</type>
          <deprecated>There seems to be an issue with the compiler plugin
so don&apos;t expect this to work yet - the dependencies
will have disappeared.</deprecated>
          <required>false</required>
          <editable>true</editable>
          <description>Since the JasperReports compiler deletes the compiled classes,
one might want to set this to true, if they want to handle
the generated java source in their application.
Mind that this will not work if the mojo is bound to the compile
or any other later phase. (As one might need to do if they use
classes from their project in their report design)</description>
        </parameter>
        <parameter>
          <name>keepSerializedObject</name>
          <type>boolean</type>
          <deprecated>Not implemented</deprecated>
          <required>false</required>
          <editable>true</editable>
          <description>Not used for now - just a TODO - the idea being that one
might want to set this to false if they want to handle the
generated java source in their application.</description>
        </parameter>
        <parameter>
          <name>outputDirectory</name>
          <type>java.io.File</type>
          <required>false</required>
          <editable>true</editable>
          <description>This is where the .jasper files are written.</description>
        </parameter>
        <parameter>
          <name>outputFileExt</name>
          <type>java.lang.String</type>
          <required>false</required>
          <editable>true</editable>
          <description>The extension of the compiled report files. Creates files
with a .jasper extension by default.</description>
        </parameter>
        <parameter>
          <name>project</name>
          <type>org.apache.maven.project.MavenProject</type>
          <required>false</required>
          <editable>true</editable>
          <description></description>
        </parameter>
        <parameter>
          <name>sourceDirectory</name>
          <type>java.io.File</type>
          <required>false</required>
          <editable>true</editable>
          <description>This is where the xml report design files should be.</description>
        </parameter>
        <parameter>
          <name>sourceFileExt</name>
          <type>java.lang.String</type>
          <required>false</required>
          <editable>true</editable>
          <description>The extension of the source files to look for. Finds files
with a .jrxml extension by default.</description>
        </parameter>
        <parameter>
          <name>xmlValidation</name>
          <type>boolean</type>
          <required>false</required>
          <editable>true</editable>
          <description>Wether the xml design files must be validated.</description>
        </parameter>
      </parameters>
      <configuration>
        <xmlValidation implementation="boolean" default-value="true"/>
        <outputFileExt implementation="java.lang.String" default-value=".jasper"/>
        <outputDirectory implementation="java.io.File">${project.build.outputDirectory}</outputDirectory>
        <sourceFileExt implementation="java.lang.String" default-value=".jrxml"/>
        <keepJava implementation="boolean" default-value="false"/>
        <compiler implementation="java.lang.String" default-value="net.sf.jasperreports.engine.design.JRJavacCompiler"/>
        <classpathElements implementation="java.util.List">${project.compileClasspathElements}</classpathElements>
        <sourceDirectory implementation="java.io.File" default-value="src/main/jasperreports"/>
        <project implementation="org.apache.maven.project.MavenProject">${project}</project>
        <javaDirectory implementation="java.io.File">${project.build.directory}/jasperreports/java</javaDirectory>
        <keepSerializedObject implementation="boolean" default-value="true"/>
      </configuration>
    </mojo>
  </mojos>
  <dependencies/>
</plugin>