<plugin>
  <description>Maven 2 Plugin for processing JavaCC grammar files.</description>
  <groupId>org.codehaus.mojo</groupId>
  <artifactId>javacc-maven-plugin</artifactId>
  <version>2.4</version>
  <goalPrefix>javacc</goalPrefix>
  <isolatedRealm>false</isolatedRealm>
  <inheritedByDefault>true</inheritedByDefault>
  <mojos>
    <mojo>
      <goal>javacc</goal>
      <description>Parses a JavaCC grammar file (&lt;code&gt;*.jj&lt;/code&gt;) and transforms it to Java source files. Detailed information
about the JavaCC options can be found on the &lt;a href=&quot;https://javacc.dev.java.net/&quot;&gt;JavaCC website&lt;/a&gt;.</description>
      <requiresDirectInvocation>false</requiresDirectInvocation>
      <requiresProject>true</requiresProject>
      <requiresReports>false</requiresReports>
      <aggregator>false</aggregator>
      <requiresOnline>false</requiresOnline>
      <inheritedByDefault>true</inheritedByDefault>
      <phase>generate-sources</phase>
      <implementation>org.codehaus.mojo.javacc.JavaCCMojo</implementation>
      <language>java</language>
      <instantiationStrategy>per-lookup</instantiationStrategy>
      <executionStrategy>once-per-session</executionStrategy>
      <parameters>
        <parameter>
          <name>buildParser</name>
          <type>java.lang.Boolean</type>
          <required>false</required>
          <editable>true</editable>
          <description>A flag that controls whether the parser file (&lt;code&gt;*Parser.java&lt;/code&gt;) should be generated or not. If set
to &lt;code&gt;false&lt;/code&gt;, only the token manager is generated. Default value is &lt;code&gt;true&lt;/code&gt;.</description>
        </parameter>
        <parameter>
          <name>buildTokenManager</name>
          <type>java.lang.Boolean</type>
          <required>false</required>
          <editable>true</editable>
          <description>A flag that controls whether the token manager file (&lt;code&gt;*TokenManager.java&lt;/code&gt;) should be generated or
not. Setting this to &lt;code&gt;false&lt;/code&gt; can speed up the generation process if only the parser part of the
grammar changed. Default value is &lt;code&gt;true&lt;/code&gt;.</description>
        </parameter>
        <parameter>
          <name>cacheTokens</name>
          <type>java.lang.Boolean</type>
          <required>false</required>
          <editable>true</editable>
          <description>Setting this option to &lt;code&gt;true&lt;/code&gt; causes the generated parser to lookahead for extra tokens ahead of
time. Default value is &lt;code&gt;false&lt;/code&gt;.</description>
        </parameter>
        <parameter>
          <name>choiceAmbiguityCheck</name>
          <type>java.lang.Integer</type>
          <required>false</required>
          <editable>true</editable>
          <description>This is the number of tokens considered in checking choices of the form &quot;A | B | ...&quot; for ambiguity. Default
value is &lt;code&gt;2&lt;/code&gt;.</description>
        </parameter>
        <parameter>
          <name>commonTokenAction</name>
          <type>java.lang.Boolean</type>
          <required>false</required>
          <editable>true</editable>
          <description>When set to &lt;code&gt;true&lt;/code&gt;, every call to the token manager&apos;s method &lt;code&gt;getNextToken()&lt;/code&gt; (see the
description of the &lt;a href=&quot;https://javacc.dev.java.net/doc/apiroutines.html&quot;&gt;Java Compiler Compiler API&lt;/a&gt;)
will cause a call to a user-defined method &lt;code&gt;CommonTokenAction()&lt;/code&gt; after the token has been scanned in
by the token manager. Default value is &lt;code&gt;false&lt;/code&gt;.</description>
        </parameter>
        <parameter>
          <name>debugLookAhead</name>
          <type>java.lang.Boolean</type>
          <required>false</required>
          <editable>true</editable>
          <description>This is a boolean option whose default value is &lt;code&gt;false&lt;/code&gt;. Setting this option to &lt;code&gt;true&lt;/code&gt;
causes the parser to generate all the tracing information it does when the option &lt;code&gt;debugParser&lt;/code&gt; is
&lt;code&gt;true&lt;/code&gt;, and in addition, also causes it to generated a trace of actions performed during lookahead
operation.</description>
        </parameter>
        <parameter>
          <name>debugParser</name>
          <type>java.lang.Boolean</type>
          <required>false</required>
          <editable>true</editable>
          <description>This option is used to obtain debugging information from the generated parser. Setting this option to
&lt;code&gt;true&lt;/code&gt; causes the parser to generate a trace of its actions. Default value is &lt;code&gt;false&lt;/code&gt;.</description>
        </parameter>
        <parameter>
          <name>debugTokenManager</name>
          <type>java.lang.Boolean</type>
          <required>false</required>
          <editable>true</editable>
          <description>This option is used to obtain debugging information from the generated token manager. Default value is
&lt;code&gt;false&lt;/code&gt;.</description>
        </parameter>
        <parameter>
          <name>errorReporting</name>
          <type>java.lang.Boolean</type>
          <required>false</required>
          <editable>true</editable>
          <description>Setting it to &lt;code&gt;false&lt;/code&gt; causes errors due to parse errors to be reported in somewhat less detail.
Default value is &lt;code&gt;true&lt;/code&gt;.</description>
        </parameter>
        <parameter>
          <name>excludes</name>
          <type>java.lang.String[]</type>
          <required>false</required>
          <editable>true</editable>
          <description>A set of Ant-like exclusion patterns used to prevent certain files from being processed. By default, this set if
empty such that no files are excluded.</description>
        </parameter>
        <parameter>
          <name>forceLaCheck</name>
          <type>java.lang.Boolean</type>
          <required>false</required>
          <editable>true</editable>
          <description>This option setting controls lookahead ambiguity checking performed by JavaCC. Default value is
&lt;code&gt;false&lt;/code&gt;.</description>
        </parameter>
        <parameter>
          <name>ignoreCase</name>
          <type>java.lang.Boolean</type>
          <required>false</required>
          <editable>true</editable>
          <description>Setting this option to &lt;code&gt;true&lt;/code&gt; causes the generated token manager to ignore case in the token
specifications and the input files. Default value is &lt;code&gt;false&lt;/code&gt;.</description>
        </parameter>
        <parameter>
          <name>includes</name>
          <type>java.lang.String[]</type>
          <required>false</required>
          <editable>true</editable>
          <description>A set of Ant-like inclusion patterns used to select files from the source directory for processing. By default,
the patterns &lt;code&gt;**&amp;#47;*.jj&lt;/code&gt; and &lt;code&gt;**&amp;#47;*.JJ&lt;/code&gt; are used to select grammar files.</description>
        </parameter>
        <parameter>
          <name>isStatic</name>
          <type>java.lang.Boolean</type>
          <required>false</required>
          <editable>true</editable>
          <description>If &lt;code&gt;true&lt;/code&gt;, all methods and class variables are specified as static in the generated parser and
token manager. This allows only one parser object to be present, but it improves the performance of the parser.
Default value is &lt;code&gt;true&lt;/code&gt;.</description>
        </parameter>
        <parameter>
          <name>javaUnicodeEscape</name>
          <type>java.lang.Boolean</type>
          <required>false</required>
          <editable>true</editable>
          <description>When set to &lt;code&gt;true&lt;/code&gt;, the generated parser uses an input stream object that processes Java Unicode
escapes (&lt;code&gt;\&lt;/code&gt;&lt;code&gt;u&lt;/code&gt;&lt;i&gt;xxxx&lt;/i&gt;) before sending characters to the token manager. Default
value is &lt;code&gt;false&lt;/code&gt;.</description>
        </parameter>
        <parameter>
          <name>jdkVersion</name>
          <type>java.lang.String</type>
          <required>false</required>
          <editable>true</editable>
          <description>The Java version for which to generate source code. Default value is &lt;code&gt;1.4&lt;/code&gt;.</description>
        </parameter>
        <parameter>
          <name>keepLineColumn</name>
          <type>java.lang.Boolean</type>
          <required>false</required>
          <editable>true</editable>
          <description>A flag whether to keep line and column information along with a token. Default value is &lt;code&gt;true&lt;/code&gt;.</description>
        </parameter>
        <parameter>
          <name>lookAhead</name>
          <type>java.lang.Integer</type>
          <required>false</required>
          <editable>true</editable>
          <description>The number of tokens to look ahead before making a decision at a choice point during parsing. The default value
is &lt;code&gt;1&lt;/code&gt;.</description>
        </parameter>
        <parameter>
          <name>otherAmbiguityCheck</name>
          <type>java.lang.Integer</type>
          <required>false</required>
          <editable>true</editable>
          <description>This is the number of tokens considered in checking all other kinds of choices (i.e., of the forms &quot;(A)*&quot;,
&quot;(A)+&quot;, and &quot;(A)?&quot;) for ambiguity. Default value is &lt;code&gt;1&lt;/code&gt;.</description>
        </parameter>
        <parameter>
          <name>outputDirectory</name>
          <type>java.io.File</type>
          <required>false</required>
          <editable>true</editable>
          <description>The directory where the output Java files will be located.</description>
        </parameter>
        <parameter>
          <name>packageName</name>
          <type>java.lang.String</type>
          <deprecated>As of version 2.4 because the plugin extracts the package name from each grammar file.</deprecated>
          <required>false</required>
          <editable>true</editable>
          <description>Package into which the generated classes will be put. Note that this will also be used to create the directory
structure where sources will be generated. Defaults to the package name specified in a grammar file.&lt;br/&gt;
&lt;strong&gt;Deprecated.&lt;/strong&gt; As of version 2.4 because the plugin extracts the package name from each grammar
file.</description>
        </parameter>
        <parameter>
          <name>project</name>
          <type>org.apache.maven.project.MavenProject</type>
          <required>true</required>
          <editable>false</editable>
          <description>The current Maven project.</description>
        </parameter>
        <parameter>
          <name>sanityCheck</name>
          <type>java.lang.Boolean</type>
          <required>false</required>
          <editable>true</editable>
          <description>Enables/disables many syntactic and semantic checks on the grammar file during parser generation. Default value
is &lt;code&gt;true&lt;/code&gt;.</description>
        </parameter>
        <parameter>
          <name>sourceDirectory</name>
          <type>java.io.File</type>
          <required>false</required>
          <editable>true</editable>
          <description>The directory where the JavaCC grammar files (&lt;code&gt;*.jj&lt;/code&gt;) are located.</description>
        </parameter>
        <parameter>
          <name>staleMillis</name>
          <type>int</type>
          <required>false</required>
          <editable>true</editable>
          <description>The granularity in milliseconds of the last modification date for testing whether a source needs recompilation.</description>
        </parameter>
        <parameter>
          <name>tokenManagerUsesParser</name>
          <type>java.lang.Boolean</type>
          <required>false</required>
          <editable>true</editable>
          <description>When set to &lt;code&gt;true&lt;/code&gt;, the generated token manager will include a field called &lt;code&gt;parser&lt;/code&gt;
that references the instantiating parser instance. Default value is &lt;code&gt;false&lt;/code&gt;.</description>
        </parameter>
        <parameter>
          <name>unicodeInput</name>
          <type>java.lang.Boolean</type>
          <required>false</required>
          <editable>true</editable>
          <description>When set to &lt;code&gt;true&lt;/code&gt;, the generated parser uses uses an input stream object that reads Unicode files.
By default, ASCII files are assumed. Default value is &lt;code&gt;false&lt;/code&gt;.</description>
        </parameter>
        <parameter>
          <name>userCharStream</name>
          <type>java.lang.Boolean</type>
          <required>false</required>
          <editable>true</editable>
          <description>This flag controls whether the token manager will read characters from a character stream reader as defined by
the options &lt;code&gt;javaUnicodeEscape&lt;/code&gt; and &lt;code&gt;unicodeInput&lt;/code&gt; or whether the token manager reads
from a user-supplied implementation of &lt;code&gt;CharStream&lt;/code&gt;. Default value is &lt;code&gt;false&lt;/code&gt;.</description>
        </parameter>
        <parameter>
          <name>userTokenManager</name>
          <type>java.lang.Boolean</type>
          <required>false</required>
          <editable>true</editable>
          <description>The default action is to generate a token manager that works on the specified grammar tokens. If this option is
set to &lt;code&gt;true&lt;/code&gt;, then the parser is generated to accept tokens from any token manager of type
&lt;code&gt;TokenManager&lt;/code&gt; - this interface is generated into the generated parser directory. Default value is
&lt;code&gt;false&lt;/code&gt;.</description>
        </parameter>
      </parameters>
      <configuration>
        <lookAhead implementation="java.lang.Integer">${lookAhead}</lookAhead>
        <debugLookAhead implementation="java.lang.Boolean">${debugLookAhead}</debugLookAhead>
        <tokenManagerUsesParser implementation="java.lang.Boolean">${tokenManagerUsesParser}</tokenManagerUsesParser>
        <commonTokenAction implementation="java.lang.Boolean">${commonTokenAction}</commonTokenAction>
        <choiceAmbiguityCheck implementation="java.lang.Integer">${choiceAmbiguityCheck}</choiceAmbiguityCheck>
        <debugTokenManager implementation="java.lang.Boolean">${debugTokenManager}</debugTokenManager>
        <packageName implementation="java.lang.String">${packageName}</packageName>
        <javaUnicodeEscape implementation="java.lang.Boolean">${javaUnicodeEscape}</javaUnicodeEscape>
        <debugParser implementation="java.lang.Boolean">${debugParser}</debugParser>
        <buildTokenManager implementation="java.lang.Boolean">${buildTokenManager}</buildTokenManager>
        <ignoreCase implementation="java.lang.Boolean">${ignoreCase}</ignoreCase>
        <cacheTokens implementation="java.lang.Boolean">${cacheTokens}</cacheTokens>
        <outputDirectory implementation="java.io.File" default-value="${project.build.directory}/generated-sources/javacc">${outputDirectory}</outputDirectory>
        <staleMillis implementation="int" default-value="0">${lastModGranularityMs}</staleMillis>
        <otherAmbiguityCheck implementation="java.lang.Integer">${otherAmbiguityCheck}</otherAmbiguityCheck>
        <buildParser implementation="java.lang.Boolean">${buildParser}</buildParser>
        <jdkVersion implementation="java.lang.String">${jdkVersion}</jdkVersion>
        <errorReporting implementation="java.lang.Boolean">${errorReporting}</errorReporting>
        <sanityCheck implementation="java.lang.Boolean">${sanityCheck}</sanityCheck>
        <keepLineColumn implementation="java.lang.Boolean">${keepLineColumn}</keepLineColumn>
        <sourceDirectory implementation="java.io.File" default-value="${basedir}/src/main/javacc">${sourceDirectory}</sourceDirectory>
        <userTokenManager implementation="java.lang.Boolean">${userTokenManager}</userTokenManager>
        <unicodeInput implementation="java.lang.Boolean">${unicodeInput}</unicodeInput>
        <forceLaCheck implementation="java.lang.Boolean">${forceLaCheck}</forceLaCheck>
        <isStatic implementation="java.lang.Boolean">${isStatic}</isStatic>
        <project implementation="org.apache.maven.project.MavenProject" default-value="${project}"/>
        <userCharStream implementation="java.lang.Boolean">${userCharStream}</userCharStream>
      </configuration>
    </mojo>
    <mojo>
      <goal>jjdoc</goal>
      <description>&lt;a href=&quot;https://javacc.dev.java.net/doc/JJDoc.html&quot;&gt;JJDoc&lt;/a&gt; takes a JavaCC parser specification and produces
documentation for the BNF grammar. This mojo will search the source directory for all &lt;code&gt;*.jj&lt;/code&gt; files and
run JJDoc once for each file it finds. Each of these output files, along with an &lt;code&gt;index.html&lt;/code&gt; file will
be placed in the site directory (&lt;code&gt;target/site/jjdoc&lt;/code&gt;), and a link will be created in the &quot;Project
Reports&quot; menu of the generated site.</description>
      <requiresDirectInvocation>false</requiresDirectInvocation>
      <requiresProject>true</requiresProject>
      <requiresReports>false</requiresReports>
      <aggregator>false</aggregator>
      <requiresOnline>false</requiresOnline>
      <inheritedByDefault>true</inheritedByDefault>
      <executePhase>generate-sources</executePhase>
      <implementation>org.codehaus.mojo.javacc.JJDocMojo</implementation>
      <language>java</language>
      <instantiationStrategy>per-lookup</instantiationStrategy>
      <executionStrategy>once-per-session</executionStrategy>
      <parameters>
        <parameter>
          <name>defaultGrammarDirectoryJJTree</name>
          <type>java.io.File</type>
          <required>false</required>
          <editable>false</editable>
          <description>The default source directory for grammar files generated by JJTree.</description>
        </parameter>
        <parameter>
          <name>defaultGrammarDirectoryJTB</name>
          <type>java.io.File</type>
          <required>false</required>
          <editable>false</editable>
          <description>The default source directory for grammar files generated by JTB.</description>
        </parameter>
        <parameter>
          <name>defaultGrammarDirectoryJavaCC</name>
          <type>java.io.File</type>
          <required>false</required>
          <editable>false</editable>
          <description>The default source directory for hand-crafted grammar files.</description>
        </parameter>
        <parameter>
          <name>jjdocDirectory</name>
          <type>java.lang.String</type>
          <required>false</required>
          <editable>true</editable>
          <description>The relative path of the JJDoc reports in the output directory. This path will be appended to the output
directory.</description>
        </parameter>
        <parameter>
          <name>oneTable</name>
          <type>boolean</type>
          <required>false</required>
          <editable>true</editable>
          <description>This option controls the structure of the generated HTML output. If set to &lt;code&gt;true&lt;/code&gt;, a single HTML
table for the entire BNF is generated. Setting it to &lt;code&gt;false&lt;/code&gt; will produce one table for every
production in the grammar.</description>
        </parameter>
        <parameter>
          <name>outputDirectory</name>
          <type>java.io.File</type>
          <required>false</required>
          <editable>true</editable>
          <description>The destination directory where JJDoc saves the generated documentation files. Note that this parameter is only
relevant if the goal is run from the command line or from the default build lifecycle. If the goal is run
indirectly as part of a site generation, the output directory configured in the Maven Site Plugin is used
instead.</description>
        </parameter>
        <parameter>
          <name>project</name>
          <type>org.apache.maven.project.MavenProject</type>
          <required>true</required>
          <editable>false</editable>
          <description>The current Maven project.</description>
        </parameter>
        <parameter>
          <name>sourceDirectories</name>
          <type>java.io.File[]</type>
          <required>false</required>
          <editable>true</editable>
          <description>The directories where the JavaCC grammar files (&lt;code&gt;*.jj&lt;/code&gt;) are located. By default, the directories
&lt;code&gt;${basedir}/src/main/javacc&lt;/code&gt;, &lt;code&gt;${project.build.directory}/generated-sources/jjtree&lt;/code&gt;
and &lt;code&gt;${project.build.directory}/generated-sources/jtb&lt;/code&gt; are scanned for grammar files to document.</description>
        </parameter>
        <parameter>
          <name>text</name>
          <type>boolean</type>
          <required>false</required>
          <editable>true</editable>
          <description>A flag to specify the output format for the generated documentation. If set to &lt;code&gt;true&lt;/code&gt;, JJDoc will
generate a plain text description of the BNF. Some formatting is done via tab characters, but the intention is to
leave it as plain as possible. Specifying &lt;code&gt;false&lt;/code&gt; causes JJDoc to generate a hyperlinked HTML
document.</description>
        </parameter>
      </parameters>
      <configuration>
        <project implementation="org.apache.maven.project.MavenProject">${project}</project>
        <defaultGrammarDirectoryJJTree implementation="java.io.File" default-value="${project.build.directory}/generated-sources/jjtree"/>
        <text implementation="boolean" default-value="false">${text}</text>
        <defaultGrammarDirectoryJTB implementation="java.io.File" default-value="${project.build.directory}/generated-sources/jtb"/>
        <oneTable implementation="boolean" default-value="true">${oneTable}</oneTable>
        <outputDirectory implementation="java.io.File" default-value="${project.reporting.outputDirectory}">${outputDirectory}</outputDirectory>
        <defaultGrammarDirectoryJavaCC implementation="java.io.File" default-value="${basedir}/src/main/javacc"/>
        <jjdocDirectory implementation="java.lang.String" default-value="jjdoc"/>
      </configuration>
      <requirements>
        <requirement>
          <role>org.apache.maven.doxia.siterenderer.Renderer</role>
          <field-name>siteRenderer</field-name>
        </requirement>
      </requirements>
    </mojo>
    <mojo>
      <goal>jjtree-javacc</goal>
      <description>Preprocesses decorated grammar files (&lt;code&gt;*.jjt&lt;/code&gt;) with JJTree and passes the output to JavaCC in order to
finally generate a parser with parse tree actions.</description>
      <requiresDirectInvocation>false</requiresDirectInvocation>
      <requiresProject>true</requiresProject>
      <requiresReports>false</requiresReports>
      <aggregator>false</aggregator>
      <requiresOnline>false</requiresOnline>
      <inheritedByDefault>true</inheritedByDefault>
      <phase>generate-sources</phase>
      <implementation>org.codehaus.mojo.javacc.JJTreeJavaCCMojo</implementation>
      <language>java</language>
      <instantiationStrategy>per-lookup</instantiationStrategy>
      <executionStrategy>once-per-session</executionStrategy>
      <parameters>
        <parameter>
          <name>buildNodeFiles</name>
          <type>java.lang.Boolean</type>
          <required>false</required>
          <editable>true</editable>
          <description>A flag whether to generate sample implementations for &lt;code&gt;SimpleNode&lt;/code&gt; and any other nodes used in the
grammar. Default value is &lt;code&gt;true&lt;/code&gt;.</description>
        </parameter>
        <parameter>
          <name>buildParser</name>
          <type>java.lang.Boolean</type>
          <required>false</required>
          <editable>true</editable>
          <description>A flag that controls whether the parser file (&lt;code&gt;*Parser.java&lt;/code&gt;) should be generated or not. If set
to &lt;code&gt;false&lt;/code&gt;, only the token manager is generated. Default value is &lt;code&gt;true&lt;/code&gt;.</description>
        </parameter>
        <parameter>
          <name>buildTokenManager</name>
          <type>java.lang.Boolean</type>
          <required>false</required>
          <editable>true</editable>
          <description>A flag that controls whether the token manager file (&lt;code&gt;*TokenManager.java&lt;/code&gt;) should be generated or
not. Setting this to &lt;code&gt;false&lt;/code&gt; can speed up the generation process if only the parser part of the
grammar changed. Default value is &lt;code&gt;true&lt;/code&gt;.</description>
        </parameter>
        <parameter>
          <name>cacheTokens</name>
          <type>java.lang.Boolean</type>
          <required>false</required>
          <editable>true</editable>
          <description>Setting this option to &lt;code&gt;true&lt;/code&gt; causes the generated parser to lookahead for extra tokens ahead of
time. Default value is &lt;code&gt;false&lt;/code&gt;.</description>
        </parameter>
        <parameter>
          <name>choiceAmbiguityCheck</name>
          <type>java.lang.Integer</type>
          <required>false</required>
          <editable>true</editable>
          <description>This is the number of tokens considered in checking choices of the form &quot;A | B | ...&quot; for ambiguity. Default
value is &lt;code&gt;2&lt;/code&gt;.</description>
        </parameter>
        <parameter>
          <name>commonTokenAction</name>
          <type>java.lang.Boolean</type>
          <required>false</required>
          <editable>true</editable>
          <description>When set to &lt;code&gt;true&lt;/code&gt;, every call to the token manager&apos;s method &lt;code&gt;getNextToken()&lt;/code&gt; (see the
description of the &lt;a href=&quot;https://javacc.dev.java.net/doc/apiroutines.html&quot;&gt;Java Compiler Compiler API&lt;/a&gt;)
will cause a call to a user-defined method &lt;code&gt;CommonTokenAction()&lt;/code&gt; after the token has been scanned in
by the token manager. Default value is &lt;code&gt;false&lt;/code&gt;.</description>
        </parameter>
        <parameter>
          <name>debugLookAhead</name>
          <type>java.lang.Boolean</type>
          <required>false</required>
          <editable>true</editable>
          <description>This is a boolean option whose default value is &lt;code&gt;false&lt;/code&gt;. Setting this option to &lt;code&gt;true&lt;/code&gt;
causes the parser to generate all the tracing information it does when the option &lt;code&gt;debugParser&lt;/code&gt; is
&lt;code&gt;true&lt;/code&gt;, and in addition, also causes it to generated a trace of actions performed during lookahead
operation.</description>
        </parameter>
        <parameter>
          <name>debugParser</name>
          <type>java.lang.Boolean</type>
          <required>false</required>
          <editable>true</editable>
          <description>This option is used to obtain debugging information from the generated parser. Setting this option to
&lt;code&gt;true&lt;/code&gt; causes the parser to generate a trace of its actions. Default value is &lt;code&gt;false&lt;/code&gt;.</description>
        </parameter>
        <parameter>
          <name>debugTokenManager</name>
          <type>java.lang.Boolean</type>
          <required>false</required>
          <editable>true</editable>
          <description>This option is used to obtain debugging information from the generated token manager. Default value is
&lt;code&gt;false&lt;/code&gt;.</description>
        </parameter>
        <parameter>
          <name>errorReporting</name>
          <type>java.lang.Boolean</type>
          <required>false</required>
          <editable>true</editable>
          <description>Setting it to &lt;code&gt;false&lt;/code&gt; causes errors due to parse errors to be reported in somewhat less detail.
Default value is &lt;code&gt;true&lt;/code&gt;.</description>
        </parameter>
        <parameter>
          <name>excludes</name>
          <type>java.lang.String[]</type>
          <required>false</required>
          <editable>true</editable>
          <description>A set of Ant-like exclusion patterns used to prevent certain files from being processed. By default, this set if
empty such that no files are excluded.</description>
        </parameter>
        <parameter>
          <name>forceLaCheck</name>
          <type>java.lang.Boolean</type>
          <required>false</required>
          <editable>true</editable>
          <description>This option setting controls lookahead ambiguity checking performed by JavaCC. Default value is
&lt;code&gt;false&lt;/code&gt;.</description>
        </parameter>
        <parameter>
          <name>ignoreCase</name>
          <type>java.lang.Boolean</type>
          <required>false</required>
          <editable>true</editable>
          <description>Setting this option to &lt;code&gt;true&lt;/code&gt; causes the generated token manager to ignore case in the token
specifications and the input files. Default value is &lt;code&gt;false&lt;/code&gt;.</description>
        </parameter>
        <parameter>
          <name>includes</name>
          <type>java.lang.String[]</type>
          <required>false</required>
          <editable>true</editable>
          <description>A set of Ant-like inclusion patterns used to select files from the source directory for processing. By default,
the patterns &lt;code&gt;**&amp;#47;*.jj&lt;/code&gt;, &lt;code&gt;**&amp;#47;*.JJ&lt;/code&gt;, &lt;code&gt;**&amp;#47;*.jjt&lt;/code&gt; and
&lt;code&gt;**&amp;#47;*.JJT&lt;/code&gt; are used to select grammar files.</description>
        </parameter>
        <parameter>
          <name>interimDirectory</name>
          <type>java.io.File</type>
          <required>false</required>
          <editable>true</editable>
          <description>The directory where the interim output from JJTree will be stored. This directory will hold the prepared grammar
files (&lt;code&gt;*.jj&lt;/code&gt;) along with their tree node files (&lt;code&gt;*.java&lt;/code&gt;). The prepared grammar
files will then be passed on to JavaCC to generate the parser files.</description>
        </parameter>
        <parameter>
          <name>isStatic</name>
          <type>java.lang.Boolean</type>
          <required>false</required>
          <editable>true</editable>
          <description>If &lt;code&gt;true&lt;/code&gt;, all methods and class variables are specified as static in the generated parser and
token manager. This allows only one parser object to be present, but it improves the performance of the parser.
Default value is &lt;code&gt;true&lt;/code&gt;.</description>
        </parameter>
        <parameter>
          <name>javaUnicodeEscape</name>
          <type>java.lang.Boolean</type>
          <required>false</required>
          <editable>true</editable>
          <description>When set to &lt;code&gt;true&lt;/code&gt;, the generated parser uses an input stream object that processes Java Unicode
escapes (&lt;code&gt;\&lt;/code&gt;&lt;code&gt;u&lt;/code&gt;&lt;i&gt;xxxx&lt;/i&gt;) before sending characters to the token manager. Default
value is &lt;code&gt;false&lt;/code&gt;.</description>
        </parameter>
        <parameter>
          <name>jdkVersion</name>
          <type>java.lang.String</type>
          <required>false</required>
          <editable>true</editable>
          <description>The Java version for which to generate source code. Default value is &lt;code&gt;1.4&lt;/code&gt;.</description>
        </parameter>
        <parameter>
          <name>keepLineColumn</name>
          <type>java.lang.Boolean</type>
          <required>false</required>
          <editable>true</editable>
          <description>A flag whether to keep line and column information along with a token. Default value is &lt;code&gt;true&lt;/code&gt;.</description>
        </parameter>
        <parameter>
          <name>lookAhead</name>
          <type>java.lang.Integer</type>
          <required>false</required>
          <editable>true</editable>
          <description>The number of tokens to look ahead before making a decision at a choice point during parsing. The default value
is &lt;code&gt;1&lt;/code&gt;.</description>
        </parameter>
        <parameter>
          <name>multi</name>
          <type>java.lang.Boolean</type>
          <required>false</required>
          <editable>true</editable>
          <description>A flag whether to generate a multi mode parse tree or a single mode parse tree. Default value is
&lt;code&gt;false&lt;/code&gt;.</description>
        </parameter>
        <parameter>
          <name>nodeDefaultVoid</name>
          <type>java.lang.Boolean</type>
          <required>false</required>
          <editable>true</editable>
          <description>A flag whether to make each non-decorated production void instead of an indefinite node. Default value is
&lt;code&gt;false&lt;/code&gt;.</description>
        </parameter>
        <parameter>
          <name>nodeFactory</name>
          <type>java.lang.Boolean</type>
          <required>false</required>
          <editable>true</editable>
          <description>The name of a custom factory class to create &lt;code&gt;Node&lt;/code&gt; objects.</description>
        </parameter>
        <parameter>
          <name>nodePackage</name>
          <type>java.lang.String</type>
          <required>false</required>
          <editable>true</editable>
          <description>The package to generate the AST node classes into. This value may use a leading asterisk to reference the package
of the corresponding parser. For example, if the parser package is &lt;code&gt;org.apache&lt;/code&gt; and this parameter
is set to &lt;code&gt;*.node&lt;/code&gt;, the tree node classes will be located in the package
&lt;code&gt;org.apache.node&lt;/code&gt;. By default, the package of the corresponding parser is used.</description>
        </parameter>
        <parameter>
          <name>nodePrefix</name>
          <type>java.lang.String</type>
          <required>false</required>
          <editable>true</editable>
          <description>The prefix used to construct node class names from node identifiers in multi mode. Default value is
&lt;code&gt;AST&lt;/code&gt;.</description>
        </parameter>
        <parameter>
          <name>nodeScopeHook</name>
          <type>java.lang.Boolean</type>
          <required>false</required>
          <editable>true</editable>
          <description>A flag whether user-defined parser methods should be called on entry and exit of every node scope. Default value
is &lt;code&gt;false&lt;/code&gt;.</description>
        </parameter>
        <parameter>
          <name>nodeUsesParser</name>
          <type>java.lang.Boolean</type>
          <required>false</required>
          <editable>true</editable>
          <description>A flag whether the node construction routines need an additional method parameter to receive the parser object.
Default value is &lt;code&gt;false&lt;/code&gt;.</description>
        </parameter>
        <parameter>
          <name>otherAmbiguityCheck</name>
          <type>java.lang.Integer</type>
          <required>false</required>
          <editable>true</editable>
          <description>This is the number of tokens considered in checking all other kinds of choices (i.e., of the forms &quot;(A)*&quot;,
&quot;(A)+&quot;, and &quot;(A)?&quot;) for ambiguity. Default value is &lt;code&gt;1&lt;/code&gt;.</description>
        </parameter>
        <parameter>
          <name>outputDirectory</name>
          <type>java.io.File</type>
          <required>false</required>
          <editable>true</editable>
          <description>The directory where the generated Java files will be stored. More precisely, the parser files generated by JavaCC
together with some auxiliary files and the previously generated tree node files from JJTree will be saved here.
The directory will be registered as a compile source root of the project such that the generated files will
participate in later build phases like compiling and packaging.</description>
        </parameter>
        <parameter>
          <name>project</name>
          <type>org.apache.maven.project.MavenProject</type>
          <required>true</required>
          <editable>false</editable>
          <description>The current Maven project.</description>
        </parameter>
        <parameter>
          <name>sanityCheck</name>
          <type>java.lang.Boolean</type>
          <required>false</required>
          <editable>true</editable>
          <description>Enables/disables many syntactic and semantic checks on the grammar file during parser generation. Default value
is &lt;code&gt;true&lt;/code&gt;.</description>
        </parameter>
        <parameter>
          <name>sourceDirectory</name>
          <type>java.io.File</type>
          <required>false</required>
          <editable>true</editable>
          <description>The directory where the decorated JavaCC grammar files (&lt;code&gt;*.jjt&lt;/code&gt;) are located. It will be
recursively scanned for input files to pass to JJTree. The parameters &lt;code&gt;includes&lt;/code&gt; and
&lt;code&gt;excludes&lt;/code&gt; can be used to select a subset of files.</description>
        </parameter>
        <parameter>
          <name>staleMillis</name>
          <type>int</type>
          <required>false</required>
          <editable>true</editable>
          <description>The granularity in milliseconds of the last modification date for testing whether a grammar file needs
recompilation.</description>
        </parameter>
        <parameter>
          <name>tokenManagerUsesParser</name>
          <type>java.lang.Boolean</type>
          <required>false</required>
          <editable>true</editable>
          <description>When set to &lt;code&gt;true&lt;/code&gt;, the generated token manager will include a field called &lt;code&gt;parser&lt;/code&gt;
that references the instantiating parser instance. Default value is &lt;code&gt;false&lt;/code&gt;.</description>
        </parameter>
        <parameter>
          <name>unicodeInput</name>
          <type>java.lang.Boolean</type>
          <required>false</required>
          <editable>true</editable>
          <description>When set to &lt;code&gt;true&lt;/code&gt;, the generated parser uses uses an input stream object that reads Unicode files.
By default, ASCII files are assumed. Default value is &lt;code&gt;false&lt;/code&gt;.</description>
        </parameter>
        <parameter>
          <name>userCharStream</name>
          <type>java.lang.Boolean</type>
          <required>false</required>
          <editable>true</editable>
          <description>This flag controls whether the token manager will read characters from a character stream reader as defined by
the options &lt;code&gt;javaUnicodeEscape&lt;/code&gt; and &lt;code&gt;unicodeInput&lt;/code&gt; or whether the token manager reads
from a user-supplied implementation of &lt;code&gt;CharStream&lt;/code&gt;. Default value is &lt;code&gt;false&lt;/code&gt;.</description>
        </parameter>
        <parameter>
          <name>userTokenManager</name>
          <type>java.lang.Boolean</type>
          <required>false</required>
          <editable>true</editable>
          <description>The default action is to generate a token manager that works on the specified grammar tokens. If this option is
set to &lt;code&gt;true&lt;/code&gt;, then the parser is generated to accept tokens from any token manager of type
&lt;code&gt;TokenManager&lt;/code&gt; - this interface is generated into the generated parser directory. Default value is
&lt;code&gt;false&lt;/code&gt;.</description>
        </parameter>
        <parameter>
          <name>visitor</name>
          <type>java.lang.Boolean</type>
          <required>false</required>
          <editable>true</editable>
          <description>A flag whether to insert a &lt;code&gt;jjtAccept()&lt;/code&gt; method in the node classes and to generate a visitor
implementation with an entry for every node type used in the grammar. Default value is &lt;code&gt;false&lt;/code&gt;.</description>
        </parameter>
        <parameter>
          <name>visitorException</name>
          <type>java.lang.String</type>
          <required>false</required>
          <editable>true</editable>
          <description>The qualified name of an exception class to include in the signature of the generated &lt;code&gt;jjtAccept()&lt;/code&gt;
and &lt;code&gt;visit()&lt;/code&gt; methods. By default, the &lt;code&gt;throws&lt;/code&gt; clause of the generated methods is
empty such that only unchecked exceptions can be thrown.</description>
        </parameter>
      </parameters>
      <configuration>
        <lookAhead implementation="java.lang.Integer">${lookAhead}</lookAhead>
        <tokenManagerUsesParser implementation="java.lang.Boolean">${tokenManagerUsesParser}</tokenManagerUsesParser>
        <debugLookAhead implementation="java.lang.Boolean">${debugLookAhead}</debugLookAhead>
        <commonTokenAction implementation="java.lang.Boolean">${commonTokenAction}</commonTokenAction>
        <choiceAmbiguityCheck implementation="java.lang.Integer">${choiceAmbiguityCheck}</choiceAmbiguityCheck>
        <debugTokenManager implementation="java.lang.Boolean">${debugTokenManager}</debugTokenManager>
        <buildNodeFiles implementation="java.lang.Boolean">${buildNodeFiles}</buildNodeFiles>
        <visitorException implementation="java.lang.String">${visitorException}</visitorException>
        <javaUnicodeEscape implementation="java.lang.Boolean">${javaUnicodeEscape}</javaUnicodeEscape>
        <debugParser implementation="java.lang.Boolean">${debugParser}</debugParser>
        <buildTokenManager implementation="java.lang.Boolean">${buildTokenManager}</buildTokenManager>
        <staleMillis implementation="int" default-value="0">${lastModGranularityMs}</staleMillis>
        <outputDirectory implementation="java.io.File" default-value="${project.build.directory}/generated-sources/javacc">${outputDirectory}</outputDirectory>
        <interimDirectory implementation="java.io.File" default-value="${project.build.directory}/generated-sources/jjtree">${interimDirectory}</interimDirectory>
        <ignoreCase implementation="java.lang.Boolean">${ignoreCase}</ignoreCase>
        <cacheTokens implementation="java.lang.Boolean">${cacheTokens}</cacheTokens>
        <otherAmbiguityCheck implementation="java.lang.Integer">${otherAmbiguityCheck}</otherAmbiguityCheck>
        <buildParser implementation="java.lang.Boolean">${buildParser}</buildParser>
        <jdkVersion implementation="java.lang.String">${jdkVersion}</jdkVersion>
        <errorReporting implementation="java.lang.Boolean">${errorReporting}</errorReporting>
        <nodeUsesParser implementation="java.lang.Boolean">${nodeUsesParser}</nodeUsesParser>
        <sanityCheck implementation="java.lang.Boolean">${sanityCheck}</sanityCheck>
        <nodePackage implementation="java.lang.String">${nodePackage}</nodePackage>
        <keepLineColumn implementation="java.lang.Boolean">${keepLineColumn}</keepLineColumn>
        <sourceDirectory implementation="java.io.File" default-value="${basedir}/src/main/jjtree">${sourceDirectory}</sourceDirectory>
        <userTokenManager implementation="java.lang.Boolean">${userTokenManager}</userTokenManager>
        <unicodeInput implementation="java.lang.Boolean">${unicodeInput}</unicodeInput>
        <forceLaCheck implementation="java.lang.Boolean">${forceLaCheck}</forceLaCheck>
        <visitor implementation="java.lang.Boolean">${visitor}</visitor>
        <nodeDefaultVoid implementation="java.lang.Boolean">${nodeDefaultVoid}</nodeDefaultVoid>
        <nodePrefix implementation="java.lang.String">${nodePrefix}</nodePrefix>
        <project implementation="org.apache.maven.project.MavenProject" default-value="${project}"/>
        <isStatic implementation="java.lang.Boolean">${isStatic}</isStatic>
        <userCharStream implementation="java.lang.Boolean">${userCharStream}</userCharStream>
        <nodeFactory implementation="java.lang.Boolean">${nodeFactory}</nodeFactory>
        <multi implementation="java.lang.Boolean">${multi}</multi>
        <nodeScopeHook implementation="java.lang.Boolean">${nodeScopeHook}</nodeScopeHook>
      </configuration>
    </mojo>
    <mojo>
      <goal>jjtree</goal>
      <description>Parses a JJTree grammar file (&lt;code&gt;*.jjt&lt;/code&gt;) and transforms it to Java source files and a JavaCC grammar
file. Please see the &lt;a href=&quot;https://javacc.dev.java.net/doc/JJTree.html&quot;&gt;JJTree Reference Documentation&lt;/a&gt; for
more information. &lt;br/&gt;&lt;br/&gt;&lt;strong&gt;Deprecated.&lt;/strong&gt; As of version 2.4, use the &lt;code&gt;jjtree-javacc&lt;/code&gt;
goal instead.</description>
      <requiresDirectInvocation>false</requiresDirectInvocation>
      <requiresProject>true</requiresProject>
      <requiresReports>false</requiresReports>
      <aggregator>false</aggregator>
      <requiresOnline>false</requiresOnline>
      <inheritedByDefault>true</inheritedByDefault>
      <phase>generate-sources</phase>
      <implementation>org.codehaus.mojo.javacc.JJTreeMojo</implementation>
      <language>java</language>
      <instantiationStrategy>per-lookup</instantiationStrategy>
      <executionStrategy>once-per-session</executionStrategy>
      <parameters>
        <parameter>
          <name>buildNodeFiles</name>
          <type>java.lang.Boolean</type>
          <required>false</required>
          <editable>true</editable>
          <description>A flag whether to generate sample implementations for &lt;code&gt;SimpleNode&lt;/code&gt; and any other nodes used in the
grammar. Default value is &lt;code&gt;true&lt;/code&gt;.</description>
        </parameter>
        <parameter>
          <name>excludes</name>
          <type>java.lang.String[]</type>
          <required>false</required>
          <editable>true</editable>
          <description>A set of Ant-like exclusion patterns used to prevent certain files from being processed. By default, this set if
empty such that no files are excluded.</description>
        </parameter>
        <parameter>
          <name>includes</name>
          <type>java.lang.String[]</type>
          <required>false</required>
          <editable>true</editable>
          <description>A set of Ant-like inclusion patterns used to select files from the source directory for processing. By default,
the patterns &lt;code&gt;**&amp;#47;*.jjt&lt;/code&gt; and &lt;code&gt;**&amp;#47;*.JJT&lt;/code&gt; are used to select grammar files.</description>
        </parameter>
        <parameter>
          <name>isStatic</name>
          <alias>staticOption</alias>
          <type>java.lang.Boolean</type>
          <required>false</required>
          <editable>true</editable>
          <description>A flag whether to generate code for a static parser. Note that this setting must match the corresponding option
for the &lt;code&gt;javacc&lt;/code&gt; mojo. Default value is &lt;code&gt;true&lt;/code&gt;.</description>
        </parameter>
        <parameter>
          <name>jdkVersion</name>
          <type>java.lang.String</type>
          <required>false</required>
          <editable>true</editable>
          <description>The Java version for which to generate source code. Default value is &lt;code&gt;1.4&lt;/code&gt;.</description>
        </parameter>
        <parameter>
          <name>multi</name>
          <type>java.lang.Boolean</type>
          <required>false</required>
          <editable>true</editable>
          <description>A flag whether to generate a multi mode parse tree or a single mode parse tree. Default value is
&lt;code&gt;false&lt;/code&gt;.</description>
        </parameter>
        <parameter>
          <name>nodeDefaultVoid</name>
          <type>java.lang.Boolean</type>
          <required>false</required>
          <editable>true</editable>
          <description>A flag whether to make each non-decorated production void instead of an indefinite node. Default value is
&lt;code&gt;false&lt;/code&gt;.</description>
        </parameter>
        <parameter>
          <name>nodeFactory</name>
          <type>java.lang.Boolean</type>
          <required>false</required>
          <editable>true</editable>
          <description>The name of a custom factory class to create &lt;code&gt;Node&lt;/code&gt; objects.</description>
        </parameter>
        <parameter>
          <name>nodePackage</name>
          <type>java.lang.String</type>
          <required>false</required>
          <editable>true</editable>
          <description>The package to generate the AST node classes into. This value may use a leading asterisk to reference the package
of the corresponding parser. For example, if the parser package is &lt;code&gt;org.apache&lt;/code&gt; and this parameter
is set to &lt;code&gt;*.demo&lt;/code&gt;, the tree node classes will be located in the package
&lt;code&gt;org.apache.demo&lt;/code&gt;. By default, the package of the corresponding parser is used.</description>
        </parameter>
        <parameter>
          <name>nodePrefix</name>
          <type>java.lang.String</type>
          <required>false</required>
          <editable>true</editable>
          <description>The prefix used to construct node class names from node identifiers in multi mode. Default value is
&lt;code&gt;AST&lt;/code&gt;.</description>
        </parameter>
        <parameter>
          <name>nodeScopeHook</name>
          <type>java.lang.Boolean</type>
          <required>false</required>
          <editable>true</editable>
          <description>A flag whether user-defined parser methods should be called on entry and exit of every node scope. Default value
is &lt;code&gt;false&lt;/code&gt;.</description>
        </parameter>
        <parameter>
          <name>nodeUsesParser</name>
          <type>java.lang.Boolean</type>
          <required>false</required>
          <editable>true</editable>
          <description>A flag whether the node construction routines need an additional method parameter to receive the parser object.
Default value is &lt;code&gt;false&lt;/code&gt;.</description>
        </parameter>
        <parameter>
          <name>outputDirectory</name>
          <type>java.io.File</type>
          <required>false</required>
          <editable>true</editable>
          <description>Directory where the output Java files for the node classes and the JavaCC grammar file will be located.</description>
        </parameter>
        <parameter>
          <name>project</name>
          <type>org.apache.maven.project.MavenProject</type>
          <required>true</required>
          <editable>false</editable>
          <description>The current Maven project.</description>
        </parameter>
        <parameter>
          <name>sourceDirectory</name>
          <type>java.io.File</type>
          <required>false</required>
          <editable>true</editable>
          <description>Directory where the input JJTree files (&lt;code&gt;*.jjt&lt;/code&gt;) are located.</description>
        </parameter>
        <parameter>
          <name>staleMillis</name>
          <type>int</type>
          <required>false</required>
          <editable>true</editable>
          <description>The granularity in milliseconds of the last modification date for testing whether a source needs recompilation.</description>
        </parameter>
        <parameter>
          <name>timestampDirectory</name>
          <type>java.io.File</type>
          <required>false</required>
          <editable>true</editable>
          <description>The directory to store the processed input files for later detection of stale sources.</description>
        </parameter>
        <parameter>
          <name>visitor</name>
          <type>java.lang.Boolean</type>
          <required>false</required>
          <editable>true</editable>
          <description>A flag whether to insert a &lt;code&gt;jjtAccept()&lt;/code&gt; method in the node classes and to generate a visitor
implementation with an entry for every node type used in the grammar. Default value is &lt;code&gt;false&lt;/code&gt;.</description>
        </parameter>
        <parameter>
          <name>visitorException</name>
          <type>java.lang.String</type>
          <required>false</required>
          <editable>true</editable>
          <description>The qualified name of an exception class to include in the signature of the generated &lt;code&gt;jjtAccept()&lt;/code&gt;
and &lt;code&gt;visit()&lt;/code&gt; methods. By default, the &lt;code&gt;throws&lt;/code&gt; clause of the generated methods is
empty such that only unchecked exceptions can be thrown.</description>
        </parameter>
      </parameters>
      <configuration>
        <buildNodeFiles implementation="java.lang.Boolean">${buildNodeFiles}</buildNodeFiles>
        <visitorException implementation="java.lang.String">${visitorException}</visitorException>
        <timestampDirectory implementation="java.io.File" default-value="${project.build.directory}/generated-sources/jjtree-timestamp">${timestampDirectory}</timestampDirectory>
        <staleMillis implementation="int" default-value="0">${lastModGranularityMs}</staleMillis>
        <outputDirectory implementation="java.io.File" default-value="${project.build.directory}/generated-sources/jjtree">${outputDirectory}</outputDirectory>
        <visitor implementation="java.lang.Boolean">${visitor}</visitor>
        <nodeDefaultVoid implementation="java.lang.Boolean">${nodeDefaultVoid}</nodeDefaultVoid>
        <nodePrefix implementation="java.lang.String">${nodePrefix}</nodePrefix>
        <isStatic implementation="java.lang.Boolean">${isStatic}</isStatic>
        <project implementation="org.apache.maven.project.MavenProject" default-value="${project}"/>
        <jdkVersion implementation="java.lang.String">${jdkVersion}</jdkVersion>
        <nodeFactory implementation="java.lang.Boolean">${nodeFactory}</nodeFactory>
        <nodeUsesParser implementation="java.lang.Boolean">${nodeUsesParser}</nodeUsesParser>
        <nodePackage implementation="java.lang.String">${nodePackage}</nodePackage>
        <multi implementation="java.lang.Boolean">${multi}</multi>
        <sourceDirectory implementation="java.io.File" default-value="${basedir}/src/main/jjtree">${sourceDirectory}</sourceDirectory>
        <nodeScopeHook implementation="java.lang.Boolean">${nodeScopeHook}</nodeScopeHook>
      </configuration>
    </mojo>
    <mojo>
      <goal>jtb-javacc</goal>
      <description>Preprocesses ordinary grammar files (&lt;code&gt;*.jtb&lt;/code&gt;) with JTB and passes the output to JavaCC in order to
finally generate a parser with parse tree actions.&lt;br/&gt;&lt;br/&gt;&lt;strong&gt;Note:&lt;/strong&gt; &lt;a
href=&quot;http://compilers.cs.ucla.edu/jtb/&quot;&gt;JTB&lt;/a&gt; requires Java 1.5 or higher. This goal will not work with earlier
versions of the JRE.</description>
      <requiresDirectInvocation>false</requiresDirectInvocation>
      <requiresProject>true</requiresProject>
      <requiresReports>false</requiresReports>
      <aggregator>false</aggregator>
      <requiresOnline>false</requiresOnline>
      <inheritedByDefault>true</inheritedByDefault>
      <phase>generate-sources</phase>
      <implementation>org.codehaus.mojo.javacc.JTBJavaCCMojo</implementation>
      <language>java</language>
      <instantiationStrategy>per-lookup</instantiationStrategy>
      <executionStrategy>once-per-session</executionStrategy>
      <parameters>
        <parameter>
          <name>buildParser</name>
          <type>java.lang.Boolean</type>
          <required>false</required>
          <editable>true</editable>
          <description>A flag that controls whether the parser file (&lt;code&gt;*Parser.java&lt;/code&gt;) should be generated or not. If set
to &lt;code&gt;false&lt;/code&gt;, only the token manager is generated. Default value is &lt;code&gt;true&lt;/code&gt;.</description>
        </parameter>
        <parameter>
          <name>buildTokenManager</name>
          <type>java.lang.Boolean</type>
          <required>false</required>
          <editable>true</editable>
          <description>A flag that controls whether the token manager file (&lt;code&gt;*TokenManager.java&lt;/code&gt;) should be generated or
not. Setting this to &lt;code&gt;false&lt;/code&gt; can speed up the generation process if only the parser part of the
grammar changed. Default value is &lt;code&gt;true&lt;/code&gt;.</description>
        </parameter>
        <parameter>
          <name>cacheTokens</name>
          <type>java.lang.Boolean</type>
          <required>false</required>
          <editable>true</editable>
          <description>Setting this option to &lt;code&gt;true&lt;/code&gt; causes the generated parser to lookahead for extra tokens ahead of
time. Default value is &lt;code&gt;false&lt;/code&gt;.</description>
        </parameter>
        <parameter>
          <name>choiceAmbiguityCheck</name>
          <type>java.lang.Integer</type>
          <required>false</required>
          <editable>true</editable>
          <description>This is the number of tokens considered in checking choices of the form &quot;A | B | ...&quot; for ambiguity. Default
value is &lt;code&gt;2&lt;/code&gt;.</description>
        </parameter>
        <parameter>
          <name>commonTokenAction</name>
          <type>java.lang.Boolean</type>
          <required>false</required>
          <editable>true</editable>
          <description>When set to &lt;code&gt;true&lt;/code&gt;, every call to the token manager&apos;s method &lt;code&gt;getNextToken()&lt;/code&gt; (see the
description of the &lt;a href=&quot;https://javacc.dev.java.net/doc/apiroutines.html&quot;&gt;Java Compiler Compiler API&lt;/a&gt;)
will cause a call to a user-defined method &lt;code&gt;CommonTokenAction()&lt;/code&gt; after the token has been scanned in
by the token manager. Default value is &lt;code&gt;false&lt;/code&gt;.</description>
        </parameter>
        <parameter>
          <name>debugLookAhead</name>
          <type>java.lang.Boolean</type>
          <required>false</required>
          <editable>true</editable>
          <description>This is a boolean option whose default value is &lt;code&gt;false&lt;/code&gt;. Setting this option to &lt;code&gt;true&lt;/code&gt;
causes the parser to generate all the tracing information it does when the option &lt;code&gt;debugParser&lt;/code&gt; is
&lt;code&gt;true&lt;/code&gt;, and in addition, also causes it to generated a trace of actions performed during lookahead
operation.</description>
        </parameter>
        <parameter>
          <name>debugParser</name>
          <type>java.lang.Boolean</type>
          <required>false</required>
          <editable>true</editable>
          <description>This option is used to obtain debugging information from the generated parser. Setting this option to
&lt;code&gt;true&lt;/code&gt; causes the parser to generate a trace of its actions. Default value is &lt;code&gt;false&lt;/code&gt;.</description>
        </parameter>
        <parameter>
          <name>debugTokenManager</name>
          <type>java.lang.Boolean</type>
          <required>false</required>
          <editable>true</editable>
          <description>This option is used to obtain debugging information from the generated token manager. Default value is
&lt;code&gt;false&lt;/code&gt;.</description>
        </parameter>
        <parameter>
          <name>descriptiveFieldNames</name>
          <type>java.lang.Boolean</type>
          <required>false</required>
          <editable>true</editable>
          <description>Setting this option to &lt;code&gt;true&lt;/code&gt; causes JTB to generate field names that reflect the structure of the
tree instead of generic names like &lt;code&gt;f0&lt;/code&gt;, &lt;code&gt;f1&lt;/code&gt; etc. Default value is &lt;code&gt;false&lt;/code&gt;.</description>
        </parameter>
        <parameter>
          <name>errorReporting</name>
          <type>java.lang.Boolean</type>
          <required>false</required>
          <editable>true</editable>
          <description>Setting it to &lt;code&gt;false&lt;/code&gt; causes errors due to parse errors to be reported in somewhat less detail.
Default value is &lt;code&gt;true&lt;/code&gt;.</description>
        </parameter>
        <parameter>
          <name>excludes</name>
          <type>java.lang.String[]</type>
          <required>false</required>
          <editable>true</editable>
          <description>A set of Ant-like exclusion patterns used to prevent certain files from being processing. By default, this set if
empty such that no files are excluded.</description>
        </parameter>
        <parameter>
          <name>forceLaCheck</name>
          <type>java.lang.Boolean</type>
          <required>false</required>
          <editable>true</editable>
          <description>This option setting controls lookahead ambiguity checking performed by JavaCC. Default value is
&lt;code&gt;false&lt;/code&gt;.</description>
        </parameter>
        <parameter>
          <name>ignoreCase</name>
          <type>java.lang.Boolean</type>
          <required>false</required>
          <editable>true</editable>
          <description>Setting this option to &lt;code&gt;true&lt;/code&gt; causes the generated token manager to ignore case in the token
specifications and the input files. Default value is &lt;code&gt;false&lt;/code&gt;.</description>
        </parameter>
        <parameter>
          <name>includes</name>
          <type>java.lang.String[]</type>
          <required>false</required>
          <editable>true</editable>
          <description>A set of Ant-like inclusion patterns used to select files from the source directory for processing. By default,
the patterns &lt;code&gt;**&amp;#47;*.jj&lt;/code&gt;, &lt;code&gt;**&amp;#47;*.JJ&lt;/code&gt;, &lt;code&gt;**&amp;#47;*.jtb&lt;/code&gt; and
&lt;code&gt;**&amp;#47;*.JTB&lt;/code&gt; are used to select grammar files.</description>
        </parameter>
        <parameter>
          <name>interimDirectory</name>
          <type>java.io.File</type>
          <required>false</required>
          <editable>true</editable>
          <description>The directory where the interim output from JTB will be stored. This directory will hold the prepared grammar
files (&lt;code&gt;*.jj&lt;/code&gt;) along with their tree node and visitor files (&lt;code&gt;*.java&lt;/code&gt;). The
prepared grammar files will then be passed on to JavaCC to generate the parser files.</description>
        </parameter>
        <parameter>
          <name>isStatic</name>
          <type>java.lang.Boolean</type>
          <required>false</required>
          <editable>true</editable>
          <description>If &lt;code&gt;true&lt;/code&gt;, all methods and class variables are specified as static in the generated parser and
token manager. This allows only one parser object to be present, but it improves the performance of the parser.
Default value is &lt;code&gt;true&lt;/code&gt;.</description>
        </parameter>
        <parameter>
          <name>javaUnicodeEscape</name>
          <type>java.lang.Boolean</type>
          <required>false</required>
          <editable>true</editable>
          <description>When set to &lt;code&gt;true&lt;/code&gt;, the generated parser uses an input stream object that processes Java Unicode
escapes (&lt;code&gt;\&lt;/code&gt;&lt;code&gt;u&lt;/code&gt;&lt;i&gt;xxxx&lt;/i&gt;) before sending characters to the token manager. Default
value is &lt;code&gt;false&lt;/code&gt;.</description>
        </parameter>
        <parameter>
          <name>javadocFriendlyComments</name>
          <type>java.lang.Boolean</type>
          <required>false</required>
          <editable>true</editable>
          <description>If &lt;code&gt;true&lt;/code&gt;, all generated comments will be wrapped in &lt;code&gt;&amp;lt;pre&amp;gt;&lt;/code&gt; tags so that they
are formatted correctly in API docs. Default value is &lt;code&gt;false&lt;/code&gt;.</description>
        </parameter>
        <parameter>
          <name>jdkVersion</name>
          <type>java.lang.String</type>
          <required>false</required>
          <editable>true</editable>
          <description>The Java version for which to generate source code. Default value is &lt;code&gt;1.4&lt;/code&gt;.</description>
        </parameter>
        <parameter>
          <name>keepLineColumn</name>
          <type>java.lang.Boolean</type>
          <required>false</required>
          <editable>true</editable>
          <description>A flag whether to keep line and column information along with a token. Default value is &lt;code&gt;true&lt;/code&gt;.</description>
        </parameter>
        <parameter>
          <name>lookAhead</name>
          <type>java.lang.Integer</type>
          <required>false</required>
          <editable>true</editable>
          <description>The number of tokens to look ahead before making a decision at a choice point during parsing. The default value
is &lt;code&gt;1&lt;/code&gt;.</description>
        </parameter>
        <parameter>
          <name>nodePackageName</name>
          <type>java.lang.String</type>
          <required>false</required>
          <editable>true</editable>
          <description>This option specifies the package for the generated AST nodes. This value may use a leading asterisk to reference
the package of the corresponding parser. For example, if the parser package is &lt;code&gt;org.apache&lt;/code&gt; and this
parameter is set to &lt;code&gt;*.demo&lt;/code&gt;, the tree node classes will be located in the package
&lt;code&gt;org.apache.demo&lt;/code&gt;. Default value is &lt;code&gt;*.syntaxtree&lt;/code&gt;.</description>
        </parameter>
        <parameter>
          <name>nodeParentClass</name>
          <type>java.lang.String</type>
          <required>false</required>
          <editable>true</editable>
          <description>The qualified name of a user-defined class from which all AST nodes will inherit. By default, AST nodes will
inherit from the generated class &lt;code&gt;Node&lt;/code&gt;.</description>
        </parameter>
        <parameter>
          <name>otherAmbiguityCheck</name>
          <type>java.lang.Integer</type>
          <required>false</required>
          <editable>true</editable>
          <description>This is the number of tokens considered in checking all other kinds of choices (i.e., of the forms &quot;(A)*&quot;,
&quot;(A)+&quot;, and &quot;(A)?&quot;) for ambiguity. Default value is &lt;code&gt;1&lt;/code&gt;.</description>
        </parameter>
        <parameter>
          <name>outputDirectory</name>
          <type>java.io.File</type>
          <required>false</required>
          <editable>true</editable>
          <description>The directory where the generated Java files will be stored. More precisely, the parser files generated by JavaCC
together with some auxiliary files and the previously generated tree node and visitor files from JTB will be
saved here. The directory will be registered as a compile source root of the project such that the generated
files will participate in later build phases like compiling and packaging.</description>
        </parameter>
        <parameter>
          <name>packageName</name>
          <type>java.lang.String</type>
          <required>false</required>
          <editable>true</editable>
          <description>This option is short for &lt;code&gt;nodePackageName&lt;/code&gt; = &lt;code&gt;&amp;lt;packageName&amp;gt;.syntaxtree&lt;/code&gt; and
&lt;code&gt;visitorPackageName&lt;/code&gt; = &lt;code&gt;&amp;lt;packageName&amp;gt;.visitor&lt;/code&gt;. Note that this option takes
precedence over &lt;code&gt;nodePackageName&lt;/code&gt; and &lt;code&gt;visitorPackageName&lt;/code&gt; if specified.</description>
        </parameter>
        <parameter>
          <name>parentPointers</name>
          <type>java.lang.Boolean</type>
          <required>false</required>
          <editable>true</editable>
          <description>If &lt;code&gt;true&lt;/code&gt;, all nodes will contain fields for its parent node. Default value is &lt;code&gt;false&lt;/code&gt;.</description>
        </parameter>
        <parameter>
          <name>printer</name>
          <type>java.lang.Boolean</type>
          <required>false</required>
          <editable>true</editable>
          <description>If &lt;code&gt;true&lt;/code&gt;, JTB will generate a syntax tree dumping visitor. Default value is &lt;code&gt;false&lt;/code&gt;.</description>
        </parameter>
        <parameter>
          <name>project</name>
          <type>org.apache.maven.project.MavenProject</type>
          <required>true</required>
          <editable>false</editable>
          <description>The current Maven project.</description>
        </parameter>
        <parameter>
          <name>sanityCheck</name>
          <type>java.lang.Boolean</type>
          <required>false</required>
          <editable>true</editable>
          <description>Enables/disables many syntactic and semantic checks on the grammar file during parser generation. Default value
is &lt;code&gt;true&lt;/code&gt;.</description>
        </parameter>
        <parameter>
          <name>scheme</name>
          <type>java.lang.Boolean</type>
          <required>false</required>
          <editable>true</editable>
          <description>If &lt;code&gt;true&lt;/code&gt;, JTB will generate the following files to support the Schema programming language:
&lt;ul&gt;
&lt;li&gt;Scheme records representing the grammar.&lt;/li&gt;
&lt;li&gt;A Scheme tree building visitor.&lt;/li&gt;
&lt;/ul&gt;
Default value is &lt;code&gt;false&lt;/code&gt;.</description>
        </parameter>
        <parameter>
          <name>sourceDirectory</name>
          <type>java.io.File</type>
          <required>false</required>
          <editable>true</editable>
          <description>The directory where the JavaCC grammar files (&lt;code&gt;*.jtb&lt;/code&gt;) are located. It will be recursively scanned
for input files to pass to JTB. The parameters &lt;code&gt;includes&lt;/code&gt; and &lt;code&gt;excludes&lt;/code&gt; can be used to
select a subset of files.</description>
        </parameter>
        <parameter>
          <name>specialTokens</name>
          <type>java.lang.Boolean</type>
          <required>false</required>
          <editable>true</editable>
          <description>If &lt;code&gt;true&lt;/code&gt;, JTB will include JavaCC &quot;special tokens&quot; in the AST. Default value is &lt;code&gt;false&lt;/code&gt;.</description>
        </parameter>
        <parameter>
          <name>staleMillis</name>
          <type>int</type>
          <required>false</required>
          <editable>true</editable>
          <description>The granularity in milliseconds of the last modification date for testing whether a grammar file needs
recompilation.</description>
        </parameter>
        <parameter>
          <name>supressErrorChecking</name>
          <type>java.lang.Boolean</type>
          <required>false</required>
          <editable>true</editable>
          <description>If &lt;code&gt;true&lt;/code&gt;, JTB will suppress its semantic error checking. Default value is &lt;code&gt;false&lt;/code&gt;.</description>
        </parameter>
        <parameter>
          <name>tokenManagerUsesParser</name>
          <type>java.lang.Boolean</type>
          <required>false</required>
          <editable>true</editable>
          <description>When set to &lt;code&gt;true&lt;/code&gt;, the generated token manager will include a field called &lt;code&gt;parser&lt;/code&gt;
that references the instantiating parser instance. Default value is &lt;code&gt;false&lt;/code&gt;.</description>
        </parameter>
        <parameter>
          <name>unicodeInput</name>
          <type>java.lang.Boolean</type>
          <required>false</required>
          <editable>true</editable>
          <description>When set to &lt;code&gt;true&lt;/code&gt;, the generated parser uses uses an input stream object that reads Unicode files.
By default, ASCII files are assumed. Default value is &lt;code&gt;false&lt;/code&gt;.</description>
        </parameter>
        <parameter>
          <name>userCharStream</name>
          <type>java.lang.Boolean</type>
          <required>false</required>
          <editable>true</editable>
          <description>This flag controls whether the token manager will read characters from a character stream reader as defined by
the options &lt;code&gt;javaUnicodeEscape&lt;/code&gt; and &lt;code&gt;unicodeInput&lt;/code&gt; or whether the token manager reads
from a user-supplied implementation of &lt;code&gt;CharStream&lt;/code&gt;. Default value is &lt;code&gt;false&lt;/code&gt;.</description>
        </parameter>
        <parameter>
          <name>userTokenManager</name>
          <type>java.lang.Boolean</type>
          <required>false</required>
          <editable>true</editable>
          <description>The default action is to generate a token manager that works on the specified grammar tokens. If this option is
set to &lt;code&gt;true&lt;/code&gt;, then the parser is generated to accept tokens from any token manager of type
&lt;code&gt;TokenManager&lt;/code&gt; - this interface is generated into the generated parser directory. Default value is
&lt;code&gt;false&lt;/code&gt;.</description>
        </parameter>
        <parameter>
          <name>visitorPackageName</name>
          <type>java.lang.String</type>
          <required>false</required>
          <editable>true</editable>
          <description>This option specifies the package for the generated visitors. This value may use a leading asterisk to reference
the package of the corresponding parser. For example, if the parser package is &lt;code&gt;org.apache&lt;/code&gt; and this
parameter is set to &lt;code&gt;*.demo&lt;/code&gt;, the visitor classes will be located in the package
&lt;code&gt;org.apache.demo&lt;/code&gt;. Default value is &lt;code&gt;*.visitor&lt;/code&gt;.</description>
        </parameter>
      </parameters>
      <configuration>
        <lookAhead implementation="java.lang.Integer">${lookAhead}</lookAhead>
        <tokenManagerUsesParser implementation="java.lang.Boolean">${tokenManagerUsesParser}</tokenManagerUsesParser>
        <supressErrorChecking implementation="java.lang.Boolean">${supressErrorChecking}</supressErrorChecking>
        <debugLookAhead implementation="java.lang.Boolean">${debugLookAhead}</debugLookAhead>
        <commonTokenAction implementation="java.lang.Boolean">${commonTokenAction}</commonTokenAction>
        <choiceAmbiguityCheck implementation="java.lang.Integer">${choiceAmbiguityCheck}</choiceAmbiguityCheck>
        <debugTokenManager implementation="java.lang.Boolean">${debugTokenManager}</debugTokenManager>
        <packageName implementation="java.lang.String">${package}</packageName>
        <javaUnicodeEscape implementation="java.lang.Boolean">${javaUnicodeEscape}</javaUnicodeEscape>
        <debugParser implementation="java.lang.Boolean">${debugParser}</debugParser>
        <buildTokenManager implementation="java.lang.Boolean">${buildTokenManager}</buildTokenManager>
        <staleMillis implementation="int" default-value="0">${lastModGranularityMs}</staleMillis>
        <interimDirectory implementation="java.io.File" default-value="${project.build.directory}/generated-sources/jtb">${interimDirectory}</interimDirectory>
        <ignoreCase implementation="java.lang.Boolean">${ignoreCase}</ignoreCase>
        <cacheTokens implementation="java.lang.Boolean">${cacheTokens}</cacheTokens>
        <outputDirectory implementation="java.io.File" default-value="${project.build.directory}/generated-sources/javacc">${outputDirectory}</outputDirectory>
        <otherAmbiguityCheck implementation="java.lang.Integer">${otherAmbiguityCheck}</otherAmbiguityCheck>
        <buildParser implementation="java.lang.Boolean">${buildParser}</buildParser>
        <jdkVersion implementation="java.lang.String">${jdkVersion}</jdkVersion>
        <scheme implementation="java.lang.Boolean">${scheme}</scheme>
        <errorReporting implementation="java.lang.Boolean">${errorReporting}</errorReporting>
        <sanityCheck implementation="java.lang.Boolean">${sanityCheck}</sanityCheck>
        <descriptiveFieldNames implementation="java.lang.Boolean">${descriptiveFieldNames}</descriptiveFieldNames>
        <nodeParentClass implementation="java.lang.String">${nodeParentClass}</nodeParentClass>
        <keepLineColumn implementation="java.lang.Boolean">${keepLineColumn}</keepLineColumn>
        <sourceDirectory implementation="java.io.File" default-value="${basedir}/src/main/jtb">${sourceDirectory}</sourceDirectory>
        <userTokenManager implementation="java.lang.Boolean">${userTokenManager}</userTokenManager>
        <unicodeInput implementation="java.lang.Boolean">${unicodeInput}</unicodeInput>
        <forceLaCheck implementation="java.lang.Boolean">${forceLaCheck}</forceLaCheck>
        <javadocFriendlyComments implementation="java.lang.Boolean">${javadocFriendlyComments}</javadocFriendlyComments>
        <parentPointers implementation="java.lang.Boolean">${parentPointers}</parentPointers>
        <printer implementation="java.lang.Boolean">${printer}</printer>
        <project implementation="org.apache.maven.project.MavenProject" default-value="${project}"/>
        <isStatic implementation="java.lang.Boolean">${isStatic}</isStatic>
        <specialTokens implementation="java.lang.Boolean">${specialTokens}</specialTokens>
        <userCharStream implementation="java.lang.Boolean">${userCharStream}</userCharStream>
        <nodePackageName implementation="java.lang.String">${nodePackageName}</nodePackageName>
        <visitorPackageName implementation="java.lang.String">${visitorPackageName}</visitorPackageName>
      </configuration>
    </mojo>
    <mojo>
      <goal>jtb</goal>
      <description>Parses a JTB file and transforms it into source files for an AST and a JavaCC grammar file which automatically builds
the AST.&lt;br/&gt;&lt;br/&gt;&lt;strong&gt;Note:&lt;/strong&gt; &lt;a href=&quot;http://compilers.cs.ucla.edu/jtb/&quot;&gt;JTB&lt;/a&gt; requires Java 1.5
or higher. This goal will not work with earlier versions of the JRE. &lt;br/&gt;&lt;br/&gt;&lt;strong&gt;Deprecated.&lt;/strong&gt; As of
version 2.4, use the &lt;code&gt;jtb-javacc&lt;/code&gt; goal instead.</description>
      <requiresDirectInvocation>false</requiresDirectInvocation>
      <requiresProject>true</requiresProject>
      <requiresReports>false</requiresReports>
      <aggregator>false</aggregator>
      <requiresOnline>false</requiresOnline>
      <inheritedByDefault>true</inheritedByDefault>
      <phase>generate-sources</phase>
      <implementation>org.codehaus.mojo.javacc.JTBMojo</implementation>
      <language>java</language>
      <instantiationStrategy>per-lookup</instantiationStrategy>
      <executionStrategy>once-per-session</executionStrategy>
      <parameters>
        <parameter>
          <name>descriptiveFieldNames</name>
          <type>java.lang.Boolean</type>
          <required>false</required>
          <editable>true</editable>
          <description>Setting this option to &lt;code&gt;true&lt;/code&gt; causes JTB to generate field names that reflect the structure of the
tree instead of generic names like &lt;code&gt;f0&lt;/code&gt;, &lt;code&gt;f1&lt;/code&gt; etc. Default value is &lt;code&gt;false&lt;/code&gt;.</description>
        </parameter>
        <parameter>
          <name>excludes</name>
          <type>java.lang.String[]</type>
          <required>false</required>
          <editable>true</editable>
          <description>A set of Ant-like exclusion patterns used to prevent certain files from being processed. By default, this set if
empty such that no files are excluded.</description>
        </parameter>
        <parameter>
          <name>includes</name>
          <type>java.lang.String[]</type>
          <required>false</required>
          <editable>true</editable>
          <description>A set of Ant-like inclusion patterns used to select files from the source directory for processing. By default,
the patterns &lt;code&gt;**&amp;#47;*.jtb&lt;/code&gt; and &lt;code&gt;**&amp;#47;*.JTB&lt;/code&gt; are used to select grammar files.</description>
        </parameter>
        <parameter>
          <name>javadocFriendlyComments</name>
          <type>java.lang.Boolean</type>
          <required>false</required>
          <editable>true</editable>
          <description>If &lt;code&gt;true&lt;/code&gt;, all generated comments will be wrapped in &lt;code&gt;&amp;lt;pre&amp;gt;&lt;/code&gt; tags so that they
are formatted correctly in API docs. Default value is &lt;code&gt;false&lt;/code&gt;.</description>
        </parameter>
        <parameter>
          <name>nodePackageName</name>
          <type>java.lang.String</type>
          <required>false</required>
          <editable>true</editable>
          <description>This option specifies the package for the generated AST nodes. This value may use a leading asterisk to reference
the package of the corresponding parser. For example, if the parser package is &lt;code&gt;org.apache&lt;/code&gt; and this
parameter is set to &lt;code&gt;*.demo&lt;/code&gt;, the tree node classes will be located in the package
&lt;code&gt;org.apache.demo&lt;/code&gt;. Default value is &lt;code&gt;*.syntaxtree&lt;/code&gt;.</description>
        </parameter>
        <parameter>
          <name>nodeParentClass</name>
          <type>java.lang.String</type>
          <required>false</required>
          <editable>true</editable>
          <description>The qualified name of a user-defined class from which all AST nodes will inherit. By default, AST nodes will
inherit from the generated class &lt;code&gt;Node&lt;/code&gt;.</description>
        </parameter>
        <parameter>
          <name>outputDirectory</name>
          <type>java.io.File</type>
          <required>false</required>
          <editable>true</editable>
          <description>The directory where the output Java files will be located.</description>
        </parameter>
        <parameter>
          <name>packageName</name>
          <type>java.lang.String</type>
          <required>false</required>
          <editable>true</editable>
          <description>This option is short for &lt;code&gt;nodePackageName&lt;/code&gt; = &lt;code&gt;&amp;lt;packageName&amp;gt;.syntaxtree&lt;/code&gt; and
&lt;code&gt;visitorPackageName&lt;/code&gt; = &lt;code&gt;&amp;lt;packageName&amp;gt;.visitor&lt;/code&gt;. Note that this option takes
precedence over &lt;code&gt;nodePackageName&lt;/code&gt; and &lt;code&gt;visitorPackageName&lt;/code&gt; if specified.</description>
        </parameter>
        <parameter>
          <name>parentPointers</name>
          <type>java.lang.Boolean</type>
          <required>false</required>
          <editable>true</editable>
          <description>If &lt;code&gt;true&lt;/code&gt;, all nodes will contain fields for its parent node. Default value is &lt;code&gt;false&lt;/code&gt;.</description>
        </parameter>
        <parameter>
          <name>printer</name>
          <type>java.lang.Boolean</type>
          <required>false</required>
          <editable>true</editable>
          <description>If &lt;code&gt;true&lt;/code&gt;, JTB will generate a syntax tree dumping visitor. Default value is &lt;code&gt;false&lt;/code&gt;.</description>
        </parameter>
        <parameter>
          <name>project</name>
          <type>org.apache.maven.project.MavenProject</type>
          <required>true</required>
          <editable>false</editable>
          <description>The current Maven project.</description>
        </parameter>
        <parameter>
          <name>scheme</name>
          <type>java.lang.Boolean</type>
          <required>false</required>
          <editable>true</editable>
          <description>If &lt;code&gt;true&lt;/code&gt;, JTB will generate the following files to support the Schema programming language:
&lt;ul&gt;
&lt;li&gt;Scheme records representing the grammar.&lt;/li&gt;
&lt;li&gt;A Scheme tree building visitor.&lt;/li&gt;
&lt;/ul&gt;
Default value is &lt;code&gt;false&lt;/code&gt;.</description>
        </parameter>
        <parameter>
          <name>sourceDirectory</name>
          <type>java.io.File</type>
          <required>false</required>
          <editable>true</editable>
          <description>The directory where the JavaCC grammar files (&lt;code&gt;*.jtb&lt;/code&gt;) are located. It will be recursively scanned
for input files to pass to JTB.</description>
        </parameter>
        <parameter>
          <name>specialTokens</name>
          <type>java.lang.Boolean</type>
          <required>false</required>
          <editable>true</editable>
          <description>If &lt;code&gt;true&lt;/code&gt;, JTB will include JavaCC &quot;special tokens&quot; in the AST. Default value is &lt;code&gt;false&lt;/code&gt;.</description>
        </parameter>
        <parameter>
          <name>staleMillis</name>
          <type>int</type>
          <required>false</required>
          <editable>true</editable>
          <description>The granularity in milliseconds of the last modification date for testing whether a source needs recompilation.</description>
        </parameter>
        <parameter>
          <name>supressErrorChecking</name>
          <type>java.lang.Boolean</type>
          <required>false</required>
          <editable>true</editable>
          <description>If &lt;code&gt;true&lt;/code&gt;, JTB will suppress its semantic error checking. Default value is &lt;code&gt;false&lt;/code&gt;.</description>
        </parameter>
        <parameter>
          <name>timestampDirectory</name>
          <type>java.io.File</type>
          <required>false</required>
          <editable>true</editable>
          <description>The directory to store the processed input files for later detection of stale sources.</description>
        </parameter>
        <parameter>
          <name>visitorPackageName</name>
          <type>java.lang.String</type>
          <required>false</required>
          <editable>true</editable>
          <description>This option specifies the package for the generated visitors. This value may use a leading asterisk to reference
the package of the corresponding parser. For example, if the parser package is &lt;code&gt;org.apache&lt;/code&gt; and this
parameter is set to &lt;code&gt;*.demo&lt;/code&gt;, the visitor classes will be located in the package
&lt;code&gt;org.apache.demo&lt;/code&gt;. Default value is &lt;code&gt;*.visitor&lt;/code&gt;.</description>
        </parameter>
      </parameters>
      <configuration>
        <supressErrorChecking implementation="java.lang.Boolean">${supressErrorChecking}</supressErrorChecking>
        <packageName implementation="java.lang.String">${package}</packageName>
        <timestampDirectory implementation="java.io.File" default-value="${project.build.directory}/generated-sources/jtb-timestamp">${timestampDirectory}</timestampDirectory>
        <javadocFriendlyComments implementation="java.lang.Boolean">${javadocFriendlyComments}</javadocFriendlyComments>
        <outputDirectory implementation="java.io.File" default-value="${project.build.directory}/generated-sources/jtb">${outputDirectory}</outputDirectory>
        <staleMillis implementation="int" default-value="0">${lastModGranularityMs}</staleMillis>
        <parentPointers implementation="java.lang.Boolean">${parentPointers}</parentPointers>
        <printer implementation="java.lang.Boolean">${printer}</printer>
        <project implementation="org.apache.maven.project.MavenProject" default-value="${project}"/>
        <specialTokens implementation="java.lang.Boolean">${specialTokens}</specialTokens>
        <scheme implementation="java.lang.Boolean">${scheme}</scheme>
        <descriptiveFieldNames implementation="java.lang.Boolean">${descriptiveFieldNames}</descriptiveFieldNames>
        <nodeParentClass implementation="java.lang.String">${nodeParentClass}</nodeParentClass>
        <nodePackageName implementation="java.lang.String">${nodePackageName}</nodePackageName>
        <sourceDirectory implementation="java.io.File" default-value="${basedir}/src/main/jtb">${sourceDirectory}</sourceDirectory>
        <visitorPackageName implementation="java.lang.String">${visitorPackageName}</visitorPackageName>
      </configuration>
    </mojo>
  </mojos>
  <dependencies/>
</plugin>