<plugin>
  <description></description>
  <groupId>org.codehaus.mojo</groupId>
  <artifactId>native2ascii-maven-plugin</artifactId>
  <version>1.0-alpha-1</version>
  <goalPrefix>native2ascii</goalPrefix>
  <isolatedRealm>false</isolatedRealm>
  <inheritedByDefault>true</inheritedByDefault>
  <mojos>
    <mojo>
      <goal>native2ascii</goal>
      <description></description>
      <requiresDirectInvocation>false</requiresDirectInvocation>
      <requiresProject>true</requiresProject>
      <requiresReports>false</requiresReports>
      <aggregator>false</aggregator>
      <requiresOnline>false</requiresOnline>
      <inheritedByDefault>true</inheritedByDefault>
      <phase>generate-resources</phase>
      <implementation>org.codehaus.mojo.native2ascii.Native2AsciiMojo</implementation>
      <language>java</language>
      <instantiationStrategy>per-lookup</instantiationStrategy>
      <executionStrategy>once-per-session</executionStrategy>
      <parameters>
        <parameter>
          <name>dest</name>
          <type>java.io.File</type>
          <required>false</required>
          <editable>true</editable>
          <description>The directory to output file to</description>
        </parameter>
        <parameter>
          <name>encoding</name>
          <type>java.lang.String</type>
          <required>false</required>
          <editable>true</editable>
          <description>The native encoding the files are in (default is the default encoding for the JVM)</description>
        </parameter>
        <parameter>
          <name>excludes</name>
          <type>java.lang.String</type>
          <required>false</required>
          <editable>true</editable>
          <description>comma- or space-separated list of patterns of files that must be excluded. No files (except default excludes) are excluded when omitted.</description>
        </parameter>
        <parameter>
          <name>ext</name>
          <type>java.lang.String</type>
          <required>false</required>
          <editable>true</editable>
          <description>File extension to use in renaming output files</description>
        </parameter>
        <parameter>
          <name>includes</name>
          <type>java.lang.String</type>
          <required>false</required>
          <editable>true</editable>
          <description>comma- or space-separated list of patterns of files that must be included. All files are included when omitted</description>
        </parameter>
        <parameter>
          <name>project</name>
          <type>org.apache.maven.project.MavenProject</type>
          <required>false</required>
          <editable>false</editable>
          <description></description>
        </parameter>
        <parameter>
          <name>src</name>
          <type>java.io.File</type>
          <required>false</required>
          <editable>true</editable>
          <description>The directory to find files in (default is basedir)</description>
        </parameter>
      </parameters>
      <configuration>
        <project implementation="org.apache.maven.project.MavenProject">${project}</project>
        <src implementation="java.io.File" default-value="${basedir}/src/main/native2ascii"/>
        <dest implementation="java.io.File" default-value="${project.build.directory}/native2ascii"/>
      </configuration>
    </mojo>
  </mojos>
  <dependencies/>
</plugin>