<plugin>
  <description></description>
  <groupId>org.codehaus.mojo</groupId>
  <artifactId>native-maven-plugin</artifactId>
  <version>1.0-alpha-1</version>
  <goalPrefix>native</goalPrefix>
  <isolatedRealm>false</isolatedRealm>
  <inheritedByDefault>true</inheritedByDefault>
  <mojos>
    <mojo>
      <goal>compile</goal>
      <description>Compile source files into native object files</description>
      <requiresDirectInvocation>false</requiresDirectInvocation>
      <requiresProject>true</requiresProject>
      <requiresReports>false</requiresReports>
      <aggregator>false</aggregator>
      <requiresOnline>false</requiresOnline>
      <inheritedByDefault>true</inheritedByDefault>
      <phase>compile</phase>
      <implementation>org.codehaus.mojo.natives.plugin.NativeCompileMojo</implementation>
      <language>java</language>
      <instantiationStrategy>per-lookup</instantiationStrategy>
      <executionStrategy>once-per-session</executionStrategy>
      <parameters>
        <parameter>
          <name>compilerEndOptions</name>
          <type>java.lang.String</type>
          <required>false</required>
          <editable>true</editable>
          <description>Compiler options</description>
        </parameter>
        <parameter>
          <name>compilerExecutable</name>
          <type>java.lang.String</type>
          <required>false</required>
          <editable>true</editable>
          <description>Use this field to override provider specific compiler executable</description>
        </parameter>
        <parameter>
          <name>compilerMiddleOptions</name>
          <type>java.lang.String</type>
          <required>false</required>
          <editable>true</editable>
          <description>Compiler options</description>
        </parameter>
        <parameter>
          <name>compilerProvider</name>
          <type>java.lang.String</type>
          <required>true</required>
          <editable>true</editable>
          <description>Compiler Provider Type</description>
        </parameter>
        <parameter>
          <name>compilerStartOptions</name>
          <type>java.lang.String</type>
          <required>false</required>
          <editable>true</editable>
          <description>Compiler options</description>
        </parameter>
        <parameter>
          <name>envFactoryName</name>
          <type>java.lang.String</type>
          <required>false</required>
          <editable>true</editable>
          <description>Specifies a fully qualified class name implementing the org.codehaus.mojo.natives.EnvFactory interface. The class creates a set environment variables to be used with the command line.</description>
        </parameter>
        <parameter>
          <name>javahOS</name>
          <type>java.lang.String</type>
          <required>false</required>
          <editable>true</editable>
          <description>Javah OS name. ${jdkIncludePath} and ${jdkIncludePath}/${javaOS} are added to system include path when this field is set</description>
        </parameter>
        <parameter>
          <name>jdkIncludePath</name>
          <type>java.io.File</type>
          <required>false</required>
          <editable>true</editable>
          <description>JDK native include directory</description>
        </parameter>
        <parameter>
          <name>outputDirectory</name>
          <type>java.io.File</type>
          <required>true</required>
          <editable>false</editable>
          <description>Where to place the final packaging and compiler object files</description>
        </parameter>
        <parameter>
          <name>project</name>
          <type>org.apache.maven.project.MavenProject</type>
          <required>true</required>
          <editable>false</editable>
          <description>POM</description>
        </parameter>
        <parameter>
          <name>sources</name>
          <type>org.codehaus.mojo.natives.NativeSources</type>
          <required>false</required>
          <editable>true</editable>
          <description>Array of NativeSources containing include directories and source files.</description>
        </parameter>
      </parameters>
      <configuration>
        <jdkIncludePath implementation="java.io.File" default-value="${java.home}/../include"/>
        <outputDirectory implementation="java.io.File">${project.build.directory}</outputDirectory>
        <project implementation="org.apache.maven.project.MavenProject">${project}</project>
        <compilerProvider implementation="java.lang.String" default-value="generic"/>
      </configuration>
      <requirements>
        <requirement>
          <role>org.codehaus.mojo.natives.manager.CompilerManager</role>
          <field-name>manager</field-name>
        </requirement>
      </requirements>
    </mojo>
    <mojo>
      <goal>initialize</goal>
      <description>Initialize build lifecycle</description>
      <requiresDirectInvocation>false</requiresDirectInvocation>
      <requiresProject>true</requiresProject>
      <requiresReports>false</requiresReports>
      <aggregator>false</aggregator>
      <requiresOnline>false</requiresOnline>
      <inheritedByDefault>true</inheritedByDefault>
      <phase>initialize</phase>
      <implementation>org.codehaus.mojo.natives.plugin.NativeInitializeMojo</implementation>
      <language>java</language>
      <instantiationStrategy>per-lookup</instantiationStrategy>
      <executionStrategy>once-per-session</executionStrategy>
      <parameters/>
    </mojo>
    <mojo>
      <goal>javah</goal>
      <description>Generate jni include files based on a set of class names</description>
      <requiresDependencyResolution>compile</requiresDependencyResolution>
      <requiresDirectInvocation>false</requiresDirectInvocation>
      <requiresProject>true</requiresProject>
      <requiresReports>false</requiresReports>
      <aggregator>false</aggregator>
      <requiresOnline>false</requiresOnline>
      <inheritedByDefault>true</inheritedByDefault>
      <phase>generate-sources</phase>
      <implementation>org.codehaus.mojo.natives.plugin.NativeJavahMojo</implementation>
      <language>java</language>
      <instantiationStrategy>per-lookup</instantiationStrategy>
      <executionStrategy>once-per-session</executionStrategy>
      <parameters>
        <parameter>
          <name>classNames</name>
          <type>java.lang.String</type>
          <required>false</required>
          <editable>true</editable>
          <description>List of class names to generate native files. Default is all JNI classes available in the classpath excluding the transitive dependencies.</description>
        </parameter>
        <parameter>
          <name>implementation</name>
          <type>java.lang.String</type>
          <required>true</required>
          <editable>true</editable>
          <description>The compiler implementation to use. If this attribute is not set, the default compiler for the current VM will be used. Currently the only available implemention is &apos;default&apos;.</description>
        </parameter>
        <parameter>
          <name>outputDirectory</name>
          <type>java.io.File</type>
          <required>true</required>
          <editable>true</editable>
          <description>Generated native source files go here</description>
        </parameter>
        <parameter>
          <name>outputFileName</name>
          <type>java.lang.String</type>
          <required>false</required>
          <editable>true</editable>
          <description>if configured will be combined with outputDirectory to pass into javah&apos;s -o option</description>
        </parameter>
        <parameter>
          <name>project</name>
          <type>org.apache.maven.project.MavenProject</type>
          <required>true</required>
          <editable>false</editable>
          <description>Internal readonly property.</description>
        </parameter>
        <parameter>
          <name>verbose</name>
          <type>boolean</type>
          <required>false</required>
          <editable>true</editable>
          <description>Enable javah verbose mode</description>
        </parameter>
      </parameters>
      <configuration>
        <outputDirectory implementation="java.io.File" default-value="${project.build.directory}/native/javah"/>
        <verbose implementation="boolean" default-value="false"/>
        <project implementation="org.apache.maven.project.MavenProject">${project}</project>
        <implementation implementation="java.lang.String" default-value="default"/>
      </configuration>
      <requirements>
        <requirement>
          <role>org.codehaus.mojo.natives.manager.JavahManager</role>
          <field-name>manager</field-name>
        </requirement>
      </requirements>
    </mojo>
    <mojo>
      <goal>link</goal>
      <description>Link all previously built object and dependent library files into final build artifact</description>
      <requiresDependencyResolution>runtime</requiresDependencyResolution>
      <requiresDirectInvocation>false</requiresDirectInvocation>
      <requiresProject>true</requiresProject>
      <requiresReports>false</requiresReports>
      <aggregator>false</aggregator>
      <requiresOnline>false</requiresOnline>
      <inheritedByDefault>true</inheritedByDefault>
      <phase>package</phase>
      <implementation>org.codehaus.mojo.natives.plugin.NativeLinkMojo</implementation>
      <language>java</language>
      <instantiationStrategy>per-lookup</instantiationStrategy>
      <executionStrategy>once-per-session</executionStrategy>
      <parameters>
        <parameter>
          <name>compilerProvider</name>
          <type>java.lang.String</type>
          <required>false</required>
          <editable>true</editable>
          <description>Override this property if permitted by compilerProvider</description>
        </parameter>
        <parameter>
          <name>envFactoryName</name>
          <type>java.lang.String</type>
          <required>false</required>
          <editable>true</editable>
          <description>Specifies a fully qualified class name implementing the org.codehaus.mojo.natives.EnvFactory interface. The class creates a set environment variables to be used with the command line.</description>
        </parameter>
        <parameter>
          <name>externalLibDirectory</name>
          <type>java.io.File</type>
          <required>true</required>
          <editable>false</editable>
          <description></description>
        </parameter>
        <parameter>
          <name>linkerEndOptions</name>
          <type>java.lang.String</type>
          <required>false</required>
          <editable>true</editable>
          <description></description>
        </parameter>
        <parameter>
          <name>linkerExecutable</name>
          <type>java.lang.String</type>
          <required>false</required>
          <editable>true</editable>
          <description>Override this property if permitted by linkerProvider</description>
        </parameter>
        <parameter>
          <name>linkerMiddleOptions</name>
          <type>java.lang.String</type>
          <required>false</required>
          <editable>true</editable>
          <description></description>
        </parameter>
        <parameter>
          <name>linkerProvider</name>
          <type>java.lang.String</type>
          <required>false</required>
          <editable>true</editable>
          <description>Default value is ${compilerProvider}</description>
        </parameter>
        <parameter>
          <name>linkerSecondaryOutputExtensions</name>
          <type>java.lang.String</type>
          <required>false</required>
          <editable>true</editable>
          <description></description>
        </parameter>
        <parameter>
          <name>linkerStartOptions</name>
          <type>java.lang.String</type>
          <required>false</required>
          <editable>true</editable>
          <description></description>
        </parameter>
        <parameter>
          <name>linkingOrderLibs</name>
          <type>java.util.List</type>
          <required>false</required>
          <editable>true</editable>
          <description>Option to reorder dependency list, each item has the format of ${groupId}:${artifactId}</description>
        </parameter>
        <parameter>
          <name>outputDirectory</name>
          <type>java.io.File</type>
          <required>true</required>
          <editable>false</editable>
          <description>Where to place the final packaging and compiler object files</description>
        </parameter>
        <parameter>
          <name>project</name>
          <type>org.apache.maven.project.MavenProject</type>
          <required>true</required>
          <editable>false</editable>
          <description>POM</description>
        </parameter>
        <parameter>
          <name>projectArtifactMap</name>
          <type>java.util.Map</type>
          <required>true</required>
          <editable>false</editable>
          <description>Map of of project artifacts.</description>
        </parameter>
      </parameters>
      <configuration>
        <outputDirectory implementation="java.io.File">${project.build.directory}</outputDirectory>
        <project implementation="org.apache.maven.project.MavenProject">${project}</project>
        <externalLibDirectory implementation="java.io.File">${project.build.directory}/lib</externalLibDirectory>
        <projectArtifactMap implementation="java.util.Map">${project.artifactMap}</projectArtifactMap>
        <compilerProvider implementation="java.lang.String" default-value="generic"/>
      </configuration>
      <requirements>
        <requirement>
          <role>org.apache.maven.artifact.factory.ArtifactFactory</role>
          <field-name>artifactFactory</field-name>
        </requirement>
        <requirement>
          <role>org.codehaus.mojo.natives.manager.LinkerManager</role>
          <field-name>manager</field-name>
        </requirement>
      </requirements>
    </mojo>
    <mojo>
      <goal>compile-message</goal>
      <description>Compile Windows message files</description>
      <requiresDirectInvocation>false</requiresDirectInvocation>
      <requiresProject>true</requiresProject>
      <requiresReports>false</requiresReports>
      <aggregator>false</aggregator>
      <requiresOnline>false</requiresOnline>
      <inheritedByDefault>true</inheritedByDefault>
      <phase>generate-sources</phase>
      <implementation>org.codehaus.mojo.natives.plugin.NativeMessageCompileMojo</implementation>
      <language>java</language>
      <instantiationStrategy>per-lookup</instantiationStrategy>
      <executionStrategy>once-per-session</executionStrategy>
      <parameters>
        <parameter>
          <name>envFactoryName</name>
          <type>java.lang.String</type>
          <required>false</required>
          <editable>true</editable>
          <description>Specifies a fully qualified class name implementing the org.codehaus.mojo.natives.EnvFactory interface. The class creates a set environment variables to be used with the command line.</description>
        </parameter>
        <parameter>
          <name>messageFiles</name>
          <type>java.io.File</type>
          <required>true</required>
          <editable>true</editable>
          <description></description>
        </parameter>
        <parameter>
          <name>options</name>
          <type>java.lang.String</type>
          <required>false</required>
          <editable>true</editable>
          <description></description>
        </parameter>
        <parameter>
          <name>outputDirectory</name>
          <type>java.io.File</type>
          <required>true</required>
          <editable>true</editable>
          <description></description>
        </parameter>
        <parameter>
          <name>project</name>
          <type>org.apache.maven.project.MavenProject</type>
          <required>true</required>
          <editable>false</editable>
          <description></description>
        </parameter>
        <parameter>
          <name>provider</name>
          <type>java.lang.String</type>
          <required>true</required>
          <editable>true</editable>
          <description></description>
        </parameter>
      </parameters>
      <configuration>
        <outputDirectory implementation="java.io.File">${project.build.directory}/native</outputDirectory>
        <project implementation="org.apache.maven.project.MavenProject">${project}</project>
        <provider implementation="java.lang.String" default-value="msvc"/>
      </configuration>
      <requirements>
        <requirement>
          <role>org.codehaus.mojo.natives.manager.MessageCompilerManager</role>
          <field-name>manager</field-name>
        </requirement>
      </requirements>
    </mojo>
    <mojo>
      <goal>ranlib</goal>
      <description>ranlib a Unix linker output file</description>
      <requiresDirectInvocation>false</requiresDirectInvocation>
      <requiresProject>true</requiresProject>
      <requiresReports>false</requiresReports>
      <aggregator>false</aggregator>
      <requiresOnline>false</requiresOnline>
      <inheritedByDefault>true</inheritedByDefault>
      <phase>package</phase>
      <implementation>org.codehaus.mojo.natives.plugin.NativeRanlibMojo</implementation>
      <language>java</language>
      <instantiationStrategy>per-lookup</instantiationStrategy>
      <executionStrategy>once-per-session</executionStrategy>
      <parameters>
        <parameter>
          <name>envFactoryName</name>
          <type>java.lang.String</type>
          <required>false</required>
          <editable>true</editable>
          <description>Specifies a fully qualified class name implementing the org.codehaus.mojo.natives.EnvFactory interface. The class creates a set environment variables to be used with the command line.</description>
        </parameter>
        <parameter>
          <name>outputDirectory</name>
          <type>java.io.File</type>
          <required>true</required>
          <editable>false</editable>
          <description>Where to place the final packaging and compiler object files</description>
        </parameter>
        <parameter>
          <name>project</name>
          <type>org.apache.maven.project.MavenProject</type>
          <required>true</required>
          <editable>false</editable>
          <description>POM</description>
        </parameter>
      </parameters>
      <configuration>
        <outputDirectory implementation="java.io.File">${project.build.directory}</outputDirectory>
        <project implementation="org.apache.maven.project.MavenProject">${project}</project>
      </configuration>
      <requirements>
        <requirement>
          <role>org.codehaus.mojo.natives.linker.Ranlib</role>
          <field-name>ranlib</field-name>
        </requirement>
      </requirements>
    </mojo>
    <mojo>
      <goal>resource-compile</goal>
      <description>Compile Windows resource files</description>
      <requiresDirectInvocation>false</requiresDirectInvocation>
      <requiresProject>true</requiresProject>
      <requiresReports>false</requiresReports>
      <aggregator>false</aggregator>
      <requiresOnline>false</requiresOnline>
      <inheritedByDefault>true</inheritedByDefault>
      <phase>compile</phase>
      <implementation>org.codehaus.mojo.natives.plugin.NativeResourceCompileMojo</implementation>
      <language>java</language>
      <instantiationStrategy>per-lookup</instantiationStrategy>
      <executionStrategy>once-per-session</executionStrategy>
      <parameters>
        <parameter>
          <name>envFactoryName</name>
          <type>java.lang.String</type>
          <required>false</required>
          <editable>true</editable>
          <description>Specifies a fully qualified class name implementing the org.codehaus.mojo.natives.EnvFactory interface. The class creates a set environment variables to be used with the command line.</description>
        </parameter>
        <parameter>
          <name>options</name>
          <type>java.lang.String</type>
          <required>false</required>
          <editable>true</editable>
          <description>Resource compiler options</description>
        </parameter>
        <parameter>
          <name>outputDirectory</name>
          <type>java.io.File</type>
          <required>true</required>
          <editable>false</editable>
          <description>Where to place the final packaging and compiler object files</description>
        </parameter>
        <parameter>
          <name>project</name>
          <type>org.apache.maven.project.MavenProject</type>
          <required>true</required>
          <editable>false</editable>
          <description>POM</description>
        </parameter>
        <parameter>
          <name>provider</name>
          <type>java.lang.String</type>
          <required>true</required>
          <editable>true</editable>
          <description>Compiler Provider Type</description>
        </parameter>
        <parameter>
          <name>sources</name>
          <type>org.codehaus.mojo.natives.NativeSources</type>
          <required>false</required>
          <editable>true</editable>
          <description>Array of NativeSources containing include directories and source files</description>
        </parameter>
      </parameters>
      <configuration>
        <outputDirectory implementation="java.io.File">${project.build.directory}</outputDirectory>
        <project implementation="org.apache.maven.project.MavenProject">${project}</project>
        <provider implementation="java.lang.String" default-value="msvc"/>
      </configuration>
      <requirements>
        <requirement>
          <role>org.codehaus.mojo.natives.manager.ResourceCompilerManager</role>
          <field-name>manager</field-name>
        </requirement>
      </requirements>
    </mojo>
  </mojos>
  <dependencies/>
</plugin>