<plugin>
  <description>Maven plugin for creating Netbeans Modules.
        It defines custom lifecycle called &quot;nbm&quot;. During packaging, the module&apos;s jar artifact will be enhanced with Netbeans specific manifest entries and along with other required files packed into a nbm file, ready for distribution.
        Additionally the plugin provides agregator goals to create autoupdate centers or module cluster for your module projects.</description>
  <groupId>org.codehaus.mojo</groupId>
  <artifactId>nbm-maven-plugin</artifactId>
  <version>2.2</version>
  <goalPrefix>nbm</goalPrefix>
  <isolatedRealm>false</isolatedRealm>
  <inheritedByDefault>true</inheritedByDefault>
  <mojos>
    <mojo>
      <goal>cluster</goal>
      <description>Create the Netbeans module clusters from reactor</description>
      <requiresDependencyResolution>runtime</requiresDependencyResolution>
      <requiresDirectInvocation>false</requiresDirectInvocation>
      <requiresProject>true</requiresProject>
      <requiresReports>false</requiresReports>
      <aggregator>true</aggregator>
      <requiresOnline>false</requiresOnline>
      <inheritedByDefault>true</inheritedByDefault>
      <implementation>org.codehaus.mojo.nbm.CreateClusterMojo</implementation>
      <language>java</language>
      <instantiationStrategy>per-lookup</instantiationStrategy>
      <executionStrategy>once-per-session</executionStrategy>
      <parameters>
        <parameter>
          <name>nbmBuildDir</name>
          <type>java.lang.String</type>
          <required>true</required>
          <editable>true</editable>
          <description>directory where the the netbeans cluster will be created.</description>
        </parameter>
        <parameter>
          <name>project</name>
          <type>org.apache.maven.project.MavenProject</type>
          <required>true</required>
          <editable>false</editable>
          <description>The Maven Project.</description>
        </parameter>
        <parameter>
          <name>reactorProjects</name>
          <type>java.util.List</type>
          <required>true</required>
          <editable>false</editable>
          <description>If the executed project is a reactor project, this will contains the full list of projects in the reactor.</description>
        </parameter>
      </parameters>
      <configuration>
        <nbmBuildDir implementation="java.lang.String">${project.build.directory}/netbeans_clusters</nbmBuildDir>
        <project implementation="org.apache.maven.project.MavenProject">${project}</project>
        <reactorProjects implementation="java.util.List">${reactorProjects}</reactorProjects>
      </configuration>
    </mojo>
    <mojo>
      <goal>autoupdate</goal>
      <description>Create the Netbeans autupdate site</description>
      <requiresDependencyResolution>runtime</requiresDependencyResolution>
      <requiresDirectInvocation>false</requiresDirectInvocation>
      <requiresProject>true</requiresProject>
      <requiresReports>false</requiresReports>
      <aggregator>true</aggregator>
      <requiresOnline>false</requiresOnline>
      <inheritedByDefault>true</inheritedByDefault>
      <implementation>org.codehaus.mojo.nbm.CreateUpdateSiteMojo</implementation>
      <language>java</language>
      <instantiationStrategy>per-lookup</instantiationStrategy>
      <executionStrategy>once-per-session</executionStrategy>
      <parameters>
        <parameter>
          <name>distBase</name>
          <type>java.lang.String</type>
          <required>false</required>
          <editable>true</editable>
          <description>dist base.??</description>
        </parameter>
        <parameter>
          <name>fileName</name>
          <type>java.lang.String</type>
          <required>true</required>
          <editable>true</editable>
          <description>autoupdate site xml file name.</description>
        </parameter>
        <parameter>
          <name>nbmBuildDir</name>
          <type>java.lang.String</type>
          <required>true</required>
          <editable>true</editable>
          <description>directory where the the netbeans autoupdate site will be created.</description>
        </parameter>
        <parameter>
          <name>project</name>
          <type>org.apache.maven.project.MavenProject</type>
          <required>true</required>
          <editable>false</editable>
          <description>The Maven Project.</description>
        </parameter>
        <parameter>
          <name>reactorProjects</name>
          <type>java.util.List</type>
          <required>true</required>
          <editable>false</editable>
          <description>If the executed project is a reactor project, this will contains the full list of projects in the reactor.</description>
        </parameter>
      </parameters>
      <configuration>
        <nbmBuildDir implementation="java.lang.String">${project.build.directory}/netbeans_site</nbmBuildDir>
        <fileName implementation="java.lang.String">Autoupdate_Site.xml</fileName>
        <project implementation="org.apache.maven.project.MavenProject">${project}</project>
        <reactorProjects implementation="java.util.List">${reactorProjects}</reactorProjects>
      </configuration>
    </mojo>
    <mojo>
      <goal>jar</goal>
      <description>goal for updating the artifact jar with netbeans specific entries.</description>
      <requiresDependencyResolution>runtime</requiresDependencyResolution>
      <requiresDirectInvocation>false</requiresDirectInvocation>
      <requiresProject>true</requiresProject>
      <requiresReports>false</requiresReports>
      <aggregator>false</aggregator>
      <requiresOnline>false</requiresOnline>
      <inheritedByDefault>true</inheritedByDefault>
      <phase>package</phase>
      <implementation>org.codehaus.mojo.nbm.NetbeansJarUpdateMojo</implementation>
      <language>java</language>
      <instantiationStrategy>per-lookup</instantiationStrategy>
      <executionStrategy>once-per-session</executionStrategy>
      <parameters>
        <parameter>
          <name>buildDir</name>
          <type>java.lang.String</type>
          <required>true</required>
          <editable>false</editable>
          <description></description>
        </parameter>
        <parameter>
          <name>descriptor</name>
          <type>java.io.File</type>
          <required>true</required>
          <editable>true</editable>
          <description>a netbeans module descriptor containing dependency information and more</description>
        </parameter>
        <parameter>
          <name>finalName</name>
          <type>java.lang.String</type>
          <required>true</required>
          <editable>true</editable>
          <description></description>
        </parameter>
        <parameter>
          <name>nbmBuildDir</name>
          <type>java.lang.String</type>
          <required>true</required>
          <editable>true</editable>
          <description></description>
        </parameter>
        <parameter>
          <name>project</name>
          <type>org.apache.maven.project.MavenProject</type>
          <required>true</required>
          <editable>false</editable>
          <description>maven project</description>
        </parameter>
      </parameters>
      <configuration>
        <nbmBuildDir implementation="java.lang.String">${project.build.directory}/nbm</nbmBuildDir>
        <project implementation="org.apache.maven.project.MavenProject">${project}</project>
        <buildDir implementation="java.lang.String">${project.build.directory}</buildDir>
        <finalName implementation="java.lang.String">${project.build.finalName}</finalName>
      </configuration>
    </mojo>
    <mojo>
      <goal>nbm</goal>
      <description>Create the Netbeans module artifact (nbm file) &lt;p/&gt;</description>
      <requiresDependencyResolution>runtime</requiresDependencyResolution>
      <requiresDirectInvocation>false</requiresDirectInvocation>
      <requiresProject>true</requiresProject>
      <requiresReports>false</requiresReports>
      <aggregator>false</aggregator>
      <requiresOnline>false</requiresOnline>
      <inheritedByDefault>true</inheritedByDefault>
      <phase>package</phase>
      <implementation>org.codehaus.mojo.nbm.CreateNbmMojo</implementation>
      <language>java</language>
      <instantiationStrategy>per-lookup</instantiationStrategy>
      <executionStrategy>once-per-session</executionStrategy>
      <parameters>
        <parameter>
          <name>buildDir</name>
          <type>java.lang.String</type>
          <required>true</required>
          <editable>false</editable>
          <description></description>
        </parameter>
        <parameter>
          <name>descriptor</name>
          <type>java.io.File</type>
          <required>true</required>
          <editable>true</editable>
          <description>a netbeans module descriptor containing dependency information and more</description>
        </parameter>
        <parameter>
          <name>finalName</name>
          <alias>jarName</alias>
          <type>java.lang.String</type>
          <required>true</required>
          <editable>true</editable>
          <description>Name of the jar packaged by the jar:jar plugin</description>
        </parameter>
        <parameter>
          <name>keystore</name>
          <type>java.lang.String</type>
          <required>false</required>
          <editable>true</editable>
          <description>keystore location for signing the nbm file</description>
        </parameter>
        <parameter>
          <name>keystorealias</name>
          <type>java.lang.String</type>
          <required>false</required>
          <editable>true</editable>
          <description>keystore alias</description>
        </parameter>
        <parameter>
          <name>keystorepassword</name>
          <type>java.lang.String</type>
          <required>false</required>
          <editable>true</editable>
          <description>keystore password</description>
        </parameter>
        <parameter>
          <name>nbmBuildDir</name>
          <type>java.lang.String</type>
          <required>true</required>
          <editable>true</editable>
          <description>directory where the the netbeans jar and nbm file will be constructed</description>
        </parameter>
        <parameter>
          <name>project</name>
          <type>org.apache.maven.project.MavenProject</type>
          <required>true</required>
          <editable>false</editable>
          <description></description>
        </parameter>
      </parameters>
      <configuration>
        <keystorepassword implementation="java.lang.String">${keystorepass}</keystorepassword>
        <nbmBuildDir implementation="java.lang.String">${project.build.directory}/nbm</nbmBuildDir>
        <keystorealias implementation="java.lang.String">${keystorealias}</keystorealias>
        <keystore implementation="java.lang.String">${keystore}</keystore>
        <project implementation="org.apache.maven.project.MavenProject">${project}</project>
        <buildDir implementation="java.lang.String">${project.build.directory}</buildDir>
        <finalName implementation="java.lang.String">${project.build.finalName}</finalName>
      </configuration>
    </mojo>
    <mojo>
      <goal>populate-repository</goal>
      <description>a goal for identifying netbeans modules from the installation and populationg the local repository with them. Optionally you can also deploy to a remote repository. &lt;p/&gt; If you are looking for an existing remote repository for netbeans artifacts, check out http://208.44.201.216:18080/maven/ it contains API artifacts for 4.1 and 5.0 releases.</description>
      <requiresDirectInvocation>false</requiresDirectInvocation>
      <requiresProject>false</requiresProject>
      <requiresReports>false</requiresReports>
      <aggregator>true</aggregator>
      <requiresOnline>false</requiresOnline>
      <inheritedByDefault>true</inheritedByDefault>
      <implementation>org.codehaus.mojo.nbm.PopulateRepositoryMojo</implementation>
      <language>java</language>
      <instantiationStrategy>per-lookup</instantiationStrategy>
      <executionStrategy>once-per-session</executionStrategy>
      <parameters>
        <parameter>
          <name>deployUrl</name>
          <type>java.lang.String</type>
          <required>false</required>
          <editable>true</editable>
          <description>an url where to deploy the netbeans artifacts.. optional, if not specified, the artifacts will be only installed in local repository</description>
        </parameter>
        <parameter>
          <name>forcedVersion</name>
          <type>java.lang.String</type>
          <required>false</required>
          <editable>true</editable>
          <description>Optional parameter, when specified, will force all modules to have the designated version. Good when depending on releases. Then you would for example specify RELEASE50 in this parameter and all modules get this version in the repository.</description>
        </parameter>
        <parameter>
          <name>localRepository</name>
          <type>org.apache.maven.artifact.repository.ArtifactRepository</type>
          <required>true</required>
          <editable>false</editable>
          <description>Local maven repository.</description>
        </parameter>
        <parameter>
          <name>netbeansInstallDirectory</name>
          <type>java.lang.String</type>
          <required>false</required>
          <editable>true</editable>
          <description>Location of netbeans installation</description>
        </parameter>
        <parameter>
          <name>netbeansJavadocDirectory</name>
          <type>java.lang.String</type>
          <required>false</required>
          <editable>true</editable>
          <description>If you want to install/deploy also netbeans api javadocs, download the javadoc zip file from netbeans.org expand it to a directory, it should contain multiple zip files. Define this parameter as absolute path to the zip files folder.</description>
        </parameter>
      </parameters>
      <configuration>
        <netbeansInstallDirectory implementation="java.lang.String">${netbeansInstallDirectory}</netbeansInstallDirectory>
        <localRepository implementation="org.apache.maven.artifact.repository.ArtifactRepository">${localRepository}</localRepository>
        <netbeansJavadocDirectory implementation="java.lang.String">${netbeansJavadocDirectory}</netbeansJavadocDirectory>
        <forcedVersion implementation="java.lang.String">${forcedVersion}</forcedVersion>
        <deployUrl implementation="java.lang.String">${deployUrl}</deployUrl>
      </configuration>
      <requirements>
        <requirement>
          <role>org.apache.maven.artifact.repository.ArtifactRepositoryFactory</role>
          <field-name>repositoryFactory</field-name>
        </requirement>
        <requirement>
          <role>org.apache.maven.artifact.factory.ArtifactFactory</role>
          <field-name>artifactFactory</field-name>
        </requirement>
        <requirement>
          <role>org.apache.maven.artifact.installer.ArtifactInstaller</role>
          <field-name>artifactInstaller</field-name>
        </requirement>
        <requirement>
          <role>org.apache.maven.artifact.deployer.ArtifactDeployer</role>
          <field-name>artifactDeployer</field-name>
        </requirement>
      </requirements>
    </mojo>
  </mojos>
  <dependencies/>
</plugin>