<plugin>
  <description>Maven plugin for creating Netbeans Modules.
        It defines custom lifecycle called &quot;nbm&quot;. During packaging, the module&apos;s jar artifact will be enhanced with Netbeans specific manifest entries and along with other required files packed into a nbm file, ready for distribution.
        Additionally the plugin provides agregator goals to create autoupdate centers or module cluster for your module projects.</description>
  <groupId>org.codehaus.mojo</groupId>
  <artifactId>nbm-maven-plugin</artifactId>
  <version>2.6</version>
  <goalPrefix>nbm</goalPrefix>
  <isolatedRealm>false</isolatedRealm>
  <inheritedByDefault>true</inheritedByDefault>
  <mojos>
    <mojo>
      <goal>nbm</goal>
      <description>Create the Netbeans module artifact (nbm file), part of &quot;nbm&quot; lifecycle/packaging.
&lt;p/&gt;</description>
      <requiresDependencyResolution>runtime</requiresDependencyResolution>
      <requiresDirectInvocation>false</requiresDirectInvocation>
      <requiresProject>true</requiresProject>
      <requiresReports>false</requiresReports>
      <aggregator>false</aggregator>
      <requiresOnline>false</requiresOnline>
      <inheritedByDefault>true</inheritedByDefault>
      <phase>package</phase>
      <implementation>org.codehaus.mojo.nbm.CreateNbmMojo</implementation>
      <language>java</language>
      <instantiationStrategy>per-lookup</instantiationStrategy>
      <executionStrategy>once-per-session</executionStrategy>
      <parameters>
        <parameter>
          <name>buildDir</name>
          <type>java.lang.String</type>
          <required>true</required>
          <editable>false</editable>
          <description></description>
        </parameter>
        <parameter>
          <name>descriptor</name>
          <type>java.io.File</type>
          <required>false</required>
          <editable>true</editable>
          <description>a netbeans module descriptor containing dependency information and more</description>
        </parameter>
        <parameter>
          <name>distributionUrl</name>
          <type>java.lang.String</type>
          <required>false</required>
          <editable>true</editable>
          <description>custom distribution URL, overriding the value in the nbm descriptor</description>
        </parameter>
        <parameter>
          <name>finalName</name>
          <alias>jarName</alias>
          <type>java.lang.String</type>
          <required>true</required>
          <editable>true</editable>
          <description>Name of the jar packaged by the jar:jar plugin</description>
        </parameter>
        <parameter>
          <name>keystore</name>
          <type>java.lang.String</type>
          <required>false</required>
          <editable>true</editable>
          <description>keystore location for signing the nbm file</description>
        </parameter>
        <parameter>
          <name>keystorealias</name>
          <type>java.lang.String</type>
          <required>false</required>
          <editable>true</editable>
          <description>keystore alias</description>
        </parameter>
        <parameter>
          <name>keystorepassword</name>
          <type>java.lang.String</type>
          <required>false</required>
          <editable>true</editable>
          <description>keystore password</description>
        </parameter>
        <parameter>
          <name>nbmBuildDir</name>
          <type>java.lang.String</type>
          <required>true</required>
          <editable>true</editable>
          <description>Netbeans module assembly build directory.
directory where the the netbeans jar and nbm file get constructed.</description>
        </parameter>
        <parameter>
          <name>project</name>
          <type>org.apache.maven.project.MavenProject</type>
          <required>true</required>
          <editable>false</editable>
          <description></description>
        </parameter>
      </parameters>
      <configuration>
        <keystorepassword implementation="java.lang.String">${keystorepass}</keystorepassword>
        <distributionUrl implementation="java.lang.String">${maven.nbm.distributionURL}</distributionUrl>
        <nbmBuildDir implementation="java.lang.String" default-value="${project.build.directory}/nbm">${maven.nbm.buildDir}</nbmBuildDir>
        <descriptor implementation="java.io.File" default-value="${basedir}/src/main/nbm/module.xml"/>
        <keystorealias implementation="java.lang.String">${keystorealias}</keystorealias>
        <keystore implementation="java.lang.String">${keystore}</keystore>
        <project implementation="org.apache.maven.project.MavenProject">${project}</project>
        <buildDir implementation="java.lang.String">${project.build.directory}</buildDir>
        <finalName implementation="java.lang.String">${project.build.finalName}</finalName>
      </configuration>
    </mojo>
    <mojo>
      <goal>jar</goal>
      <description>Goal for updating the artifact jar with netbeans specific entries, part of &quot;nbm&quot; lifecycle/packaging.</description>
      <requiresDependencyResolution>runtime</requiresDependencyResolution>
      <requiresDirectInvocation>false</requiresDirectInvocation>
      <requiresProject>true</requiresProject>
      <requiresReports>false</requiresReports>
      <aggregator>false</aggregator>
      <requiresOnline>false</requiresOnline>
      <inheritedByDefault>true</inheritedByDefault>
      <phase>package</phase>
      <implementation>org.codehaus.mojo.nbm.NetbeansJarUpdateMojo</implementation>
      <language>java</language>
      <instantiationStrategy>per-lookup</instantiationStrategy>
      <executionStrategy>once-per-session</executionStrategy>
      <parameters>
        <parameter>
          <name>buildDir</name>
          <type>java.lang.String</type>
          <required>true</required>
          <editable>false</editable>
          <description></description>
        </parameter>
        <parameter>
          <name>descriptor</name>
          <type>java.io.File</type>
          <required>false</required>
          <editable>true</editable>
          <description>a netbeans module descriptor containing dependency information and more</description>
        </parameter>
        <parameter>
          <name>finalName</name>
          <type>java.lang.String</type>
          <required>true</required>
          <editable>true</editable>
          <description>Name of the final jar produced by the default jar:jar goal.</description>
        </parameter>
        <parameter>
          <name>nbmBuildDir</name>
          <type>java.lang.String</type>
          <required>true</required>
          <editable>true</editable>
          <description>Netbeans module assembly build directory.
directory where the the netbeans jar and nbm file get constructed.</description>
        </parameter>
        <parameter>
          <name>project</name>
          <type>org.apache.maven.project.MavenProject</type>
          <required>true</required>
          <editable>false</editable>
          <description>maven project</description>
        </parameter>
      </parameters>
      <configuration>
        <nbmBuildDir implementation="java.lang.String" default-value="${project.build.directory}/nbm">${maven.nbm.buildDir}</nbmBuildDir>
        <descriptor implementation="java.io.File" default-value="${basedir}/src/main/nbm/module.xml"/>
        <project implementation="org.apache.maven.project.MavenProject">${project}</project>
        <buildDir implementation="java.lang.String">${project.build.directory}</buildDir>
        <finalName implementation="java.lang.String">${project.build.finalName}</finalName>
      </configuration>
    </mojo>
    <mojo>
      <goal>cluster</goal>
      <description>Create the Netbeans module clusters from reactor</description>
      <requiresDependencyResolution>runtime</requiresDependencyResolution>
      <requiresDirectInvocation>false</requiresDirectInvocation>
      <requiresProject>true</requiresProject>
      <requiresReports>false</requiresReports>
      <aggregator>true</aggregator>
      <requiresOnline>false</requiresOnline>
      <inheritedByDefault>true</inheritedByDefault>
      <implementation>org.codehaus.mojo.nbm.CreateClusterMojo</implementation>
      <language>java</language>
      <instantiationStrategy>per-lookup</instantiationStrategy>
      <executionStrategy>once-per-session</executionStrategy>
      <parameters>
        <parameter>
          <name>nbmBuildDir</name>
          <type>java.lang.String</type>
          <required>true</required>
          <editable>true</editable>
          <description>directory where the the netbeans cluster will be created.</description>
        </parameter>
        <parameter>
          <name>project</name>
          <type>org.apache.maven.project.MavenProject</type>
          <required>true</required>
          <editable>false</editable>
          <description>The Maven Project.</description>
        </parameter>
        <parameter>
          <name>reactorProjects</name>
          <type>java.util.List</type>
          <required>true</required>
          <editable>false</editable>
          <description>If the executed project is a reactor project, this will contains the full list of projects in the reactor.</description>
        </parameter>
      </parameters>
      <configuration>
        <nbmBuildDir implementation="java.lang.String" default-value="${project.build.directory}/netbeans_clusters"/>
        <project implementation="org.apache.maven.project.MavenProject">${project}</project>
        <reactorProjects implementation="java.util.List">${reactorProjects}</reactorProjects>
      </configuration>
    </mojo>
    <mojo>
      <goal>autoupdate</goal>
      <description>Create the Netbeans autupdate site</description>
      <requiresDependencyResolution>runtime</requiresDependencyResolution>
      <requiresDirectInvocation>false</requiresDirectInvocation>
      <requiresProject>true</requiresProject>
      <requiresReports>false</requiresReports>
      <aggregator>true</aggregator>
      <requiresOnline>false</requiresOnline>
      <inheritedByDefault>true</inheritedByDefault>
      <implementation>org.codehaus.mojo.nbm.CreateUpdateSiteMojo</implementation>
      <language>java</language>
      <instantiationStrategy>per-lookup</instantiationStrategy>
      <executionStrategy>once-per-session</executionStrategy>
      <parameters>
        <parameter>
          <name>distBase</name>
          <type>java.lang.String</type>
          <required>false</required>
          <editable>true</editable>
          <description>A custom distribution base for the nbms in the update site.
The actual download URL for the module&apos;s nbm is composed of
${distBase}/${name of module}.nbm</description>
        </parameter>
        <parameter>
          <name>fileName</name>
          <type>java.lang.String</type>
          <required>true</required>
          <editable>true</editable>
          <description>autoupdate site xml file name.</description>
        </parameter>
        <parameter>
          <name>nbmBuildDir</name>
          <type>java.lang.String</type>
          <required>true</required>
          <editable>true</editable>
          <description>directory where the the netbeans autoupdate site will be created.</description>
        </parameter>
        <parameter>
          <name>project</name>
          <type>org.apache.maven.project.MavenProject</type>
          <required>true</required>
          <editable>false</editable>
          <description>The Maven Project.</description>
        </parameter>
        <parameter>
          <name>reactorProjects</name>
          <type>java.util.List</type>
          <required>true</required>
          <editable>false</editable>
          <description>If the executed project is a reactor project, this will contains the full list of projects in the reactor.</description>
        </parameter>
      </parameters>
      <configuration>
        <nbmBuildDir implementation="java.lang.String">${project.build.directory}/netbeans_site</nbmBuildDir>
        <fileName implementation="java.lang.String" default-value="Autoupdate_Site.xml">${maven.nbm.updatesitexml}</fileName>
        <project implementation="org.apache.maven.project.MavenProject">${project}</project>
        <reactorProjects implementation="java.util.List">${reactorProjects}</reactorProjects>
        <distBase implementation="java.lang.String">${maven.nbm.customDistBase}</distBase>
      </configuration>
    </mojo>
    <mojo>
      <goal>populate-repository</goal>
      <description>a goal for identifying netbeans modules from the installation and populationg the local
repository with them. Optionally you can also deploy to a remote repository.
&lt;p/&gt;
If you are looking for an existing remote repository for netbeans artifacts, check out
http://208.44.201.216:18080/maven/ it contains API artifacts for 4.1, 5.0 and 5.5 releases.
6.0 Milestone 4 and 6 also included.</description>
      <requiresDirectInvocation>false</requiresDirectInvocation>
      <requiresProject>false</requiresProject>
      <requiresReports>false</requiresReports>
      <aggregator>true</aggregator>
      <requiresOnline>false</requiresOnline>
      <inheritedByDefault>true</inheritedByDefault>
      <implementation>org.codehaus.mojo.nbm.PopulateRepositoryMojo</implementation>
      <language>java</language>
      <instantiationStrategy>per-lookup</instantiationStrategy>
      <executionStrategy>once-per-session</executionStrategy>
      <parameters>
        <parameter>
          <name>deployUrl</name>
          <type>java.lang.String</type>
          <required>false</required>
          <editable>true</editable>
          <description>an url where to deploy the netbeans artifacts.. optional, if not specified, the artifacts will be only installed
in local repository, if you need to give credentials to access remote repo, the id of the server is hardwired to &quot;netbeans&quot;.</description>
        </parameter>
        <parameter>
          <name>forcedVersion</name>
          <type>java.lang.String</type>
          <required>false</required>
          <editable>true</editable>
          <description>Optional parameter, when specified, will force all modules to have the designated version.
Good when depending on releases. Then you would for example specify RELEASE50 in this parameter and
all modules get this version in the repository.</description>
        </parameter>
        <parameter>
          <name>localRepository</name>
          <type>org.apache.maven.artifact.repository.ArtifactRepository</type>
          <required>true</required>
          <editable>false</editable>
          <description>Local maven repository.</description>
        </parameter>
        <parameter>
          <name>netbeansInstallDirectory</name>
          <type>java.lang.String</type>
          <required>false</required>
          <editable>true</editable>
          <description>Location of netbeans installation</description>
        </parameter>
        <parameter>
          <name>netbeansJavadocDirectory</name>
          <type>java.lang.String</type>
          <required>false</required>
          <editable>true</editable>
          <description>If you want to install/deploy also netbeans api javadocs, download the javadoc zip file from netbeans.org
expand it to a directory, it should contain multiple zip files. Define this parameter as absolute path to the zip files folder.</description>
        </parameter>
        <parameter>
          <name>netbeansSourcesDirectory</name>
          <type>java.lang.String</type>
          <required>false</required>
          <editable>true</editable>
          <description>Assumes a folder with &amp;lt;code-name-base&amp;gt;.zip files containing sources for modules.</description>
        </parameter>
      </parameters>
      <configuration>
        <netbeansInstallDirectory implementation="java.lang.String">${netbeansInstallDirectory}</netbeansInstallDirectory>
        <netbeansSourcesDirectory implementation="java.lang.String">${netbeansSourcesDirectory}</netbeansSourcesDirectory>
        <localRepository implementation="org.apache.maven.artifact.repository.ArtifactRepository">${localRepository}</localRepository>
        <netbeansJavadocDirectory implementation="java.lang.String">${netbeansJavadocDirectory}</netbeansJavadocDirectory>
        <forcedVersion implementation="java.lang.String">${forcedVersion}</forcedVersion>
        <deployUrl implementation="java.lang.String">${deployUrl}</deployUrl>
      </configuration>
      <requirements>
        <requirement>
          <role>org.apache.maven.artifact.repository.ArtifactRepositoryFactory</role>
          <field-name>repositoryFactory</field-name>
        </requirement>
        <requirement>
          <role>org.apache.maven.artifact.factory.ArtifactFactory</role>
          <field-name>artifactFactory</field-name>
        </requirement>
        <requirement>
          <role>org.apache.maven.artifact.installer.ArtifactInstaller</role>
          <field-name>artifactInstaller</field-name>
        </requirement>
        <requirement>
          <role>org.apache.maven.artifact.deployer.ArtifactDeployer</role>
          <field-name>artifactDeployer</field-name>
        </requirement>
      </requirements>
    </mojo>
    <mojo>
      <goal>run-ide</goal>
      <description>Run NetBeans IDE with additional custom module clusters,
to be used in conjunction with nbm:cluster.</description>
      <requiresDependencyResolution>runtime</requiresDependencyResolution>
      <requiresDirectInvocation>false</requiresDirectInvocation>
      <requiresProject>true</requiresProject>
      <requiresReports>false</requiresReports>
      <aggregator>true</aggregator>
      <requiresOnline>false</requiresOnline>
      <inheritedByDefault>true</inheritedByDefault>
      <implementation>org.codehaus.mojo.nbm.RunNetBeansMojo</implementation>
      <language>java</language>
      <instantiationStrategy>per-lookup</instantiationStrategy>
      <executionStrategy>once-per-session</executionStrategy>
      <parameters>
        <parameter>
          <name>additionalArguments</name>
          <type>java.lang.String</type>
          <required>false</required>
          <editable>true</editable>
          <description>additional command line arguments. Eg.
-J-Xdebug -J-Xnoagent -J-Xrunjdwp:transport=dt_socket,suspend=n,server=n,address=8888
can be used to debug the IDE.</description>
        </parameter>
        <parameter>
          <name>clusterBuildDir</name>
          <type>java.lang.String</type>
          <required>true</required>
          <editable>true</editable>
          <description>directory where the module(s)&apos; netbeans cluster(s) are located.
is related to nbm:cluster goal.</description>
        </parameter>
        <parameter>
          <name>netbeansInstallation</name>
          <type>java.lang.String</type>
          <required>true</required>
          <editable>true</editable>
          <description>directory where the the netbeans platform/IDE installation is,
denotes the root directory of netbeans installation.</description>
        </parameter>
        <parameter>
          <name>netbeansUserdir</name>
          <type>java.lang.String</type>
          <required>true</required>
          <editable>true</editable>
          <description>netbeans user directory for the executed instance.</description>
        </parameter>
        <parameter>
          <name>project</name>
          <type>org.apache.maven.project.MavenProject</type>
          <required>true</required>
          <editable>false</editable>
          <description>The Maven Project.</description>
        </parameter>
      </parameters>
      <configuration>
        <netbeansInstallation implementation="java.lang.String">${netbeans.installation}</netbeansInstallation>
        <additionalArguments implementation="java.lang.String">${netbeans.run.params}</additionalArguments>
        <clusterBuildDir implementation="java.lang.String" default-value="${project.build.directory}/netbeans_clusters"/>
        <project implementation="org.apache.maven.project.MavenProject">${project}</project>
        <netbeansUserdir implementation="java.lang.String" default-value="${project.build.directory}/userdir">${netbeans.userdir}</netbeansUserdir>
      </configuration>
    </mojo>
    <mojo>
      <goal>branding</goal>
      <description>Package branding resources for NetBeans platform/IDE based application.
The format of branding resources is the same as in
NetBeans Ant-based projects.

The &lt;code&gt;src/main/nbm-branding&lt;/code&gt; folder of the project is assumed to
contain the branding content. Within the directory, the following folder structure is assumed:
&lt;ul&gt;
&lt;li&gt;
1. pick the IDE/platform module which contents you want to brand. eg. org-openide-windows.jar
&lt;/li&gt;&lt;li&gt;
2. locate the jar within the IDE/platform installation and it&apos;s cluster, eg. modules/org-openide-windows.jar
&lt;/li&gt;&lt;li&gt;
3. create the same folder structure in src/main/nbm-branding, make folder with the module&apos;s jar name as well.
eg. create folder by name modules/org-openide-windows.jar
&lt;/li&gt;&lt;li&gt;
4. within that folder place your branding modifications at the same location, as if they were withn the jar,
eg. org/openide/windows/ui/Bundle.properties and place the changed bundle keys there.
&lt;/li&gt;&lt;/ul&gt;</description>
      <requiresDirectInvocation>false</requiresDirectInvocation>
      <requiresProject>true</requiresProject>
      <requiresReports>false</requiresReports>
      <aggregator>false</aggregator>
      <requiresOnline>false</requiresOnline>
      <inheritedByDefault>true</inheritedByDefault>
      <phase>package</phase>
      <implementation>org.codehaus.mojo.nbm.BrandingMojo</implementation>
      <language>java</language>
      <instantiationStrategy>per-lookup</instantiationStrategy>
      <executionStrategy>once-per-session</executionStrategy>
      <parameters>
        <parameter>
          <name>brandingSources</name>
          <type>java.lang.String</type>
          <required>true</required>
          <editable>true</editable>
          <description>Location of the branded resources.</description>
        </parameter>
        <parameter>
          <name>brandingToken</name>
          <type>java.lang.String</type>
          <required>true</required>
          <editable>true</editable>
          <description>The branding token used by the application.</description>
        </parameter>
        <parameter>
          <name>cluster</name>
          <type>java.lang.String</type>
          <required>true</required>
          <editable>true</editable>
          <description>cluster of the branding.</description>
        </parameter>
        <parameter>
          <name>nbmBuildDir</name>
          <type>java.lang.String</type>
          <required>true</required>
          <editable>true</editable>
          <description>directory where the the binary content is created.</description>
        </parameter>
        <parameter>
          <name>project</name>
          <type>org.apache.maven.project.MavenProject</type>
          <required>true</required>
          <editable>false</editable>
          <description></description>
        </parameter>
      </parameters>
      <configuration>
        <nbmBuildDir implementation="java.lang.String">${project.build.directory}/nbm</nbmBuildDir>
        <brandingSources implementation="java.lang.String">${basedir}/src/main/nbm-branding</brandingSources>
        <project implementation="org.apache.maven.project.MavenProject">${project}</project>
        <brandingToken implementation="java.lang.String">${netbeans.branding.token}</brandingToken>
        <cluster implementation="java.lang.String" default-value="maven1"/>
      </configuration>
    </mojo>
    <mojo>
      <goal>run-platform</goal>
      <description>Run a branded application on top of NetBeans Platform with additional custom module clusters,
to be used in conjunction with nbm:cluster.</description>
      <requiresDependencyResolution>runtime</requiresDependencyResolution>
      <requiresDirectInvocation>false</requiresDirectInvocation>
      <requiresProject>true</requiresProject>
      <requiresReports>false</requiresReports>
      <aggregator>true</aggregator>
      <requiresOnline>false</requiresOnline>
      <inheritedByDefault>true</inheritedByDefault>
      <implementation>org.codehaus.mojo.nbm.RunPlatformAppMojo</implementation>
      <language>java</language>
      <instantiationStrategy>per-lookup</instantiationStrategy>
      <executionStrategy>once-per-session</executionStrategy>
      <parameters>
        <parameter>
          <name>additionalArguments</name>
          <type>java.lang.String</type>
          <required>false</required>
          <editable>true</editable>
          <description>additional command line arguments. Eg.
-J-Xdebug -J-Xnoagent -J-Xrunjdwp:transport=dt_socket,suspend=n,server=n,address=8888
can be used to debug the IDE.</description>
        </parameter>
        <parameter>
          <name>brandingToken</name>
          <type>java.lang.String</type>
          <required>true</required>
          <editable>true</editable>
          <description>The branding token for the application based on NetBeans platform.</description>
        </parameter>
        <parameter>
          <name>clusterBuildDir</name>
          <type>java.lang.String</type>
          <required>true</required>
          <editable>true</editable>
          <description>directory where the module(s)&apos; netbeans cluster(s) are located.
is related to nbm:cluster goal.</description>
        </parameter>
        <parameter>
          <name>enabledClusters</name>
          <type>java.util.List</type>
          <required>true</required>
          <editable>true</editable>
          <description>List of enabled clusters. At least platform cluster needs to be
included.</description>
        </parameter>
        <parameter>
          <name>netbeansInstallation</name>
          <type>java.lang.String</type>
          <required>true</required>
          <editable>true</editable>
          <description>directory where the the NetBeans platform/IDE installation is,
denotes the root directory of netbeans installation.</description>
        </parameter>
        <parameter>
          <name>netbeansUserdir</name>
          <type>java.lang.String</type>
          <required>true</required>
          <editable>true</editable>
          <description>netbeans user directory for the executed instance.</description>
        </parameter>
        <parameter>
          <name>project</name>
          <type>org.apache.maven.project.MavenProject</type>
          <required>true</required>
          <editable>false</editable>
          <description>The Maven Project.</description>
        </parameter>
      </parameters>
      <configuration>
        <netbeansInstallation implementation="java.lang.String">${netbeans.installation}</netbeansInstallation>
        <additionalArguments implementation="java.lang.String">${netbeans.run.params}</additionalArguments>
        <clusterBuildDir implementation="java.lang.String" default-value="${project.build.directory}/netbeans_clusters"/>
        <project implementation="org.apache.maven.project.MavenProject">${project}</project>
        <brandingToken implementation="java.lang.String">${netbeans.branding.token}</brandingToken>
        <netbeansUserdir implementation="java.lang.String" default-value="${project.build.directory}/userdir">${netbeans.userdir}</netbeansUserdir>
      </configuration>
    </mojo>
  </mojos>
  <dependencies>
    <dependency>
      <groupId>org.codehaus.plexus</groupId>
      <artifactId>plexus-utils</artifactId>
      <type>jar</type>
      <version>1.0.4</version>
    </dependency>
    <dependency>
      <groupId>plexus</groupId>
      <artifactId>plexus-utils</artifactId>
      <type>jar</type>
      <version>1.0.3</version>
    </dependency>
    <dependency>
      <groupId>org.codehaus.plexus</groupId>
      <artifactId>plexus-container-default</artifactId>
      <type>jar</type>
      <version>1.0-alpha-8</version>
    </dependency>
    <dependency>
      <groupId>org.apache.maven</groupId>
      <artifactId>maven-model</artifactId>
      <type>jar</type>
      <version>2.0</version>
    </dependency>
    <dependency>
      <groupId>org.apache.maven</groupId>
      <artifactId>maven-profile</artifactId>
      <type>jar</type>
      <version>2.0</version>
    </dependency>
    <dependency>
      <groupId>ant</groupId>
      <artifactId>ant</artifactId>
      <type>jar</type>
      <version>1.6.5</version>
    </dependency>
    <dependency>
      <groupId>classworlds</groupId>
      <artifactId>classworlds</artifactId>
      <type>jar</type>
      <version>1.1-alpha-2</version>
    </dependency>
    <dependency>
      <groupId>org.apache.maven</groupId>
      <artifactId>maven-repository-metadata</artifactId>
      <type>jar</type>
      <version>2.0</version>
    </dependency>
    <dependency>
      <groupId>org.apache.maven</groupId>
      <artifactId>maven-artifact-manager</artifactId>
      <type>jar</type>
      <version>2.0</version>
    </dependency>
    <dependency>
      <groupId>org.apache.maven.wagon</groupId>
      <artifactId>wagon-provider-api</artifactId>
      <type>jar</type>
      <version>1.0-alpha-5</version>
    </dependency>
    <dependency>
      <groupId>org.apache.maven</groupId>
      <artifactId>maven-project</artifactId>
      <type>jar</type>
      <version>2.0</version>
    </dependency>
    <dependency>
      <groupId>org.apache.maven</groupId>
      <artifactId>maven-artifact</artifactId>
      <type>jar</type>
      <version>2.0</version>
    </dependency>
    <dependency>
      <groupId>org.apache.maven</groupId>
      <artifactId>maven-plugin-api</artifactId>
      <type>jar</type>
      <version>2.0</version>
    </dependency>
    <dependency>
      <groupId>org.netbeans.nbbuild</groupId>
      <artifactId>tasks</artifactId>
      <type>jar</type>
      <version>5.5</version>
    </dependency>
  </dependencies>
</plugin>