<plugin>
  <description></description>
  <groupId>org.codehaus.mojo</groupId>
  <artifactId>platform-detector-maven-plugin</artifactId>
  <version>1.0-alpha-2</version>
  <goalPrefix>platform-detector</goalPrefix>
  <isolatedRealm>false</isolatedRealm>
  <inheritedByDefault>true</inheritedByDefault>
  <mojos>
    <mojo>
      <goal>detect</goal>
      <description>Detect OS and architecture (and possibly others), then map these to name tokens which can be used to construct RPM names, artifact classifiers, etc.</description>
      <requiresDirectInvocation>false</requiresDirectInvocation>
      <requiresProject>false</requiresProject>
      <requiresReports>false</requiresReports>
      <aggregator>false</aggregator>
      <requiresOnline>false</requiresOnline>
      <inheritedByDefault>true</inheritedByDefault>
      <phase>initialize</phase>
      <implementation>org.codehaus.mojo.platform.properties.PlatformPropertyDetectorMojo</implementation>
      <language>java</language>
      <instantiationStrategy>per-lookup</instantiationStrategy>
      <executionStrategy>once-per-session</executionStrategy>
      <parameters>
        <parameter>
          <name>archProperty</name>
          <type>java.lang.String</type>
          <required>false</required>
          <editable>true</editable>
          <description></description>
        </parameter>
        <parameter>
          <name>osProperty</name>
          <type>java.lang.String</type>
          <required>false</required>
          <editable>true</editable>
          <description></description>
        </parameter>
        <parameter>
          <name>platformPatterns</name>
          <type>org.codehaus.mojo.tools.platform.detective.PlatformPropertyPatterns</type>
          <required>false</required>
          <editable>true</editable>
          <description></description>
        </parameter>
        <parameter>
          <name>project</name>
          <type>org.apache.maven.project.MavenProject</type>
          <required>true</required>
          <editable>false</editable>
          <description></description>
        </parameter>
        <parameter>
          <name>propertiesOnly</name>
          <type>boolean</type>
          <required>false</required>
          <editable>true</editable>
          <description></description>
        </parameter>
      </parameters>
      <configuration>
        <project implementation="org.apache.maven.project.MavenProject" default-value="${project}"/>
        <propertiesOnly implementation="boolean" default-value="true"/>
      </configuration>
      <requirements>
        <requirement>
          <role>org.codehaus.mojo.tools.platform.detective.PlatformDetective</role>
          <field-name>detective</field-name>
        </requirement>
      </requirements>
    </mojo>
  </mojos>
  <dependencies/>
</plugin>