<plugin>
  <description>Plugin used to manage source archives for a project, 
    including resolving, creating, unpacking, and 
    pushing to the repository.</description>
  <groupId>org.codehaus.mojo</groupId>
  <artifactId>project-sources-maven-plugin</artifactId>
  <version>1.0-alpha-3</version>
  <goalPrefix>project-sources</goalPrefix>
  <isolatedRealm>false</isolatedRealm>
  <inheritedByDefault>true</inheritedByDefault>
  <mojos>
    <mojo>
      <goal>resolve-project-sources</goal>
      <description></description>
      <requiresDirectInvocation>false</requiresDirectInvocation>
      <requiresProject>true</requiresProject>
      <requiresReports>false</requiresReports>
      <aggregator>false</aggregator>
      <requiresOnline>false</requiresOnline>
      <inheritedByDefault>true</inheritedByDefault>
      <phase>initialize</phase>
      <implementation>org.codehaus.mojo.project.archive.ResolveProjectSourcesMojo</implementation>
      <language>java</language>
      <instantiationStrategy>per-lookup</instantiationStrategy>
      <executionStrategy>once-per-session</executionStrategy>
      <parameters>
        <parameter>
          <name>localRepository</name>
          <type>org.apache.maven.artifact.repository.ArtifactRepository</type>
          <required>true</required>
          <editable>false</editable>
          <description></description>
        </parameter>
        <parameter>
          <name>project</name>
          <type>org.apache.maven.project.MavenProject</type>
          <required>true</required>
          <editable>false</editable>
          <description>MavenProject instance used to resolve Ant property expressions.</description>
        </parameter>
        <parameter>
          <name>projectArtifact</name>
          <type>org.apache.maven.artifact.Artifact</type>
          <required>true</required>
          <editable>false</editable>
          <description></description>
        </parameter>
        <parameter>
          <name>projectDirIsSourceLocation</name>
          <type>boolean</type>
          <required>false</required>
          <editable>true</editable>
          <description>Flag denoting whether the current project build directory can be used as a valid sourceLocation. Projects will
either have a source archive from elsewhwere (third-party build), or it will have an initial sourceLocation of
the current project directory (internal projects).</description>
        </parameter>
        <parameter>
          <name>remoteRepositories</name>
          <type>java.util.List</type>
          <required>true</required>
          <editable>false</editable>
          <description></description>
        </parameter>
        <parameter>
          <name>session</name>
          <type>org.apache.maven.execution.MavenSession</type>
          <required>true</required>
          <editable>false</editable>
          <description></description>
        </parameter>
        <parameter>
          <name>skipResolution</name>
          <type>boolean</type>
          <required>false</required>
          <editable>true</editable>
          <description>If this flag is set, the mojo will not attempt project-source-artifact resolution, but will instead simply verify
and then set the project-source location (in the ProjectSourceContext).</description>
        </parameter>
        <parameter>
          <name>sourceArtifactClassifier</name>
          <type>java.lang.String</type>
          <required>true</required>
          <editable>true</editable>
          <description></description>
        </parameter>
        <parameter>
          <name>sourceArtifactType</name>
          <type>java.lang.String</type>
          <required>true</required>
          <editable>true</editable>
          <description></description>
        </parameter>
        <parameter>
          <name>sourceLocation</name>
          <type>java.io.File</type>
          <required>false</required>
          <editable>true</editable>
          <description>This is the location of the project source code (in archive form, for third-party projects... or, in directory
form, for internal projects) on the local filesystem, for new builds that don&apos;t have project-sources stored in
the repository already.</description>
        </parameter>
        <parameter>
          <name>sourceUnpackDirectory</name>
          <type>java.io.File</type>
          <required>true</required>
          <editable>true</editable>
          <description></description>
        </parameter>
        <parameter>
          <name>sourceUnpackSubpath</name>
          <type>java.lang.String</type>
          <required>false</required>
          <editable>true</editable>
          <description>This is the subpath within the unpacked patch-archive, where patches should reside.</description>
        </parameter>
      </parameters>
      <configuration>
        <projectArtifact implementation="org.apache.maven.artifact.Artifact" default-value="${project.artifact}"/>
        <sourceUnpackDirectory implementation="java.io.File" default-value="${project.build.directory}/${project.artifactId}-${project.version}"/>
        <remoteRepositories implementation="java.util.List" default-value="${project.remoteArtifactRepositories}"/>
        <projectDirIsSourceLocation implementation="boolean" default-value="false"/>
        <localRepository implementation="org.apache.maven.artifact.repository.ArtifactRepository" default-value="${localRepository}"/>
        <sourceArtifactType implementation="java.lang.String" default-value="zip"/>
        <session implementation="org.apache.maven.execution.MavenSession" default-value="${session}"/>
        <project implementation="org.apache.maven.project.MavenProject">${project}</project>
        <sourceLocation implementation="java.io.File" default-value="${basedir}">${sourceLocation}</sourceLocation>
        <sourceArtifactClassifier implementation="java.lang.String" default-value="project-sources"/>
        <skipResolution implementation="boolean" default-value="false">${skipResolution}</skipResolution>
      </configuration>
      <requirements>
        <requirement>
          <role>org.apache.maven.artifact.resolver.ArtifactResolver</role>
          <field-name>artifactResolver</field-name>
        </requirement>
        <requirement>
          <role>org.codehaus.plexus.archiver.manager.ArchiverManager</role>
          <field-name>archiverManager</field-name>
        </requirement>
      </requirements>
    </mojo>
    <mojo>
      <goal>package-project-sources</goal>
      <description>Package up the current project&apos;s sources into an archive, skipping the patch directory and the current build output
directory (usually /target). Then, create an artifact using the base version of the current project (without any
release number), and assign the newly created project-sources archive to the artifact&apos;s file attribute. If the
project sources originated from a tarball or other archive, simply set the artifact&apos;s file to the original archive
location.</description>
      <requiresDirectInvocation>false</requiresDirectInvocation>
      <requiresProject>true</requiresProject>
      <requiresReports>false</requiresReports>
      <aggregator>false</aggregator>
      <requiresOnline>false</requiresOnline>
      <inheritedByDefault>true</inheritedByDefault>
      <phase>package</phase>
      <implementation>org.codehaus.mojo.project.archive.PackageProjectSourcesMojo</implementation>
      <language>java</language>
      <instantiationStrategy>per-lookup</instantiationStrategy>
      <executionStrategy>once-per-session</executionStrategy>
      <parameters>
        <parameter>
          <name>archiveFilePrefix</name>
          <type>java.lang.String</type>
          <required>true</required>
          <editable>false</editable>
          <description>This is the normal final name of the project, usually ${artifactId}-${version}.ext</description>
        </parameter>
        <parameter>
          <name>excludes</name>
          <type>java.util.List</type>
          <required>false</required>
          <editable>true</editable>
          <description>List of exclusion patterns (using Ant-style path expressions) to limit the contents of the project-sources
archive.</description>
        </parameter>
        <parameter>
          <name>includePatchDirectory</name>
          <type>boolean</type>
          <required>false</required>
          <editable>true</editable>
          <description>Whether the patch directory in the project&apos;s working directory should be included in the project-sources
artifact. Patches are normally handled separately, to enable successive releases based on the same source
archive, but with different patch sets. Unless you know what you&apos;re doing, this should probably be false (the
default value).</description>
        </parameter>
        <parameter>
          <name>includes</name>
          <type>java.util.List</type>
          <required>false</required>
          <editable>true</editable>
          <description>List of inclusion patterns (using Ant-style path expressions) to refine the contents of the project-sources
archive.</description>
        </parameter>
        <parameter>
          <name>localRepository</name>
          <type>org.apache.maven.artifact.repository.ArtifactRepository</type>
          <required>true</required>
          <editable>false</editable>
          <description></description>
        </parameter>
        <parameter>
          <name>outputDirectory</name>
          <type>java.io.File</type>
          <required>true</required>
          <editable>false</editable>
          <description>This is the target directory in which the project-sources archive should be created.</description>
        </parameter>
        <parameter>
          <name>project</name>
          <type>org.apache.maven.project.MavenProject</type>
          <required>true</required>
          <editable>false</editable>
          <description>MavenProject instance used to resolve Ant property expressions.</description>
        </parameter>
        <parameter>
          <name>projectArtifact</name>
          <type>org.apache.maven.artifact.Artifact</type>
          <required>true</required>
          <editable>false</editable>
          <description></description>
        </parameter>
        <parameter>
          <name>session</name>
          <type>org.apache.maven.execution.MavenSession</type>
          <required>true</required>
          <editable>false</editable>
          <description></description>
        </parameter>
        <parameter>
          <name>sourceArtifactClassifier</name>
          <type>java.lang.String</type>
          <required>true</required>
          <editable>true</editable>
          <description></description>
        </parameter>
        <parameter>
          <name>sourceArtifactType</name>
          <type>java.lang.String</type>
          <required>true</required>
          <editable>true</editable>
          <description></description>
        </parameter>
        <parameter>
          <name>tarLongFileMode</name>
          <type>java.lang.String</type>
          <required>false</required>
          <editable>true</editable>
          <description>Handling mode for long file paths.</description>
        </parameter>
      </parameters>
      <configuration>
        <tarLongFileMode implementation="java.lang.String" default-value="gnu"/>
        <outputDirectory implementation="java.io.File" default-value="${project.build.directory}"/>
        <projectArtifact implementation="org.apache.maven.artifact.Artifact" default-value="${project.artifact}"/>
        <localRepository implementation="org.apache.maven.artifact.repository.ArtifactRepository" default-value="${localRepository}"/>
        <sourceArtifactType implementation="java.lang.String" default-value="zip"/>
        <session implementation="org.apache.maven.execution.MavenSession" default-value="${session}"/>
        <project implementation="org.apache.maven.project.MavenProject">${project}</project>
        <archiveFilePrefix implementation="java.lang.String" default-value="${project.artifactId}-${project.version}"/>
        <sourceArtifactClassifier implementation="java.lang.String" default-value="project-sources"/>
        <includePatchDirectory implementation="boolean" default-value="false"/>
      </configuration>
      <requirements>
        <requirement>
          <role>org.codehaus.plexus.archiver.manager.ArchiverManager</role>
          <field-name>archiverManager</field-name>
        </requirement>
      </requirements>
    </mojo>
    <mojo>
      <goal>deploy-project-sources</goal>
      <description>Deploy the project-sources artifact to the remote repository. The project-sources artifact should
already have been created by the package-project-sources mojo.</description>
      <requiresDirectInvocation>false</requiresDirectInvocation>
      <requiresProject>true</requiresProject>
      <requiresReports>false</requiresReports>
      <aggregator>false</aggregator>
      <requiresOnline>false</requiresOnline>
      <inheritedByDefault>true</inheritedByDefault>
      <phase>deploy</phase>
      <implementation>org.codehaus.mojo.project.archive.DeployProjectSourcesMojo</implementation>
      <language>java</language>
      <instantiationStrategy>per-lookup</instantiationStrategy>
      <executionStrategy>once-per-session</executionStrategy>
      <parameters>
        <parameter>
          <name>deploymentRepository</name>
          <type>org.apache.maven.artifact.repository.ArtifactRepository</type>
          <required>true</required>
          <editable>false</editable>
          <description>Location to which the project-sources should be deployed. This parameter is derived from the
repository or sourceRepository subsection within the distributionManagement section of the POM.</description>
        </parameter>
        <parameter>
          <name>localRepository</name>
          <type>org.apache.maven.artifact.repository.ArtifactRepository</type>
          <required>true</required>
          <editable>false</editable>
          <description></description>
        </parameter>
        <parameter>
          <name>project</name>
          <type>org.apache.maven.project.MavenProject</type>
          <required>true</required>
          <editable>false</editable>
          <description>MavenProject instance used to resolve Ant property expressions.</description>
        </parameter>
        <parameter>
          <name>projectArtifact</name>
          <type>org.apache.maven.artifact.Artifact</type>
          <required>true</required>
          <editable>false</editable>
          <description></description>
        </parameter>
        <parameter>
          <name>session</name>
          <type>org.apache.maven.execution.MavenSession</type>
          <required>true</required>
          <editable>false</editable>
          <description></description>
        </parameter>
        <parameter>
          <name>sourceArtifactClassifier</name>
          <type>java.lang.String</type>
          <required>true</required>
          <editable>true</editable>
          <description></description>
        </parameter>
        <parameter>
          <name>sourceArtifactType</name>
          <type>java.lang.String</type>
          <required>true</required>
          <editable>true</editable>
          <description></description>
        </parameter>
      </parameters>
      <configuration>
        <deploymentRepository implementation="org.apache.maven.artifact.repository.ArtifactRepository">${project.distributionManagementArtifactRepository}</deploymentRepository>
        <projectArtifact implementation="org.apache.maven.artifact.Artifact" default-value="${project.artifact}"/>
        <localRepository implementation="org.apache.maven.artifact.repository.ArtifactRepository" default-value="${localRepository}"/>
        <sourceArtifactType implementation="java.lang.String" default-value="zip"/>
        <session implementation="org.apache.maven.execution.MavenSession" default-value="${session}"/>
        <project implementation="org.apache.maven.project.MavenProject">${project}</project>
        <sourceArtifactClassifier implementation="java.lang.String" default-value="project-sources"/>
      </configuration>
      <requirements>
        <requirement>
          <role>org.apache.maven.artifact.deployer.ArtifactDeployer</role>
          <field-name>artifactDeployer</field-name>
        </requirement>
        <requirement>
          <role>org.codehaus.plexus.archiver.manager.ArchiverManager</role>
          <field-name>archiverManager</field-name>
        </requirement>
      </requirements>
    </mojo>
    <mojo>
      <goal>relocate</goal>
      <description>Move a set of files (usually unpacked project sources) from one place to another, optionally
preserving the original location (copy-only).</description>
      <requiresDirectInvocation>false</requiresDirectInvocation>
      <requiresProject>true</requiresProject>
      <requiresReports>false</requiresReports>
      <aggregator>false</aggregator>
      <requiresOnline>false</requiresOnline>
      <inheritedByDefault>true</inheritedByDefault>
      <implementation>org.codehaus.mojo.project.archive.RelocateProjectSourcesMojo</implementation>
      <language>java</language>
      <instantiationStrategy>per-lookup</instantiationStrategy>
      <executionStrategy>once-per-session</executionStrategy>
      <parameters>
        <parameter>
          <name>copyOnly</name>
          <type>boolean</type>
          <required>false</required>
          <editable>true</editable>
          <description>If true, copy the source directory structure, don&apos;t move it. This means the original location
will not be deleted when the operation completes. Default value is false.</description>
        </parameter>
        <parameter>
          <name>from</name>
          <type>java.io.File</type>
          <required>true</required>
          <editable>true</editable>
          <description>The originating location of the sources to be moved.</description>
        </parameter>
        <parameter>
          <name>localRepository</name>
          <type>org.apache.maven.artifact.repository.ArtifactRepository</type>
          <required>true</required>
          <editable>false</editable>
          <description></description>
        </parameter>
        <parameter>
          <name>project</name>
          <type>org.apache.maven.project.MavenProject</type>
          <required>true</required>
          <editable>false</editable>
          <description>MavenProject instance used to resolve Ant property expressions.</description>
        </parameter>
        <parameter>
          <name>projectArtifact</name>
          <type>org.apache.maven.artifact.Artifact</type>
          <required>true</required>
          <editable>false</editable>
          <description></description>
        </parameter>
        <parameter>
          <name>session</name>
          <type>org.apache.maven.execution.MavenSession</type>
          <required>true</required>
          <editable>false</editable>
          <description></description>
        </parameter>
        <parameter>
          <name>skipPomProjects</name>
          <type>boolean</type>
          <required>false</required>
          <editable>true</editable>
          <description>Flag determining whether this mojo will attempt to execute when the current project&apos;s packaging
is &apos;pom&apos;. Default behavior is to skip &apos;pom&apos; projects.</description>
        </parameter>
        <parameter>
          <name>sourceArtifactClassifier</name>
          <type>java.lang.String</type>
          <required>true</required>
          <editable>true</editable>
          <description></description>
        </parameter>
        <parameter>
          <name>sourceArtifactType</name>
          <type>java.lang.String</type>
          <required>true</required>
          <editable>true</editable>
          <description></description>
        </parameter>
        <parameter>
          <name>to</name>
          <type>java.io.File</type>
          <required>true</required>
          <editable>true</editable>
          <description>The target location where project sources should be moved to.</description>
        </parameter>
      </parameters>
      <configuration>
        <projectArtifact implementation="org.apache.maven.artifact.Artifact" default-value="${project.artifact}"/>
        <skipPomProjects implementation="boolean" default-value="true"/>
        <localRepository implementation="org.apache.maven.artifact.repository.ArtifactRepository" default-value="${localRepository}"/>
        <sourceArtifactType implementation="java.lang.String" default-value="zip"/>
        <session implementation="org.apache.maven.execution.MavenSession" default-value="${session}"/>
        <project implementation="org.apache.maven.project.MavenProject">${project}</project>
        <sourceArtifactClassifier implementation="java.lang.String" default-value="project-sources"/>
        <copyOnly implementation="boolean" default-value="false"/>
      </configuration>
      <requirements>
        <requirement>
          <role>org.codehaus.plexus.archiver.manager.ArchiverManager</role>
          <field-name>archiverManager</field-name>
        </requirement>
      </requirements>
    </mojo>
  </mojos>
  <dependencies/>
</plugin>