<plugin>
  <description>Maven 2 plugin for running RAT, the Release Audit Tool.</description>
  <groupId>org.codehaus.mojo</groupId>
  <artifactId>rat-maven-plugin</artifactId>
  <version>1.0-alpha-2</version>
  <goalPrefix>rat</goalPrefix>
  <isolatedRealm>false</isolatedRealm>
  <inheritedByDefault>true</inheritedByDefault>
  <mojos>
    <mojo>
      <goal>check</goal>
      <description>Run RAT to perform a violation check.</description>
      <requiresDirectInvocation>false</requiresDirectInvocation>
      <requiresProject>true</requiresProject>
      <requiresReports>false</requiresReports>
      <aggregator>false</aggregator>
      <requiresOnline>false</requiresOnline>
      <inheritedByDefault>true</inheritedByDefault>
      <phase>verify</phase>
      <implementation>org.codehaus.mojo.rat.RatCheckMojo</implementation>
      <language>java</language>
      <instantiationStrategy>per-lookup</instantiationStrategy>
      <executionStrategy>once-per-session</executionStrategy>
      <parameters>
        <parameter>
          <name>addDefaultLicenseMatchers</name>
          <type>boolean</type>
          <required>false</required>
          <editable>true</editable>
          <description>Whether to add the default list of license matchers.</description>
        </parameter>
        <parameter>
          <name>basedir</name>
          <type>java.io.File</type>
          <required>true</required>
          <editable>true</editable>
          <description>The base directory, in which to search for files.</description>
        </parameter>
        <parameter>
          <name>excludeSubProjects</name>
          <type>boolean</type>
          <required>false</required>
          <editable>true</editable>
          <description>Whether to exclude subprojects. This is recommended, if you want a separate rat-maven-plugin report for each
subproject.</description>
        </parameter>
        <parameter>
          <name>excludes</name>
          <type>java.lang.String[]</type>
          <required>false</required>
          <editable>true</editable>
          <description>Specifies files, which are excluded in the report. By default, no files are included.</description>
        </parameter>
        <parameter>
          <name>includes</name>
          <type>java.lang.String[]</type>
          <required>false</required>
          <editable>true</editable>
          <description>Specifies files, which are included in the report. By default, all files are included.</description>
        </parameter>
        <parameter>
          <name>licenseMatchers</name>
          <type>org.codehaus.mojo.rat.HeaderMatcherSpecification[]</type>
          <required>false</required>
          <editable>true</editable>
          <description>The licenses we want to match on.</description>
        </parameter>
        <parameter>
          <name>numUnapprovedLicenses</name>
          <type>int</type>
          <required>false</required>
          <editable>true</editable>
          <description>Maximum number of files with unapproved licenses.</description>
        </parameter>
        <parameter>
          <name>project</name>
          <type>org.apache.maven.project.MavenProject</type>
          <required>true</required>
          <editable>false</editable>
          <description></description>
        </parameter>
        <parameter>
          <name>reportFile</name>
          <type>java.io.File</type>
          <required>false</required>
          <editable>true</editable>
          <description>Where to store the report.</description>
        </parameter>
        <parameter>
          <name>useDefaultExcludes</name>
          <type>boolean</type>
          <required>false</required>
          <editable>true</editable>
          <description>Whether to use the default excludes when scanning for files.</description>
        </parameter>
        <parameter>
          <name>useEclipseDefaultExcludes</name>
          <type>boolean</type>
          <required>false</required>
          <editable>true</editable>
          <description>Whether to use the Eclipse specific default excludes when scanning for files. Eclipse specific default excludes
are given by the constant ECLIPSE_DEFAULT_EXCLUDES: The .classpath and .project files, the .settings directory,
and so on.</description>
        </parameter>
        <parameter>
          <name>useIdeaDefaultExcludes</name>
          <type>boolean</type>
          <required>false</required>
          <editable>true</editable>
          <description>Whether to use the Idea specific default excludes when scanning for files. Idea specific default excludes are
given by the constant IDEA_DEFAULT_EXCLUDES: The *.iml, *.ipr and *.iws files.</description>
        </parameter>
        <parameter>
          <name>useMavenDefaultExcludes</name>
          <type>boolean</type>
          <required>false</required>
          <editable>true</editable>
          <description>Whether to use the Maven specific default excludes when scanning for files. Maven specific default excludes are
given by the constant MAVEN_DEFAULT_EXCLUDES: The target directory, the cobertura.ser file, and so on.</description>
        </parameter>
      </parameters>
      <configuration>
        <excludeSubProjects implementation="boolean" default-value="true">${rat.excludeSubprojects}</excludeSubProjects>
        <project implementation="org.apache.maven.project.MavenProject" default-value="${project}"/>
        <reportFile implementation="java.io.File" default-value="${project.build.directory}/rat.txt">${rat.outputFile}</reportFile>
        <addDefaultLicenseMatchers implementation="boolean" default-value="true">${rat.addDefaultLicenseMatchers}</addDefaultLicenseMatchers>
        <useDefaultExcludes implementation="boolean" default-value="true">${rat.useDefaultExcludes}</useDefaultExcludes>
        <useIdeaDefaultExcludes implementation="boolean" default-value="true">${rat.useIdeaDefaultExcludes}</useIdeaDefaultExcludes>
        <numUnapprovedLicenses implementation="int" default-value="0">${rat.numUnapprovedLicenses}</numUnapprovedLicenses>
        <useEclipseDefaultExcludes implementation="boolean" default-value="true">${rat.useEclipseDefaultExcludes}</useEclipseDefaultExcludes>
        <basedir implementation="java.io.File" default-value="${basedir}">${rat.basedir}</basedir>
        <useMavenDefaultExcludes implementation="boolean" default-value="true">${rat.useMavenDefaultExcludes}</useMavenDefaultExcludes>
      </configuration>
    </mojo>
    <mojo>
      <goal>rat</goal>
      <description>Generates a report with RAT&apos;s output.</description>
      <requiresDirectInvocation>false</requiresDirectInvocation>
      <requiresProject>true</requiresProject>
      <requiresReports>false</requiresReports>
      <aggregator>false</aggregator>
      <requiresOnline>false</requiresOnline>
      <inheritedByDefault>true</inheritedByDefault>
      <implementation>org.codehaus.mojo.rat.RatReportMojo</implementation>
      <language>java</language>
      <instantiationStrategy>per-lookup</instantiationStrategy>
      <executionStrategy>once-per-session</executionStrategy>
      <parameters>
        <parameter>
          <name>addDefaultLicenseMatchers</name>
          <type>boolean</type>
          <required>false</required>
          <editable>true</editable>
          <description>Whether to add the default list of license matchers.</description>
        </parameter>
        <parameter>
          <name>basedir</name>
          <type>java.io.File</type>
          <required>true</required>
          <editable>true</editable>
          <description>The base directory, in which to search for files.</description>
        </parameter>
        <parameter>
          <name>excludeSubProjects</name>
          <type>boolean</type>
          <required>false</required>
          <editable>true</editable>
          <description>Whether to exclude subprojects. This is recommended, if you want a separate rat-maven-plugin report for each
subproject.</description>
        </parameter>
        <parameter>
          <name>excludes</name>
          <type>java.lang.String[]</type>
          <required>false</required>
          <editable>true</editable>
          <description>Specifies files, which are excluded in the report. By default, no files are included.</description>
        </parameter>
        <parameter>
          <name>includes</name>
          <type>java.lang.String[]</type>
          <required>false</required>
          <editable>true</editable>
          <description>Specifies files, which are included in the report. By default, all files are included.</description>
        </parameter>
        <parameter>
          <name>licenseMatchers</name>
          <type>org.codehaus.mojo.rat.HeaderMatcherSpecification[]</type>
          <required>false</required>
          <editable>true</editable>
          <description>The licenses we want to match on.</description>
        </parameter>
        <parameter>
          <name>localRepository</name>
          <type>org.apache.maven.artifact.repository.ArtifactRepository</type>
          <required>true</required>
          <editable>false</editable>
          <description></description>
        </parameter>
        <parameter>
          <name>outputDirectory</name>
          <type>java.io.File</type>
          <required>true</required>
          <editable>true</editable>
          <description>Specifies the directory where the report will be generated</description>
        </parameter>
        <parameter>
          <name>project</name>
          <type>org.apache.maven.project.MavenProject</type>
          <required>true</required>
          <editable>false</editable>
          <description></description>
        </parameter>
        <parameter>
          <name>useDefaultExcludes</name>
          <type>boolean</type>
          <required>false</required>
          <editable>true</editable>
          <description>Whether to use the default excludes when scanning for files.</description>
        </parameter>
        <parameter>
          <name>useEclipseDefaultExcludes</name>
          <type>boolean</type>
          <required>false</required>
          <editable>true</editable>
          <description>Whether to use the Eclipse specific default excludes when scanning for files. Eclipse specific default excludes
are given by the constant ECLIPSE_DEFAULT_EXCLUDES: The .classpath and .project files, the .settings directory,
and so on.</description>
        </parameter>
        <parameter>
          <name>useIdeaDefaultExcludes</name>
          <type>boolean</type>
          <required>false</required>
          <editable>true</editable>
          <description>Whether to use the Idea specific default excludes when scanning for files. Idea specific default excludes are
given by the constant IDEA_DEFAULT_EXCLUDES: The *.iml, *.ipr and *.iws files.</description>
        </parameter>
        <parameter>
          <name>useMavenDefaultExcludes</name>
          <type>boolean</type>
          <required>false</required>
          <editable>true</editable>
          <description>Whether to use the Maven specific default excludes when scanning for files. Maven specific default excludes are
given by the constant MAVEN_DEFAULT_EXCLUDES: The target directory, the cobertura.ser file, and so on.</description>
        </parameter>
      </parameters>
      <configuration>
        <excludeSubProjects implementation="boolean" default-value="true">${rat.excludeSubprojects}</excludeSubProjects>
        <project implementation="org.apache.maven.project.MavenProject" default-value="${project}"/>
        <addDefaultLicenseMatchers implementation="boolean" default-value="true">${rat.addDefaultLicenseMatchers}</addDefaultLicenseMatchers>
        <useDefaultExcludes implementation="boolean" default-value="true">${rat.useDefaultExcludes}</useDefaultExcludes>
        <useIdeaDefaultExcludes implementation="boolean" default-value="true">${rat.useIdeaDefaultExcludes}</useIdeaDefaultExcludes>
        <useEclipseDefaultExcludes implementation="boolean" default-value="true">${rat.useEclipseDefaultExcludes}</useEclipseDefaultExcludes>
        <basedir implementation="java.io.File" default-value="${basedir}">${rat.basedir}</basedir>
        <outputDirectory implementation="java.io.File" default-value="${project.reporting.outputDirectory}"/>
        <localRepository implementation="org.apache.maven.artifact.repository.ArtifactRepository" default-value="${localRepository}"/>
        <useMavenDefaultExcludes implementation="boolean" default-value="true">${rat.useMavenDefaultExcludes}</useMavenDefaultExcludes>
      </configuration>
      <requirements>
        <requirement>
          <role>org.apache.maven.doxia.siterenderer.Renderer</role>
          <field-name>siteRenderer</field-name>
        </requirement>
        <requirement>
          <role>org.apache.maven.artifact.resolver.ArtifactResolver</role>
          <field-name>resolver</field-name>
        </requirement>
        <requirement>
          <role>org.apache.maven.artifact.factory.ArtifactFactory</role>
          <field-name>factory</field-name>
        </requirement>
      </requirements>
    </mojo>
  </mojos>
  <dependencies/>
</plugin>