<plugin>
  <description>Translates Java 5 classes to be compatible with J2SE 1.4 using Retrotranslator.</description>
  <groupId>org.codehaus.mojo</groupId>
  <artifactId>retrotranslator-maven-plugin</artifactId>
  <version>1.0-alpha-1</version>
  <goalPrefix>retrotranslator</goalPrefix>
  <isolatedRealm>false</isolatedRealm>
  <inheritedByDefault>true</inheritedByDefault>
  <mojos>
    <mojo>
      <goal>translate</goal>
      <description>Goal which turns the bytecode into 1.4 compliant bytecode</description>
      <requiresDirectInvocation>false</requiresDirectInvocation>
      <requiresProject>true</requiresProject>
      <requiresReports>false</requiresReports>
      <aggregator>false</aggregator>
      <requiresOnline>false</requiresOnline>
      <inheritedByDefault>true</inheritedByDefault>
      <phase>process-classes</phase>
      <implementation>org.codehaus.mojo.retrotranslator.RetrotranslateMojo</implementation>
      <language>java</language>
      <instantiationStrategy>per-lookup</instantiationStrategy>
      <executionStrategy>once-per-session</executionStrategy>
      <parameters>
        <parameter>
          <name>classpathElements</name>
          <type>java.util.List</type>
          <required>true</required>
          <editable>false</editable>
          <description>Project classpath.</description>
        </parameter>
        <parameter>
          <name>destdir</name>
          <type>java.io.File</type>
          <required>false</required>
          <editable>true</editable>
          <description>Directory to place classes compatible with J2SE 1.4.</description>
        </parameter>
        <parameter>
          <name>destjar</name>
          <type>java.io.File</type>
          <required>false</required>
          <editable>true</editable>
          <description>JAR file to place classes compatible with J2SE 1.4.</description>
        </parameter>
        <parameter>
          <name>failonwarning</name>
          <type>boolean</type>
          <required>true</required>
          <editable>true</editable>
          <description>Fails build when verification has failed.</description>
        </parameter>
        <parameter>
          <name>includes</name>
          <type>org.codehaus.mojo.retrotranslator.Include</type>
          <required>true</required>
          <editable>true</editable>
          <description>List the jar files and directorties to be included in the translation.</description>
        </parameter>
        <parameter>
          <name>lazy</name>
          <type>boolean</type>
          <required>true</required>
          <editable>true</editable>
          <description>Asks the translator to transform only Java 5.0 classes.</description>
        </parameter>
        <parameter>
          <name>stripsign</name>
          <type>boolean</type>
          <required>true</required>
          <editable>true</editable>
          <description>Asks the translator to strip signature (generics) information.</description>
        </parameter>
        <parameter>
          <name>verbose</name>
          <type>boolean</type>
          <required>true</required>
          <editable>true</editable>
          <description>Asks the translator for verbose output.</description>
        </parameter>
        <parameter>
          <name>verify</name>
          <type>boolean</type>
          <required>true</required>
          <editable>true</editable>
          <description>Asks the translator for warnings when references to unknown classes, methods, or fields are found.</description>
        </parameter>
        <parameter>
          <name>verifyClasspath</name>
          <type>java.util.List</type>
          <required>false</required>
          <editable>true</editable>
          <description>The classpath to use for verification including rt.jar, jce.jar, jsse.jar (from JRE 1.4). The retrotranslator-runtime-n.n.n.jar, and backport-util-concurrent.jar are included by default, they are not required to be defined here.</description>
        </parameter>
      </parameters>
      <configuration>
        <failonwarning implementation="boolean" default-value="true"/>
        <classpathElements implementation="java.util.List">${project.compileClasspathElements}</classpathElements>
        <stripsign implementation="boolean" default-value="false"/>
        <verbose implementation="boolean" default-value="false"/>
        <verify implementation="boolean" default-value="false"/>
        <lazy implementation="boolean" default-value="false"/>
      </configuration>
    </mojo>
  </mojos>
  <dependencies/>
</plugin>