<plugin>
  <description>Maven plugin which assembles files into an RPM package for installation on various target UNIX systems.</description>
  <groupId>org.codehaus.mojo</groupId>
  <artifactId>rpm-maven-plugin</artifactId>
  <version>2.0-beta-1</version>
  <goalPrefix>rpm</goalPrefix>
  <isolatedRealm>false</isolatedRealm>
  <inheritedByDefault>true</inheritedByDefault>
  <mojos>
    <mojo>
      <goal>rpm</goal>
      <description>Construct the RPM file</description>
      <requiresDependencyResolution>runtime</requiresDependencyResolution>
      <requiresDirectInvocation>false</requiresDirectInvocation>
      <requiresProject>true</requiresProject>
      <requiresReports>false</requiresReports>
      <aggregator>false</aggregator>
      <requiresOnline>false</requiresOnline>
      <inheritedByDefault>true</inheritedByDefault>
      <phase>package</phase>
      <implementation>org.codehaus.mojo.rpm.RPMMojo</implementation>
      <language>java</language>
      <instantiationStrategy>per-lookup</instantiationStrategy>
      <executionStrategy>once-per-session</executionStrategy>
      <parameters>
        <parameter>
          <name>artifact</name>
          <type>org.apache.maven.artifact.Artifact</type>
          <required>true</required>
          <editable>false</editable>
          <description>The primary project artifact.</description>
        </parameter>
        <parameter>
          <name>attachedArtifacts</name>
          <type>java.util.List</type>
          <required>true</required>
          <editable>false</editable>
          <description>Auxillary project artifacts.</description>
        </parameter>
        <parameter>
          <name>clean</name>
          <type>java.lang.String</type>
          <required>false</required>
          <editable>true</editable>
          <description>The clean script.</description>
        </parameter>
        <parameter>
          <name>cleanScript</name>
          <type>java.io.File</type>
          <required>false</required>
          <editable>true</editable>
          <description>The location of the clean script.</description>
        </parameter>
        <parameter>
          <name>conflicts</name>
          <type>java.util.List</type>
          <required>false</required>
          <editable>true</editable>
          <description>The list of conflicts for this package.</description>
        </parameter>
        <parameter>
          <name>copyright</name>
          <type>java.lang.String</type>
          <required>false</required>
          <editable>true</editable>
          <description>The one-line copyright information.</description>
        </parameter>
        <parameter>
          <name>defineStatements</name>
          <type>java.util.List</type>
          <required>false</required>
          <editable>true</editable>
          <description>A list of %define arguments</description>
        </parameter>
        <parameter>
          <name>description</name>
          <type>java.lang.String</type>
          <required>false</required>
          <editable>true</editable>
          <description>The long description of the package.</description>
        </parameter>
        <parameter>
          <name>distribution</name>
          <type>java.lang.String</type>
          <required>false</required>
          <editable>true</editable>
          <description>The distribution containing this package.</description>
        </parameter>
        <parameter>
          <name>group</name>
          <type>java.lang.String</type>
          <required>true</required>
          <editable>true</editable>
          <description>The package group for the package.</description>
        </parameter>
        <parameter>
          <name>icon</name>
          <type>java.io.File</type>
          <required>false</required>
          <editable>true</editable>
          <description>An icon for the package.</description>
        </parameter>
        <parameter>
          <name>install</name>
          <type>java.lang.String</type>
          <required>false</required>
          <editable>true</editable>
          <description>The installation script.</description>
        </parameter>
        <parameter>
          <name>installScript</name>
          <type>java.io.File</type>
          <required>false</required>
          <editable>true</editable>
          <description>The location of the installation script.</description>
        </parameter>
        <parameter>
          <name>mappings</name>
          <type>java.util.List</type>
          <required>true</required>
          <editable>true</editable>
          <description>The list of file mappings.</description>
        </parameter>
        <parameter>
          <name>name</name>
          <type>java.lang.String</type>
          <required>true</required>
          <editable>true</editable>
          <description>The name portion of the output file name.</description>
        </parameter>
        <parameter>
          <name>needarch</name>
          <type>boolean</type>
          <required>false</required>
          <editable>true</editable>
          <description>Set to &lt;code&gt;true&lt;/code&gt; if the package is dependent on the architecture
of the build machine.</description>
        </parameter>
        <parameter>
          <name>packager</name>
          <type>java.lang.String</type>
          <required>false</required>
          <editable>true</editable>
          <description>The name of the person or group creating the package.</description>
        </parameter>
        <parameter>
          <name>postinstall</name>
          <type>java.lang.String</type>
          <required>false</required>
          <editable>true</editable>
          <description>The post-installation script.</description>
        </parameter>
        <parameter>
          <name>postinstallScript</name>
          <type>java.io.File</type>
          <required>false</required>
          <editable>true</editable>
          <description>The location of the post-installation script.</description>
        </parameter>
        <parameter>
          <name>postremove</name>
          <type>java.lang.String</type>
          <required>false</required>
          <editable>true</editable>
          <description>The post-removal script.</description>
        </parameter>
        <parameter>
          <name>postremoveScript</name>
          <type>java.io.File</type>
          <required>false</required>
          <editable>true</editable>
          <description>The location of the post-removal script.</description>
        </parameter>
        <parameter>
          <name>prefix</name>
          <type>java.lang.String</type>
          <required>false</required>
          <editable>true</editable>
          <description>The relocation prefix for this package.</description>
        </parameter>
        <parameter>
          <name>preinstall</name>
          <type>java.lang.String</type>
          <required>false</required>
          <editable>true</editable>
          <description>The pre-installation script.</description>
        </parameter>
        <parameter>
          <name>preinstallScript</name>
          <type>java.io.File</type>
          <required>false</required>
          <editable>true</editable>
          <description>The location of the pre-installation script.</description>
        </parameter>
        <parameter>
          <name>preremove</name>
          <type>java.lang.String</type>
          <required>false</required>
          <editable>true</editable>
          <description>The pre-removal script.</description>
        </parameter>
        <parameter>
          <name>preremoveScript</name>
          <type>java.io.File</type>
          <required>false</required>
          <editable>true</editable>
          <description>The location of the pre-removal script.</description>
        </parameter>
        <parameter>
          <name>project</name>
          <type>org.apache.maven.project.MavenProject</type>
          <required>true</required>
          <editable>false</editable>
          <description></description>
        </parameter>
        <parameter>
          <name>projversion</name>
          <alias>version</alias>
          <type>java.lang.String</type>
          <required>true</required>
          <editable>true</editable>
          <description>The version portion of the RPM file name.</description>
        </parameter>
        <parameter>
          <name>provides</name>
          <type>java.util.List</type>
          <required>false</required>
          <editable>true</editable>
          <description>The list of virtual packages provided by this package.</description>
        </parameter>
        <parameter>
          <name>release</name>
          <type>java.lang.String</type>
          <required>true</required>
          <editable>true</editable>
          <description>The release portion of the RPM file name.</description>
        </parameter>
        <parameter>
          <name>requires</name>
          <type>java.util.List</type>
          <required>false</required>
          <editable>true</editable>
          <description>The list of requirements for this package.</description>
        </parameter>
        <parameter>
          <name>summary</name>
          <type>java.lang.String</type>
          <required>false</required>
          <editable>true</editable>
          <description>The one-line description of the package.</description>
        </parameter>
        <parameter>
          <name>url</name>
          <type>java.lang.String</type>
          <required>false</required>
          <editable>true</editable>
          <description>A URL for the vendor.</description>
        </parameter>
        <parameter>
          <name>vendor</name>
          <type>java.lang.String</type>
          <required>false</required>
          <editable>true</editable>
          <description>The vendor supplying the package.</description>
        </parameter>
        <parameter>
          <name>verify</name>
          <type>java.lang.String</type>
          <required>false</required>
          <editable>true</editable>
          <description>The verification script.</description>
        </parameter>
        <parameter>
          <name>verifyScript</name>
          <type>java.io.File</type>
          <required>false</required>
          <editable>true</editable>
          <description>The location of the verification script.</description>
        </parameter>
        <parameter>
          <name>workarea</name>
          <type>java.io.File</type>
          <required>false</required>
          <editable>true</editable>
          <description>The area for RPM to use for building the package.</description>
        </parameter>
      </parameters>
      <configuration>
        <summary implementation="java.lang.String">${project.name}</summary>
        <packager implementation="java.lang.String">${project.organization.name}</packager>
        <artifact implementation="org.apache.maven.artifact.Artifact">${project.artifact}</artifact>
        <vendor implementation="java.lang.String">${project.organization.name}</vendor>
        <description implementation="java.lang.String">${project.description}</description>
        <attachedArtifacts implementation="java.util.List">${project.attachedArtifacts}</attachedArtifacts>
        <project implementation="org.apache.maven.project.MavenProject" default-value="${project}"/>
        <url implementation="java.lang.String">${project.organization.url}</url>
        <workarea implementation="java.io.File">${project.build.directory}/rpm</workarea>
        <name implementation="java.lang.String">${project.artifactId}</name>
        <projversion implementation="java.lang.String">${project.version}</projversion>
      </configuration>
      <requirements>
        <requirement>
          <role>org.codehaus.plexus.archiver.Archiver</role>
          <role-hint>dir</role-hint>
          <field-name>copier</field-name>
        </requirement>
      </requirements>
    </mojo>
  </mojos>
  <dependencies/>
</plugin>