<plugin>
  <description></description>
  <groupId>org.codehaus.mojo</groupId>
  <artifactId>rpm-cbuild-maven-plugin</artifactId>
  <version>1.0-alpha-3</version>
  <goalPrefix>rpm-cbuild</goalPrefix>
  <isolatedRealm>false</isolatedRealm>
  <inheritedByDefault>true</inheritedByDefault>
  <mojos>
    <mojo>
      <goal>install-dependencies</goal>
      <description>Used to install the RPM onto the OS. This is critical for multimodule
builds, since dependent compiles need RPMs installed.</description>
      <requiresDependencyResolution>test</requiresDependencyResolution>
      <requiresDirectInvocation>false</requiresDirectInvocation>
      <requiresProject>true</requiresProject>
      <requiresReports>false</requiresReports>
      <aggregator>false</aggregator>
      <requiresOnline>false</requiresOnline>
      <inheritedByDefault>true</inheritedByDefault>
      <phase>initialize</phase>
      <implementation>org.codehaus.mojo.rpm.InstallDependencyRpmsMojo</implementation>
      <language>java</language>
      <instantiationStrategy>per-lookup</instantiationStrategy>
      <executionStrategy>once-per-session</executionStrategy>
      <parameters>
        <parameter>
          <name>artifacts</name>
          <type>java.util.Set</type>
          <required>true</required>
          <editable>false</editable>
          <description>These are the dependency RPMs for the current project.</description>
        </parameter>
        <parameter>
          <name>forceAllInstalls</name>
          <type>boolean</type>
          <required>false</required>
          <editable>true</editable>
          <description></description>
        </parameter>
        <parameter>
          <name>forceDependencyInstalls</name>
          <type>boolean</type>
          <required>false</required>
          <editable>true</editable>
          <description></description>
        </parameter>
        <parameter>
          <name>localRepository</name>
          <type>org.apache.maven.artifact.repository.ArtifactRepository</type>
          <required>true</required>
          <editable>false</editable>
          <description></description>
        </parameter>
        <parameter>
          <name>projectPackaging</name>
          <type>java.lang.String</type>
          <required>true</required>
          <editable>false</editable>
          <description></description>
        </parameter>
        <parameter>
          <name>remoteRepositories</name>
          <type>java.util.List</type>
          <required>true</required>
          <editable>false</editable>
          <description></description>
        </parameter>
        <parameter>
          <name>rpmDbPath</name>
          <type>java.lang.String</type>
          <required>false</required>
          <editable>true</editable>
          <description></description>
        </parameter>
        <parameter>
          <name>skipDependencies</name>
          <alias>rpm.dependencies.skip</alias>
          <type>boolean</type>
          <required>false</required>
          <editable>true</editable>
          <description></description>
        </parameter>
        <parameter>
          <name>useSudo</name>
          <type>boolean</type>
          <required>false</required>
          <editable>true</editable>
          <description>Flag to determine when to use sudo to execute the rpm command.</description>
        </parameter>
      </parameters>
      <configuration>
        <useSudo implementation="boolean" default-value="true">${rpm.install.useSudo}</useSudo>
        <forceDependencyInstalls implementation="boolean" default-value="false">${rpm.force.install}</forceDependencyInstalls>
        <forceAllInstalls implementation="boolean" default-value="false">${rpm.force.all.installs}</forceAllInstalls>
        <remoteRepositories implementation="java.util.List" default-value="${project.remoteArtifactRepositories}"/>
        <rpmDbPath implementation="java.lang.String">${rpmDbPath}</rpmDbPath>
        <localRepository implementation="org.apache.maven.artifact.repository.ArtifactRepository" default-value="${localRepository}"/>
        <projectPackaging implementation="java.lang.String" default-value="${project.packaging}"/>
        <skipDependencies implementation="boolean" default-value="false"/>
        <artifacts implementation="java.util.Set" default-value="${project.artifacts}"/>
      </configuration>
      <requirements>
        <requirement>
          <role>org.codehaus.mojo.tools.rpm.RpmInfoFormatter</role>
          <field-name>rpmInfoFormatter</field-name>
        </requirement>
        <requirement>
          <role>org.codehaus.mojo.tools.rpm.RpmMediator</role>
          <role-hint>default</role-hint>
          <field-name>rpmMediator</field-name>
        </requirement>
        <requirement>
          <role>org.apache.maven.project.MavenProjectBuilder</role>
          <field-name>projectBuilder</field-name>
        </requirement>
        <requirement>
          <role>org.apache.maven.artifact.factory.ArtifactFactory</role>
          <field-name>artifactFactory</field-name>
        </requirement>
      </requirements>
    </mojo>
    <mojo>
      <goal>remove-project-references</goal>
      <description></description>
      <requiresDirectInvocation>false</requiresDirectInvocation>
      <requiresProject>true</requiresProject>
      <requiresReports>false</requiresReports>
      <aggregator>true</aggregator>
      <requiresOnline>false</requiresOnline>
      <inheritedByDefault>true</inheritedByDefault>
      <phase>initialize</phase>
      <implementation>org.codehaus.mojo.rpm.RemoveProjectRef</implementation>
      <language>java</language>
      <instantiationStrategy>per-lookup</instantiationStrategy>
      <executionStrategy>once-per-session</executionStrategy>
      <parameters>
        <parameter>
          <name>projects</name>
          <type>java.util.List</type>
          <required>true</required>
          <editable>false</editable>
          <description>MavenProject instance used to furnish information required to construct the RPM name in the
event the rpmName parameter is not specified.</description>
        </parameter>
      </parameters>
      <configuration>
        <projects implementation="java.util.List">${reactorProjects}</projects>
      </configuration>
    </mojo>
    <mojo>
      <goal>remove</goal>
      <description>Used to install the RPM onto the OS. This is critical for multimodule
builds, since dependent compiles need RPMs installed.</description>
      <requiresDirectInvocation>false</requiresDirectInvocation>
      <requiresProject>true</requiresProject>
      <requiresReports>false</requiresReports>
      <aggregator>true</aggregator>
      <requiresOnline>false</requiresOnline>
      <inheritedByDefault>true</inheritedByDefault>
      <phase>clean</phase>
      <implementation>org.codehaus.mojo.rpm.RemoveRpmMojo</implementation>
      <language>java</language>
      <instantiationStrategy>per-lookup</instantiationStrategy>
      <executionStrategy>once-per-session</executionStrategy>
      <parameters>
        <parameter>
          <name>project</name>
          <type>org.apache.maven.project.MavenProject</type>
          <required>true</required>
          <editable>false</editable>
          <description></description>
        </parameter>
        <parameter>
          <name>projects</name>
          <type>java.util.List</type>
          <required>true</required>
          <editable>false</editable>
          <description>MavenProject instance used to furnish information required to construct the RPM name in the
event the rpmName parameter is not specified.</description>
        </parameter>
        <parameter>
          <name>rpmDbPath</name>
          <type>java.lang.String</type>
          <required>false</required>
          <editable>true</editable>
          <description></description>
        </parameter>
        <parameter>
          <name>skipRemove</name>
          <alias>rpm.remove.skip</alias>
          <type>boolean</type>
          <required>false</required>
          <editable>true</editable>
          <description></description>
        </parameter>
        <parameter>
          <name>useSudo</name>
          <type>boolean</type>
          <required>false</required>
          <editable>true</editable>
          <description>Flag to determine when to use sudo to execute the rpm command.</description>
        </parameter>
      </parameters>
      <configuration>
        <useSudo implementation="boolean" default-value="true">${rpm.install.useSudo}</useSudo>
        <rpmDbPath implementation="java.lang.String">${rpmDbPath}</rpmDbPath>
        <projects implementation="java.util.List">${reactorProjects}</projects>
        <skipRemove implementation="boolean" default-value="false"/>
        <project implementation="org.apache.maven.project.MavenProject" default-value="${project}"/>
      </configuration>
      <requirements>
        <requirement>
          <role>org.codehaus.mojo.tools.rpm.RpmInfoFormatter</role>
          <role-hint>default</role-hint>
          <field-name>rpmInfoFormatter</field-name>
        </requirement>
        <requirement>
          <role>org.codehaus.mojo.tools.rpm.RpmMediator</role>
          <role-hint>default</role-hint>
          <field-name>rpmMediator</field-name>
        </requirement>
      </requirements>
    </mojo>
    <mojo>
      <goal>build</goal>
      <description>Harvest a RPM from the project binaries and the generated spec file.</description>
      <requiresDirectInvocation>false</requiresDirectInvocation>
      <requiresProject>true</requiresProject>
      <requiresReports>false</requiresReports>
      <aggregator>false</aggregator>
      <requiresOnline>false</requiresOnline>
      <inheritedByDefault>true</inheritedByDefault>
      <phase>package</phase>
      <implementation>org.codehaus.mojo.rpm.BuildRpmMojo</implementation>
      <language>java</language>
      <instantiationStrategy>per-lookup</instantiationStrategy>
      <executionStrategy>once-per-session</executionStrategy>
      <parameters>
        <parameter>
          <name>messageLevel</name>
          <type>java.lang.String</type>
          <required>false</required>
          <editable>true</editable>
          <description>The Ant messageLevel to use.</description>
        </parameter>
        <parameter>
          <name>platformPostfix</name>
          <alias>rpm.genspec.platformPostfix</alias>
          <type>java.lang.String</type>
          <required>false</required>
          <editable>true</editable>
          <description>Override for platform postfix on RPM release number</description>
        </parameter>
        <parameter>
          <name>project</name>
          <type>org.apache.maven.project.MavenProject</type>
          <required>true</required>
          <editable>false</editable>
          <description>MavenProject instance used to furnish information required to construct the RPM name in the
event the rpmName parameter is not specified.</description>
        </parameter>
        <parameter>
          <name>release</name>
          <type>java.lang.String</type>
          <required>false</required>
          <editable>true</editable>
          <description>The RPM releaes level or build number</description>
        </parameter>
        <parameter>
          <name>rpmName</name>
          <type>java.lang.String</type>
          <required>false</required>
          <editable>true</editable>
          <description>Override parameter for the name of this RPM</description>
        </parameter>
        <parameter>
          <name>session</name>
          <type>org.apache.maven.execution.MavenSession</type>
          <required>true</required>
          <editable>false</editable>
          <description></description>
        </parameter>
        <parameter>
          <name>skipBuild</name>
          <alias>rpm.build.skip</alias>
          <type>boolean</type>
          <required>false</required>
          <editable>true</editable>
          <description></description>
        </parameter>
        <parameter>
          <name>skipPlatformPostfix</name>
          <alias>rpm.genspec.skipPlatformPostfix</alias>
          <type>boolean</type>
          <required>false</required>
          <editable>true</editable>
          <description>Whether to skip postfix on RPM release number
rhoover - we can&apos;t use null on platformPostfix as an indication to skip the postfix
until this bug is fixed (http://jira.codehaus.org/browse/MNG-1959;jsessionid=a9HqXpP8ZvX7DDXqNR?page=all)
because currently specifying an empty string for a parameter in the POM yields null instead
of an empty string.</description>
        </parameter>
        <parameter>
          <name>topDir</name>
          <type>java.io.File</type>
          <required>true</required>
          <editable>true</editable>
          <description>Top directory of the RPM filesystem structure.</description>
        </parameter>
      </parameters>
      <configuration>
        <messageLevel implementation="java.lang.String" default-value="info">${messageLevel}</messageLevel>
        <release implementation="java.lang.String" default-value="1">${release}</release>
        <platformPostfix implementation="java.lang.String">${platformPostfix}</platformPostfix>
        <topDir implementation="java.io.File" default-value="${project.build.directory}/rpm-topdir"/>
        <session implementation="org.apache.maven.execution.MavenSession">${session}</session>
        <project implementation="org.apache.maven.project.MavenProject">${project}</project>
        <skipBuild implementation="boolean" default-value="false"/>
        <skipPlatformPostfix implementation="boolean" default-value="false">${skipPlatformPostfix}</skipPlatformPostfix>
      </configuration>
      <requirements>
        <requirement>
          <role>org.codehaus.mojo.tools.rpm.RpmInfoFormatter</role>
          <field-name>rpmInfoFormatter</field-name>
        </requirement>
        <requirement>
          <role>org.codehaus.mojo.rpm.ProjectRpmFileManager</role>
          <field-name>projectRpmFileManager</field-name>
        </requirement>
      </requirements>
    </mojo>
    <mojo>
      <goal>generate-spec</goal>
      <description>Build a RPM spec file and save it to disk for subsequent harvesting.</description>
      <requiresDirectInvocation>false</requiresDirectInvocation>
      <requiresProject>true</requiresProject>
      <requiresReports>false</requiresReports>
      <aggregator>false</aggregator>
      <requiresOnline>false</requiresOnline>
      <inheritedByDefault>true</inheritedByDefault>
      <phase>package</phase>
      <implementation>org.codehaus.mojo.rpm.GenerateSpecFileMojo</implementation>
      <language>java</language>
      <instantiationStrategy>per-lookup</instantiationStrategy>
      <executionStrategy>once-per-session</executionStrategy>
      <parameters>
        <parameter>
          <name>dependencies</name>
          <type>java.util.List</type>
          <required>true</required>
          <editable>false</editable>
          <description>The dependencies of this project, for use in defining the depends and provides sets for
the RPM.</description>
        </parameter>
        <parameter>
          <name>dependsExclusions</name>
          <type>java.util.List</type>
          <required>false</required>
          <editable>true</editable>
          <description>List of dependencies in the form &apos;groupId:artifactId&apos; which should be excluded from
the list of dependency functionality.</description>
        </parameter>
        <parameter>
          <name>destDir</name>
          <type>java.io.File</type>
          <required>true</required>
          <editable>true</editable>
          <description>The Make DEST_DIR, to let the RPM harvester know how to reorient the generated RPM.</description>
        </parameter>
        <parameter>
          <name>platformPostfix</name>
          <alias>rpm.genspec.platformPostfix</alias>
          <type>java.lang.String</type>
          <required>false</required>
          <editable>true</editable>
          <description>Override for platform postfix on RPM release number</description>
        </parameter>
        <parameter>
          <name>postInstallFile</name>
          <type>java.io.File</type>
          <required>false</required>
          <editable>true</editable>
          <description>Create a simple RPM post install mechanism
If defined, the RPM will insert the named file into the spec file
that the pluggin is building (some claim this is weak, but
make the script a .sh.in file and let autoconf do some expanding)</description>
        </parameter>
        <parameter>
          <name>postUninstallFile</name>
          <type>java.io.File</type>
          <required>false</required>
          <editable>true</editable>
          <description>Create a simple RPM post un install mechanism
If defined, the RPM will insert the named file into the spec file
that the pluggin is building (this is weak in the sense that template
expansion is not occuring)</description>
        </parameter>
        <parameter>
          <name>preInstallFile</name>
          <type>java.io.File</type>
          <required>false</required>
          <editable>true</editable>
          <description>Create a simple RPM pre install mechanism
If defined, the RPM will insert the named file into the spec file
that the pluggin is building (this is weak in the sense that template
expansion is not occuring)</description>
        </parameter>
        <parameter>
          <name>preUninstallFile</name>
          <type>java.io.File</type>
          <required>false</required>
          <editable>true</editable>
          <description>Create a simple RPM pre un install mechanism
If defined, the RPM will insert the named file into the spec file
that the pluggin is building (this is weak in the sense that template
expansion is not occuring)</description>
        </parameter>
        <parameter>
          <name>prefix</name>
          <type>java.lang.String</type>
          <required>true</required>
          <editable>true</editable>
          <description>The configure prefix, to let the RPM harvester know how to build the dir structure.</description>
        </parameter>
        <parameter>
          <name>project</name>
          <type>org.apache.maven.project.MavenProject</type>
          <required>true</required>
          <editable>false</editable>
          <description>The current project being built. This instance is used to furnish the information required to
construct the RPM spec file</description>
        </parameter>
        <parameter>
          <name>projectArtifact</name>
          <type>org.apache.maven.artifact.Artifact</type>
          <required>true</required>
          <editable>false</editable>
          <description>The Artifact instance for the current project. This will be added to the list of
functionality provided by this RPM.</description>
        </parameter>
        <parameter>
          <name>providesExclusions</name>
          <type>java.util.List</type>
          <required>false</required>
          <editable>true</editable>
          <description>List of dependencies in the form &apos;groupId:artifactId&apos; which should be excluded from
the list of provided functionality.</description>
        </parameter>
        <parameter>
          <name>release</name>
          <type>java.lang.String</type>
          <required>true</required>
          <editable>true</editable>
          <description>The build number of the RPM, so you get versions like 1.2-4 which
would be the fourth build of the 1.2 tarball.</description>
        </parameter>
        <parameter>
          <name>rpmName</name>
          <type>java.lang.String</type>
          <required>false</required>
          <editable>true</editable>
          <description>Override parameter for the name of the RPM to be created.</description>
        </parameter>
        <parameter>
          <name>rpmNoStrip</name>
          <type>boolean</type>
          <required>false</required>
          <editable>true</editable>
          <description>Turn off RPM compression and symbol stripping - this really hoses
the Sybase RPM.</description>
        </parameter>
        <parameter>
          <name>session</name>
          <type>org.apache.maven.execution.MavenSession</type>
          <required>true</required>
          <editable>false</editable>
          <description></description>
        </parameter>
        <parameter>
          <name>skip</name>
          <alias>rpm.genspec.skip</alias>
          <type>boolean</type>
          <required>false</required>
          <editable>true</editable>
          <description>Whether to skip RPM spec file generation.</description>
        </parameter>
        <parameter>
          <name>skipPlatformPostfix</name>
          <alias>rpm.genspec.skipPlatformPostfix</alias>
          <type>boolean</type>
          <required>false</required>
          <editable>true</editable>
          <description>Whether to skip postfix on RPM release number
rhoover - we can&apos;t use null on platformPostfix as an indication to skip the postfix
until this bug is fixed (http://jira.codehaus.org/browse/MNG-1959;jsessionid=a9HqXpP8ZvX7DDXqNR?page=all)
because currently specifying an empty string for a parameter in the POM yields null instead
of an empty string.</description>
        </parameter>
        <parameter>
          <name>topDir</name>
          <type>java.io.File</type>
          <required>true</required>
          <editable>true</editable>
          <description>The top directory of the RPM harvesting structure.</description>
        </parameter>
      </parameters>
      <configuration>
        <preInstallFile implementation="java.io.File">${preInstallFile}</preInstallFile>
        <dependencies implementation="java.util.List">${project.dependencies}</dependencies>
        <projectArtifact implementation="org.apache.maven.artifact.Artifact">${project.artifact}</projectArtifact>
        <postInstallFile implementation="java.io.File">${postInstallFile}</postInstallFile>
        <release implementation="java.lang.String" default-value="1">${release}</release>
        <platformPostfix implementation="java.lang.String">${platformPostfix}</platformPostfix>
        <topDir implementation="java.io.File" default-value="${project.build.directory}/rpm-topdir"/>
        <session implementation="org.apache.maven.execution.MavenSession">${session}</session>
        <postUninstallFile implementation="java.io.File">${postUninstallFile}</postUninstallFile>
        <preUninstallFile implementation="java.io.File">${preUninstallFile}</preUninstallFile>
        <destDir implementation="java.io.File" default-value="${project.build.directory}"/>
        <skip implementation="boolean" default-value="false">${skipSpecGeneration}</skip>
        <project implementation="org.apache.maven.project.MavenProject">${project}</project>
        <rpmNoStrip implementation="boolean">${rpmNoStrip}</rpmNoStrip>
        <skipPlatformPostfix implementation="boolean" default-value="false">${skipPlatformPostfix}</skipPlatformPostfix>
      </configuration>
      <requirements>
        <requirement>
          <role>org.codehaus.mojo.tools.rpm.RpmInfoFormatter</role>
          <field-name>rpmInfoFormatter</field-name>
        </requirement>
        <requirement>
          <role>org.codehaus.mojo.tools.rpm.RpmSpecFormatter</role>
          <field-name>rpmSpecFormatter</field-name>
        </requirement>
      </requirements>
    </mojo>
    <mojo>
      <goal>set-project-file</goal>
      <description>Setup the RPM file reference for MavenProject.getArtifact().getFile(), so we can use this as a
basis for determining whether to run a build or not (based on the lastMod of this file vs. the
latest lastMod of the source files...this is handled in another plugin.)</description>
      <requiresDirectInvocation>false</requiresDirectInvocation>
      <requiresProject>true</requiresProject>
      <requiresReports>false</requiresReports>
      <aggregator>false</aggregator>
      <requiresOnline>false</requiresOnline>
      <inheritedByDefault>true</inheritedByDefault>
      <implementation>org.codehaus.mojo.rpm.SetRpmProjectArtifactFileMojo</implementation>
      <language>java</language>
      <instantiationStrategy>per-lookup</instantiationStrategy>
      <executionStrategy>once-per-session</executionStrategy>
      <parameters>
        <parameter>
          <name>platformPostfix</name>
          <alias>rpm.genspec.platformPostfix</alias>
          <type>java.lang.String</type>
          <required>false</required>
          <editable>true</editable>
          <description>Override for platform postfix on RPM release number</description>
        </parameter>
        <parameter>
          <name>project</name>
          <type>org.apache.maven.project.MavenProject</type>
          <required>true</required>
          <editable>false</editable>
          <description>MavenProject instance used to furnish information required to construct the RPM name in the
event the rpmName parameter is not specified.</description>
        </parameter>
        <parameter>
          <name>release</name>
          <type>java.lang.String</type>
          <required>false</required>
          <editable>true</editable>
          <description>The RPM releaes level or build number</description>
        </parameter>
        <parameter>
          <name>rpmFile</name>
          <type>java.io.File</type>
          <required>false</required>
          <editable>true</editable>
          <description>Override the entire rpm file, not just the basename (which doesn&apos;t include
architecture and .rpm extension).</description>
        </parameter>
        <parameter>
          <name>rpmName</name>
          <type>java.lang.String</type>
          <required>false</required>
          <editable>true</editable>
          <description>Override parameter for the name of this RPM</description>
        </parameter>
        <parameter>
          <name>session</name>
          <type>org.apache.maven.execution.MavenSession</type>
          <required>true</required>
          <editable>false</editable>
          <description></description>
        </parameter>
        <parameter>
          <name>skipPlatformPostfix</name>
          <alias>rpm.genspec.skipPlatformPostfix</alias>
          <type>boolean</type>
          <required>false</required>
          <editable>true</editable>
          <description>Whether to skip postfix on RPM release number
rhoover - we can&apos;t use null on platformPostfix as an indication to skip the postfix
until this bug is fixed (http://jira.codehaus.org/browse/MNG-1959;jsessionid=a9HqXpP8ZvX7DDXqNR?page=all)
because currently specifying an empty string for a parameter in the POM yields null instead
of an empty string.</description>
        </parameter>
        <parameter>
          <name>topDir</name>
          <type>java.io.File</type>
          <required>true</required>
          <editable>true</editable>
          <description>Top directory of the RPM filesystem structure.</description>
        </parameter>
      </parameters>
      <configuration>
        <release implementation="java.lang.String" default-value="1">${release}</release>
        <platformPostfix implementation="java.lang.String">${platformPostfix}</platformPostfix>
        <topDir implementation="java.io.File" default-value="${project.build.directory}/rpm-topdir"/>
        <session implementation="org.apache.maven.execution.MavenSession" default-value="${session}"/>
        <project implementation="org.apache.maven.project.MavenProject">${project}</project>
        <skipPlatformPostfix implementation="boolean" default-value="false">${skipPlatformPostfix}</skipPlatformPostfix>
      </configuration>
      <requirements>
        <requirement>
          <role>org.codehaus.mojo.tools.rpm.RpmInfoFormatter</role>
          <role-hint>default</role-hint>
          <field-name>rpmInfoFormatter</field-name>
        </requirement>
        <requirement>
          <role>org.codehaus.mojo.rpm.ProjectRpmFileManager</role>
          <role-hint>default</role-hint>
          <field-name>projectRpmFileManager</field-name>
        </requirement>
      </requirements>
    </mojo>
    <mojo>
      <goal>install</goal>
      <description>Used to install the RPM onto the OS. This is critical for multimodule
builds, since dependent compiles need RPMs installed.</description>
      <requiresDependencyResolution>runtime</requiresDependencyResolution>
      <requiresDirectInvocation>false</requiresDirectInvocation>
      <requiresProject>true</requiresProject>
      <requiresReports>false</requiresReports>
      <aggregator>false</aggregator>
      <requiresOnline>false</requiresOnline>
      <inheritedByDefault>true</inheritedByDefault>
      <phase>install</phase>
      <implementation>org.codehaus.mojo.rpm.InstallRpmMojo</implementation>
      <language>java</language>
      <instantiationStrategy>per-lookup</instantiationStrategy>
      <executionStrategy>once-per-session</executionStrategy>
      <parameters>
        <parameter>
          <name>forceAllInstalls</name>
          <type>boolean</type>
          <required>false</required>
          <editable>true</editable>
          <description></description>
        </parameter>
        <parameter>
          <name>forceInstall</name>
          <type>boolean</type>
          <required>false</required>
          <editable>true</editable>
          <description></description>
        </parameter>
        <parameter>
          <name>project</name>
          <type>org.apache.maven.project.MavenProject</type>
          <required>true</required>
          <editable>false</editable>
          <description>MavenProject instance used to furnish information required to construct the RPM name in the
event the rpmName parameter is not specified.</description>
        </parameter>
        <parameter>
          <name>rpmDbPath</name>
          <type>java.lang.String</type>
          <required>false</required>
          <editable>true</editable>
          <description></description>
        </parameter>
        <parameter>
          <name>skipInstall</name>
          <alias>rpm.install.skip</alias>
          <type>boolean</type>
          <required>false</required>
          <editable>true</editable>
          <description></description>
        </parameter>
        <parameter>
          <name>useSudo</name>
          <type>boolean</type>
          <required>false</required>
          <editable>true</editable>
          <description>Flag to determine when to use sudo to execute the rpm command.</description>
        </parameter>
      </parameters>
      <configuration>
        <useSudo implementation="boolean" default-value="true">${rpm.install.useSudo}</useSudo>
        <skipInstall implementation="boolean" default-value="false"/>
        <forceAllInstalls implementation="boolean" default-value="false">${rpm.force.all.installs}</forceAllInstalls>
        <rpmDbPath implementation="java.lang.String">${rpmDbPath}</rpmDbPath>
        <project implementation="org.apache.maven.project.MavenProject">${project}</project>
        <forceInstall implementation="boolean" default-value="false">${forceInstall}</forceInstall>
      </configuration>
      <requirements>
        <requirement>
          <role>org.codehaus.mojo.tools.rpm.RpmInfoFormatter</role>
          <field-name>rpmInfoFormatter</field-name>
        </requirement>
        <requirement>
          <role>org.codehaus.mojo.tools.rpm.RpmMediator</role>
          <role-hint>default</role-hint>
          <field-name>rpmMediator</field-name>
        </requirement>
      </requirements>
    </mojo>
  </mojos>
  <dependencies/>
</plugin>