<plugin>
  <description></description>
  <groupId>org.codehaus.mojo</groupId>
  <artifactId>sablecc-maven-plugin</artifactId>
  <version>2.1</version>
  <goalPrefix>sablecc</goalPrefix>
  <isolatedRealm>false</isolatedRealm>
  <inheritedByDefault>true</inheritedByDefault>
  <mojos>
    <mojo>
      <goal>generate</goal>
      <description>A plugin for processing grammar files in SableCC.</description>
      <requiresDirectInvocation>false</requiresDirectInvocation>
      <requiresProject>true</requiresProject>
      <requiresReports>false</requiresReports>
      <aggregator>false</aggregator>
      <requiresOnline>false</requiresOnline>
      <inheritedByDefault>true</inheritedByDefault>
      <phase>generate-sources</phase>
      <implementation>org.codehaus.mojo.sablecc.SableCCMojo</implementation>
      <language>java</language>
      <instantiationStrategy>per-lookup</instantiationStrategy>
      <executionStrategy>once-per-session</executionStrategy>
      <parameters>
        <parameter>
          <name>outputDirectory</name>
          <type>java.lang.String</type>
          <required>false</required>
          <editable>true</editable>
          <description>the directory to output the generated sources to</description>
        </parameter>
        <parameter>
          <name>project</name>
          <type>org.apache.maven.project.MavenProject</type>
          <required>true</required>
          <editable>true</editable>
          <description></description>
        </parameter>
        <parameter>
          <name>sourceDirectory</name>
          <type>java.lang.String</type>
          <required>false</required>
          <editable>true</editable>
          <description>the source directory containing *.grammar files</description>
        </parameter>
        <parameter>
          <name>staleMillis</name>
          <type>int</type>
          <required>false</required>
          <editable>true</editable>
          <description>The granularity in milliseconds of the last modification
date for testing whether a source needs recompilation</description>
        </parameter>
        <parameter>
          <name>timestampDirectory</name>
          <type>java.lang.String</type>
          <required>false</required>
          <editable>true</editable>
          <description>the directory to store the processed grammars</description>
        </parameter>
      </parameters>
      <configuration>
        <outputDirectory implementation="java.lang.String">${project.build.directory}/generated-sources/sablecc</outputDirectory>
        <timestampDirectory implementation="java.lang.String">${basedir}/target</timestampDirectory>
        <sourceDirectory implementation="java.lang.String">${basedir}/src/main/sablecc</sourceDirectory>
        <project implementation="org.apache.maven.project.MavenProject">${project}</project>
        <staleMillis implementation="int" default-value="0">${lastModGranularityMs}</staleMillis>
      </configuration>
      <requirements>
        <requirement>
          <role>org.apache.maven.project.MavenProjectHelper</role>
          <field-name>projectHelper</field-name>
        </requirement>
      </requirements>
    </mojo>
  </mojos>
  <dependencies/>
</plugin>