<plugin>
  <description></description>
  <groupId>org.codehaus.mojo</groupId>
  <artifactId>smc-maven-plugin</artifactId>
  <version>1.0-alpha-1</version>
  <goalPrefix>smc</goalPrefix>
  <isolatedRealm>false</isolatedRealm>
  <inheritedByDefault>true</inheritedByDefault>
  <mojos>
    <mojo>
      <goal>smcreports</goal>
      <description>Generate graphes and HTML tables for the various smc state diagrams.</description>
      <requiresDirectInvocation>false</requiresDirectInvocation>
      <requiresProject>true</requiresProject>
      <requiresReports>false</requiresReports>
      <aggregator>false</aggregator>
      <requiresOnline>false</requiresOnline>
      <inheritedByDefault>true</inheritedByDefault>
      <executePhase>generate-sources</executePhase>
      <implementation>org.codehaus.mojo.smc.SmcReportMojo</implementation>
      <language>java</language>
      <instantiationStrategy>per-lookup</instantiationStrategy>
      <executionStrategy>once-per-session</executionStrategy>
      <parameters>
        <parameter>
          <name>glevel</name>
          <type>java.lang.Integer</type>
          <required>false</required>
          <editable>true</editable>
          <description>Graph verbosity level {@link &lt;a href=&quot;http://smc.sourceforge.net/SmcManSec10.htm#GraphLevels&quot;/&gt;}</description>
        </parameter>
        <parameter>
          <name>outputDirectory</name>
          <type>java.io.File</type>
          <required>true</required>
          <editable>true</editable>
          <description>The output directory for the report.</description>
        </parameter>
        <parameter>
          <name>pluginClasspathList</name>
          <type>java.util.List</type>
          <required>true</required>
          <editable>false</editable>
          <description>&lt;i&gt;Maven Internal&lt;/i&gt;: List of artifacts for the plugin.</description>
        </parameter>
        <parameter>
          <name>project</name>
          <type>org.apache.maven.project.MavenProject</type>
          <required>true</required>
          <editable>false</editable>
          <description>&lt;i&gt;Maven Internal&lt;/i&gt;: Project to interact with.</description>
        </parameter>
        <parameter>
          <name>sourceDirectory</name>
          <type>java.io.File</type>
          <required>true</required>
          <editable>true</editable>
          <description>Source directory containing the *.sm files.</description>
        </parameter>
        <parameter>
          <name>verbose</name>
          <type>boolean</type>
          <required>false</required>
          <editable>true</editable>
          <description>Enable verbose.</description>
        </parameter>
      </parameters>
      <configuration>
        <outputDirectory implementation="java.io.File">${project.reporting.outputDirectory}/smc</outputDirectory>
        <sourceDirectory implementation="java.io.File">${project.basedir}/src/main/smc</sourceDirectory>
        <verbose implementation="boolean" default-value="false">${verbose}</verbose>
        <project implementation="org.apache.maven.project.MavenProject">${project}</project>
        <glevel implementation="java.lang.Integer">${glevel}</glevel>
        <pluginClasspathList implementation="java.util.List">${plugin.artifacts}</pluginClasspathList>
      </configuration>
      <requirements>
        <requirement>
          <role>org.codehaus.doxia.site.renderer.SiteRenderer</role>
          <field-name>siteRenderer</field-name>
        </requirement>
      </requirements>
    </mojo>
    <mojo>
      <goal>smc</goal>
      <description>Generates the Java sources from the *.sm files. &lt;p/&gt;</description>
      <requiresDependencyResolution>runtime</requiresDependencyResolution>
      <requiresDirectInvocation>false</requiresDirectInvocation>
      <requiresProject>true</requiresProject>
      <requiresReports>false</requiresReports>
      <aggregator>false</aggregator>
      <requiresOnline>false</requiresOnline>
      <inheritedByDefault>true</inheritedByDefault>
      <phase>generate-sources</phase>
      <implementation>org.codehaus.mojo.smc.SmcMojo</implementation>
      <language>java</language>
      <instantiationStrategy>per-lookup</instantiationStrategy>
      <executionStrategy>once-per-session</executionStrategy>
      <parameters>
        <parameter>
          <name>debug</name>
          <type>boolean</type>
          <required>false</required>
          <editable>true</editable>
          <description>Enable debug.</description>
        </parameter>
        <parameter>
          <name>failOnError</name>
          <type>boolean</type>
          <required>true</required>
          <editable>true</editable>
          <description>Fail on error ?</description>
        </parameter>
        <parameter>
          <name>fork</name>
          <type>boolean</type>
          <required>true</required>
          <editable>true</editable>
          <description>Fork the compilation task.</description>
        </parameter>
        <parameter>
          <name>outputDirectory</name>
          <type>java.io.File</type>
          <required>true</required>
          <editable>true</editable>
          <description>The directory will be added as Project&apos;s Resource.</description>
        </parameter>
        <parameter>
          <name>project</name>
          <type>org.apache.maven.project.MavenProject</type>
          <required>true</required>
          <editable>false</editable>
          <description>Project.</description>
        </parameter>
        <parameter>
          <name>sourceDirectory</name>
          <type>java.io.File</type>
          <required>true</required>
          <editable>true</editable>
          <description>Source directory containing the *.sm files.</description>
        </parameter>
        <parameter>
          <name>sync</name>
          <type>boolean</type>
          <required>false</required>
          <editable>true</editable>
          <description>Enable sync.</description>
        </parameter>
        <parameter>
          <name>verbose</name>
          <type>boolean</type>
          <required>false</required>
          <editable>true</editable>
          <description>Enable verbose.</description>
        </parameter>
      </parameters>
      <configuration>
        <fork implementation="boolean" default-value="false">${fork}</fork>
        <debug implementation="boolean" default-value="false">${debug}</debug>
        <outputDirectory implementation="java.io.File" default-value="${project.build.directory}/generated-sources/smc/smc">${outputDirectory}</outputDirectory>
        <sourceDirectory implementation="java.io.File">${project.basedir}/src/main/smc</sourceDirectory>
        <verbose implementation="boolean" default-value="false">${verbose}</verbose>
        <sync implementation="boolean" default-value="false">${sync}</sync>
        <project implementation="org.apache.maven.project.MavenProject">${project}</project>
        <failOnError implementation="boolean" default-value="true">${failOnError}</failOnError>
      </configuration>
    </mojo>
  </mojos>
  <dependencies/>
</plugin>