<plugin>
  <description>Build a System-V software package for Solaris using pkgtools.</description>
  <groupId>org.codehaus.mojo</groupId>
  <artifactId>solaris-maven-plugin</artifactId>
  <version>1.0-alpha-1</version>
  <goalPrefix>solaris</goalPrefix>
  <isolatedRealm>false</isolatedRealm>
  <inheritedByDefault>true</inheritedByDefault>
  <mojos>
    <mojo>
      <goal>generate-prototype</goal>
      <description>Generates a System V package &lt;code&gt;prototype&lt;/code&gt; file.</description>
      <requiresDirectInvocation>false</requiresDirectInvocation>
      <requiresProject>true</requiresProject>
      <requiresReports>false</requiresReports>
      <aggregator>false</aggregator>
      <requiresOnline>false</requiresOnline>
      <inheritedByDefault>true</inheritedByDefault>
      <implementation>org.codehaus.mojo.solaris.GeneratePrototypeMojo</implementation>
      <language>java</language>
      <instantiationStrategy>per-lookup</instantiationStrategy>
      <executionStrategy>once-per-session</executionStrategy>
      <parameters>
        <parameter>
          <name>defaultClass</name>
          <type>java.lang.String</type>
          <required>true</required>
          <editable>true</editable>
          <description>The default class for the objects.</description>
        </parameter>
        <parameter>
          <name>defaultDirectoryMode</name>
          <type>java.lang.String</type>
          <required>true</required>
          <editable>true</editable>
          <description>The default modes of directories.</description>
        </parameter>
        <parameter>
          <name>defaultFileMode</name>
          <type>java.lang.String</type>
          <required>true</required>
          <editable>true</editable>
          <description>The default mode for files.</description>
        </parameter>
        <parameter>
          <name>defaultGroup</name>
          <type>java.lang.String</type>
          <required>true</required>
          <editable>true</editable>
          <description>The default owning group for all objects.</description>
        </parameter>
        <parameter>
          <name>defaultUser</name>
          <type>java.lang.String</type>
          <required>true</required>
          <editable>true</editable>
          <description>The default owning user for all objects.</description>
        </parameter>
        <parameter>
          <name>packageRoot</name>
          <type>java.io.File</type>
          <required>false</required>
          <editable>true</editable>
          <description>There directory where &lt;code&gt;pkgmk&lt;/code&gt; and &lt;code&gt;pkgtrans&lt;/code&gt; will be executed. All files that are to be
a part of the package has to be in this directory before the prototype file is generated.</description>
        </parameter>
        <parameter>
          <name>prototypeEntries</name>
          <type>java.util.List</type>
          <required>false</required>
          <editable>true</editable>
          <description>See &lt;a href=&quot;http://mojo.codehaus.org/solaris/solaris-maven-plugin/apidocs/org/codehaus/mojo/solaris/
AbstractPrototypeEntry.html&quot;&gt;AbstractPrototypeEntry&lt;/a&gt;
and subclasses for the different</description>
        </parameter>
        <parameter>
          <name>prototypeEntryCollections</name>
          <type>java.util.List</type>
          <required>false</required>
          <editable>true</editable>
          <description>A collection of &quot;property entry collections&quot;. Each entry collection can specify a class, user, group and mode.

See &lt;a href=&quot;http://mojo.codehaus.org/solaris/solaris-maven-plugin/apidocs/org/codehaus/mojo/solaris/
PrototypeEntryCollection.html&quot;&gt;PrototypeEntryCollection&lt;/a&gt;</description>
        </parameter>
      </parameters>
      <configuration>
        <defaultDirectoryMode implementation="java.lang.String" default-value="0755"/>
        <defaultFileMode implementation="java.lang.String" default-value="0664"/>
        <defaultGroup implementation="java.lang.String" default-value="sys"/>
        <defaultClass implementation="java.lang.String" default-value="none"/>
        <packageRoot implementation="java.io.File">${project.build.directory}/solaris/assembled-pkg</packageRoot>
        <defaultUser implementation="java.lang.String" default-value="root"/>
      </configuration>
      <requirements>
        <requirement>
          <role>org.codehaus.mojo.solaris.PrototypeGenerator</role>
          <field-name>prototypeGenerator</field-name>
        </requirement>
      </requirements>
    </mojo>
    <mojo>
      <goal>package</goal>
      <description>Creates a System V package from a source directory by running &lt;code&gt;pkgmk&lt;/code&gt; and &lt;code&gt;pkgtrans&lt;/code&gt;.</description>
      <requiresDirectInvocation>false</requiresDirectInvocation>
      <requiresProject>true</requiresProject>
      <requiresReports>false</requiresReports>
      <aggregator>false</aggregator>
      <requiresOnline>false</requiresOnline>
      <inheritedByDefault>true</inheritedByDefault>
      <implementation>org.codehaus.mojo.solaris.PackagePkgMojo</implementation>
      <language>java</language>
      <instantiationStrategy>per-lookup</instantiationStrategy>
      <executionStrategy>once-per-session</executionStrategy>
      <parameters>
        <parameter>
          <name>basedir</name>
          <type>java.io.File</type>
          <required>true</required>
          <editable>true</editable>
          <description>The base directory for all command line executions and relative paths.</description>
        </parameter>
        <parameter>
          <name>packageRoot</name>
          <type>java.io.File</type>
          <required>true</required>
          <editable>true</editable>
          <description>There directory where &lt;code&gt;pkgmk&lt;/code&gt; and &lt;code&gt;pkgtrans&lt;/code&gt; will be executed. All files that are to be
a part of the package has to be in this directory before the prototype file is generated.</description>
        </parameter>
        <parameter>
          <name>project</name>
          <type>org.apache.maven.project.MavenProject</type>
          <required>true</required>
          <editable>true</editable>
          <description>The resulting &lt;code&gt;pkg&lt;/code&gt; file will be attached to this project as its primary artifact.</description>
        </parameter>
        <parameter>
          <name>solarisDir</name>
          <type>java.io.File</type>
          <required>true</required>
          <editable>true</editable>
          <description>The directory where all temporary files are placed.</description>
        </parameter>
      </parameters>
      <configuration>
        <solarisDir implementation="java.io.File">${project.build.directory}/solaris</solarisDir>
        <project implementation="org.apache.maven.project.MavenProject">${project}</project>
        <packageRoot implementation="java.io.File">${project.build.directory}/solaris/assembled-pkg</packageRoot>
        <basedir implementation="java.io.File">${basedir}</basedir>
      </configuration>
      <requirements>
        <requirement>
          <role>org.apache.maven.project.MavenProjectHelper</role>
          <field-name>mavenProjectHelper</field-name>
        </requirement>
      </requirements>
    </mojo>
    <mojo>
      <goal>resources</goal>
      <description>Copies System V-specific resources.

This goal will copy the following files from &lt;code&gt;src/main/solaris&lt;/code&gt;:
&lt;ul&gt;
&lt;li&gt;
&lt;code&gt;pkginfo&lt;/code&gt; - The pkginfo file will be read and these values will be interpolated:
&lt;ul&gt;
&lt;li&gt;${project.artifactId}&lt;/li&gt;
&lt;li&gt;${project.version}&lt;/li&gt;
&lt;li&gt;${project.name}&lt;/li&gt;
&lt;li&gt;${project.descriptiond}&lt;/li&gt;
&lt;/ul&gt;
&lt;/li&gt;
&lt;li&gt;
&lt;code&gt;prototype&lt;/code&gt; - The prototype file will be copied to the directory specified by &lt;code&gt;packageRoot&lt;/code&gt;.
&lt;/li&gt;
&lt;/ul&gt;</description>
      <requiresDirectInvocation>false</requiresDirectInvocation>
      <requiresProject>true</requiresProject>
      <requiresReports>false</requiresReports>
      <aggregator>false</aggregator>
      <requiresOnline>false</requiresOnline>
      <inheritedByDefault>true</inheritedByDefault>
      <implementation>org.codehaus.mojo.solaris.ResourcesMojo</implementation>
      <language>java</language>
      <instantiationStrategy>per-lookup</instantiationStrategy>
      <executionStrategy>once-per-session</executionStrategy>
      <parameters>
        <parameter>
          <name>artifactId</name>
          <type>java.lang.String</type>
          <required>false</required>
          <editable>true</editable>
          <description>The artifact id of the project. Will be used when interpolating the &lt;code&gt;pkginfo&lt;/code&gt; file.</description>
        </parameter>
        <parameter>
          <name>description</name>
          <type>java.lang.String</type>
          <required>false</required>
          <editable>true</editable>
          <description>The description of the project. Will be used when interpolating the &lt;code&gt;pkginfo&lt;/code&gt; file.</description>
        </parameter>
        <parameter>
          <name>name</name>
          <type>java.lang.String</type>
          <required>false</required>
          <editable>true</editable>
          <description>The name of the project. Will be used when interpolating the &lt;code&gt;pkginfo&lt;/code&gt; file.</description>
        </parameter>
        <parameter>
          <name>packageRoot</name>
          <type>java.io.File</type>
          <required>true</required>
          <editable>true</editable>
          <description>There directory where &lt;code&gt;pkgmk&lt;/code&gt; and &lt;code&gt;pkgtrans&lt;/code&gt; will be executed. All files that are to be
a part of the package has to be in this directory before the prototype file is generated.</description>
        </parameter>
        <parameter>
          <name>pkginfo</name>
          <type>java.io.File</type>
          <required>true</required>
          <editable>true</editable>
          <description>The &lt;code&gt;pkginfo&lt;/code&gt; file to interpolate and copy.</description>
        </parameter>
        <parameter>
          <name>properties</name>
          <type>java.util.Properties</type>
          <required>false</required>
          <editable>true</editable>
          <description>Additional properties to be used when interpolating the &lt;code&gt;pkginfo&lt;/code&gt; file.</description>
        </parameter>
        <parameter>
          <name>prototype</name>
          <type>java.io.File</type>
          <required>true</required>
          <editable>true</editable>
          <description>The &lt;code&gt;prototype&lt;/code&gt; file to copy.</description>
        </parameter>
        <parameter>
          <name>version</name>
          <type>java.lang.String</type>
          <required>false</required>
          <editable>true</editable>
          <description>The version of the project. Will be used when interpolating the &lt;code&gt;pkginfo&lt;/code&gt; file.</description>
        </parameter>
      </parameters>
      <configuration>
        <prototype implementation="java.io.File">src/main/solaris/prototype</prototype>
        <description implementation="java.lang.String">${project.description}</description>
        <pkginfo implementation="java.io.File">src/main/solaris/pkginfo</pkginfo>
        <packageRoot implementation="java.io.File">${project.build.directory}/solaris/assembled-pkg</packageRoot>
        <name implementation="java.lang.String">${project.name}</name>
        <version implementation="java.lang.String">${project.version}</version>
        <artifactId implementation="java.lang.String">${project.artifactId}</artifactId>
      </configuration>
    </mojo>
  </mojos>
  <dependencies/>
</plugin>