<plugin>
  <description>Execute SQL Statements</description>
  <groupId>org.codehaus.mojo</groupId>
  <artifactId>sql-maven-plugin</artifactId>
  <version>1.0-beta-2</version>
  <goalPrefix>sql</goalPrefix>
  <isolatedRealm>false</isolatedRealm>
  <inheritedByDefault>true</inheritedByDefault>
  <mojos>
    <mojo>
      <goal>execute</goal>
      <description>Executes SQL against a database</description>
      <requiresDirectInvocation>false</requiresDirectInvocation>
      <requiresProject>true</requiresProject>
      <requiresReports>false</requiresReports>
      <aggregator>false</aggregator>
      <requiresOnline>false</requiresOnline>
      <inheritedByDefault>true</inheritedByDefault>
      <implementation>org.codehaus.mojo.sql.SqlExecMojo</implementation>
      <language>java</language>
      <instantiationStrategy>per-lookup</instantiationStrategy>
      <executionStrategy>once-per-session</executionStrategy>
      <parameters>
        <parameter>
          <name>autocommit</name>
          <type>boolean</type>
          <required>false</required>
          <editable>true</editable>
          <description>Set to true to execute none-transactional SQL</description>
        </parameter>
        <parameter>
          <name>delimiter</name>
          <type>java.lang.String</type>
          <required>false</required>
          <editable>true</editable>
          <description>SQL Statement delimiter</description>
        </parameter>
        <parameter>
          <name>driver</name>
          <type>java.lang.String</type>
          <required>true</required>
          <editable>true</editable>
          <description>Database driver classname</description>
        </parameter>
        <parameter>
          <name>fileset</name>
          <type>org.codehaus.mojo.sql.Fileset</type>
          <required>false</required>
          <editable>true</editable>
          <description>File(s) containing SQL statements to load</description>
        </parameter>
        <parameter>
          <name>onError</name>
          <type>java.lang.String</type>
          <required>false</required>
          <editable>true</editable>
          <description>Action to perform if an error is found (&quot;abort&quot; or &quot;continue&quot;)</description>
        </parameter>
        <parameter>
          <name>password</name>
          <type>java.lang.String</type>
          <required>false</required>
          <editable>true</editable>
          <description>Database password. If not given, it will be looked up through settings.xml&apos;s server with ${settingsKey} as key</description>
        </parameter>
        <parameter>
          <name>settings</name>
          <type>org.apache.maven.settings.Settings</type>
          <required>true</required>
          <editable>false</editable>
          <description></description>
        </parameter>
        <parameter>
          <name>settingsKey</name>
          <type>java.lang.String</type>
          <required>false</required>
          <editable>true</editable>
          <description>Server&apos;s id in settings.xml to look up username and password. Default to ${url} if not given.</description>
        </parameter>
        <parameter>
          <name>sqlCommand</name>
          <type>java.lang.String</type>
          <required>false</required>
          <editable>true</editable>
          <description>SQL input commands separated by ${delimiter}</description>
        </parameter>
        <parameter>
          <name>srcFile</name>
          <type>java.io.File</type>
          <deprecated>use srcFiles instead</deprecated>
          <required>false</required>
          <editable>true</editable>
          <description>A single file containing SQL statements to load</description>
        </parameter>
        <parameter>
          <name>srcFiles</name>
          <type>java.io.File</type>
          <required>false</required>
          <editable>true</editable>
          <description>List of files containing SQL statements to load</description>
        </parameter>
        <parameter>
          <name>url</name>
          <type>java.lang.String</type>
          <required>true</required>
          <editable>true</editable>
          <description>Database URL</description>
        </parameter>
        <parameter>
          <name>username</name>
          <type>java.lang.String</type>
          <required>false</required>
          <editable>true</editable>
          <description>Database username. If not given, it will be looked up through settings.xml&apos;s server with ${settingsKey} as key</description>
        </parameter>
      </parameters>
      <configuration>
        <password implementation="java.lang.String">${password}</password>
        <delimiter implementation="java.lang.String" default-value=";">${delimiter}</delimiter>
        <settings implementation="org.apache.maven.settings.Settings">${settings}</settings>
        <srcFile implementation="java.io.File">${srcFile}</srcFile>
        <sqlCommand implementation="java.lang.String" default-value="">${sqlCommand}</sqlCommand>
        <autocommit implementation="boolean" default-value="false">${autocommit}</autocommit>
        <username implementation="java.lang.String">${username}</username>
        <url implementation="java.lang.String">${url}</url>
        <settingsKey implementation="java.lang.String">${settingsKey}</settingsKey>
        <onError implementation="java.lang.String" default-value="abort">${onError}</onError>
        <driver implementation="java.lang.String">${driver}</driver>
      </configuration>
    </mojo>
  </mojos>
  <dependencies/>
</plugin>