<plugin>
  <description></description>
  <groupId>org.codehaus.mojo</groupId>
  <artifactId>xdoclet-maven-plugin</artifactId>
  <version>1.0-alpha-2</version>
  <goalPrefix>xdoclet</goalPrefix>
  <isolatedRealm>false</isolatedRealm>
  <inheritedByDefault>true</inheritedByDefault>
  <mojos>
    <mojo>
      <goal>xdoclet</goal>
      <description>XDoclet Maven Plugin</description>
      <requiresDependencyResolution>compile</requiresDependencyResolution>
      <requiresDirectInvocation>false</requiresDirectInvocation>
      <requiresProject>true</requiresProject>
      <requiresReports>false</requiresReports>
      <aggregator>false</aggregator>
      <requiresOnline>false</requiresOnline>
      <inheritedByDefault>true</inheritedByDefault>
      <phase>generate-sources</phase>
      <implementation>org.codehaus.mojo.xdoclet.XDocletMojo</implementation>
      <language>java</language>
      <configurator>override</configurator>
      <instantiationStrategy>per-lookup</instantiationStrategy>
      <executionStrategy>once-per-session</executionStrategy>
      <parameters>
        <parameter>
          <name>classRealm</name>
          <type>org.codehaus.classworlds.ClassRealm</type>
          <required>false</required>
          <editable>false</editable>
          <description></description>
        </parameter>
        <parameter>
          <name>generatedSourcesDirectory</name>
          <type>java.lang.String</type>
          <required>true</required>
          <editable>true</editable>
          <description></description>
        </parameter>
        <parameter>
          <name>project</name>
          <type>org.apache.maven.project.MavenProject</type>
          <required>true</required>
          <editable>false</editable>
          <description></description>
        </parameter>
        <parameter>
          <name>sourceDirectory</name>
          <type>java.lang.String</type>
          <required>true</required>
          <editable>false</editable>
          <description></description>
        </parameter>
        <parameter>
          <name>tasks</name>
          <type>org.apache.tools.ant.Target</type>
          <required>false</required>
          <editable>true</editable>
          <description></description>
        </parameter>
      </parameters>
      <configuration>
        <sourceDirectory implementation="java.lang.String">${basedir}/src/main/java</sourceDirectory>
        <classRealm implementation="org.codehaus.classworlds.ClassRealm">${dummyExpression}</classRealm>
        <project implementation="org.apache.maven.project.MavenProject">${project}</project>
        <generatedSourcesDirectory implementation="java.lang.String">${project.build.directory}/generated-sources/xdoclet</generatedSourcesDirectory>
        <tasks implementation="org.apache.tools.ant.Target">${tasks}</tasks>
      </configuration>
    </mojo>
  </mojos>
  <dependencies/>
</plugin>