<plugin>
  <description>A plugin for various XML related tasks like validation, transformation, and the like.</description>
  <groupId>org.codehaus.mojo</groupId>
  <artifactId>xml-maven-plugin</artifactId>
  <version>1.0-beta-2</version>
  <goalPrefix>xml</goalPrefix>
  <isolatedRealm>false</isolatedRealm>
  <inheritedByDefault>true</inheritedByDefault>
  <mojos>
    <mojo>
      <goal>transform</goal>
      <description>The TransformMojo is used for transforming a set of files using a common stylesheet.</description>
      <requiresDirectInvocation>false</requiresDirectInvocation>
      <requiresProject>true</requiresProject>
      <requiresReports>false</requiresReports>
      <aggregator>false</aggregator>
      <requiresOnline>false</requiresOnline>
      <inheritedByDefault>true</inheritedByDefault>
      <phase>generate-resources</phase>
      <implementation>org.codehaus.mojo.xml.TransformMojo</implementation>
      <language>java</language>
      <instantiationStrategy>per-lookup</instantiationStrategy>
      <executionStrategy>once-per-session</executionStrategy>
      <parameters>
        <parameter>
          <name>basedir</name>
          <type>java.io.File</type>
          <required>true</required>
          <editable>false</editable>
          <description>The base directory, relative to which directory names are
interpreted.</description>
        </parameter>
        <parameter>
          <name>catalogs</name>
          <type>java.io.File[]</type>
          <required>false</required>
          <editable>true</editable>
          <description>An XML catalog file, which is being used to resolve
entities.</description>
        </parameter>
        <parameter>
          <name>forceCreation</name>
          <type>boolean</type>
          <required>false</required>
          <editable>true</editable>
          <description>Whether creating the transformed files should be forced.</description>
        </parameter>
        <parameter>
          <name>project</name>
          <type>org.apache.maven.project.MavenProject</type>
          <required>true</required>
          <editable>false</editable>
          <description></description>
        </parameter>
        <parameter>
          <name>settings</name>
          <type>org.apache.maven.settings.Settings</type>
          <required>true</required>
          <editable>false</editable>
          <description>The system settings for Maven. This is the instance resulting from
merging global- and user-level settings files.</description>
        </parameter>
        <parameter>
          <name>transformationSets</name>
          <type>org.codehaus.mojo.xml.transformer.TransformationSet[]</type>
          <required>false</required>
          <editable>true</editable>
          <description>Specifies one or more sets of files, which are being
transformed.</description>
        </parameter>
      </parameters>
      <configuration>
        <project implementation="org.apache.maven.project.MavenProject">${project}</project>
        <forceCreation implementation="boolean" default-value="false">${xml.forceCreation}</forceCreation>
        <settings implementation="org.apache.maven.settings.Settings">${settings}</settings>
        <basedir implementation="java.io.File">${basedir}</basedir>
      </configuration>
    </mojo>
    <mojo>
      <goal>validate</goal>
      <description>The ValidatorMojo&apos;s task is the validation of XML files against a given schema.</description>
      <requiresDirectInvocation>false</requiresDirectInvocation>
      <requiresProject>true</requiresProject>
      <requiresReports>false</requiresReports>
      <aggregator>false</aggregator>
      <requiresOnline>false</requiresOnline>
      <inheritedByDefault>true</inheritedByDefault>
      <phase>test</phase>
      <implementation>org.codehaus.mojo.xml.ValidateMojo</implementation>
      <language>java</language>
      <instantiationStrategy>per-lookup</instantiationStrategy>
      <executionStrategy>once-per-session</executionStrategy>
      <parameters>
        <parameter>
          <name>basedir</name>
          <type>java.io.File</type>
          <required>true</required>
          <editable>false</editable>
          <description>The base directory, relative to which directory names are
interpreted.</description>
        </parameter>
        <parameter>
          <name>catalogs</name>
          <type>java.io.File[]</type>
          <required>false</required>
          <editable>true</editable>
          <description>An XML catalog file, which is being used to resolve
entities.</description>
        </parameter>
        <parameter>
          <name>project</name>
          <type>org.apache.maven.project.MavenProject</type>
          <required>true</required>
          <editable>false</editable>
          <description></description>
        </parameter>
        <parameter>
          <name>settings</name>
          <type>org.apache.maven.settings.Settings</type>
          <required>true</required>
          <editable>false</editable>
          <description>The system settings for Maven. This is the instance resulting from
merging global- and user-level settings files.</description>
        </parameter>
        <parameter>
          <name>validationSets</name>
          <type>org.codehaus.mojo.xml.validation.ValidationSet[]</type>
          <required>false</required>
          <editable>true</editable>
          <description>Specifies a set of document types, which are being
validated.</description>
        </parameter>
      </parameters>
      <configuration>
        <project implementation="org.apache.maven.project.MavenProject">${project}</project>
        <settings implementation="org.apache.maven.settings.Settings">${settings}</settings>
        <basedir implementation="java.io.File">${basedir}</basedir>
      </configuration>
    </mojo>
  </mojos>
  <dependencies/>
</plugin>