<plugin>
  <description>Invoke the Cecilia ADL Launcher with a Maven plugin, with the possibility of configuring various parameters
		of the toolchain.</description>
  <groupId>org.objectweb.fractal.cecilia.toolchain</groupId>
  <artifactId>maven-ceciliaadl-plugin</artifactId>
  <version>2.0-alpha-1</version>
  <goalPrefix>ceciliaadl</goalPrefix>
  <isolatedRealm>false</isolatedRealm>
  <inheritedByDefault>true</inheritedByDefault>
  <mojos>
    <mojo>
      <goal>compile</goal>
      <description>A simple mojo which allows invoking the &lt;strong&gt;Cecilia ADL Toolchain&lt;/strong&gt;
passing some configuration.

The invocation will happen in the same VM which runs the MOJO.</description>
      <requiresDirectInvocation>false</requiresDirectInvocation>
      <requiresProject>true</requiresProject>
      <requiresReports>false</requiresReports>
      <aggregator>false</aggregator>
      <requiresOnline>false</requiresOnline>
      <inheritedByDefault>true</inheritedByDefault>
      <implementation>org.objectweb.fractal.cecilia.adl.maven.plugin.CeciliaAdlMojo</implementation>
      <language>java</language>
      <instantiationStrategy>per-lookup</instantiationStrategy>
      <executionStrategy>once-per-session</executionStrategy>
      <parameters>
        <parameter>
          <name>adl</name>
          <type>java.lang.String</type>
          <required>false</required>
          <editable>true</editable>
          <description>The fully qualified name of the component ADL definition to compile.</description>
        </parameter>
        <parameter>
          <name>arguments</name>
          <type>java.util.List</type>
          <required>false</required>
          <editable>true</editable>
          <description></description>
        </parameter>
        <parameter>
          <name>outDir</name>
          <type>java.lang.String</type>
          <required>false</required>
          <editable>true</editable>
          <description>The output directory for the files produced by Cecilia ADL.</description>
        </parameter>
        <parameter>
          <name>project</name>
          <type>org.apache.maven.project.MavenProject</type>
          <required>true</required>
          <editable>true</editable>
          <description>The Maven project reference.</description>
        </parameter>
      </parameters>
      <configuration>
        <project implementation="org.apache.maven.project.MavenProject">${project}</project>
        <outDir implementation="java.lang.String">${project.build.directory}/build</outDir>
      </configuration>
    </mojo>
  </mojos>
  <dependencies>
    <dependency>
      <groupId>org.apache.maven</groupId>
      <artifactId>maven-project</artifactId>
      <type>jar</type>
      <version>2.0</version>
    </dependency>
    <dependency>
      <groupId>org.apache.maven</groupId>
      <artifactId>maven-profile</artifactId>
      <type>jar</type>
      <version>2.0</version>
    </dependency>
    <dependency>
      <groupId>org.apache.maven</groupId>
      <artifactId>maven-model</artifactId>
      <type>jar</type>
      <version>2.0</version>
    </dependency>
    <dependency>
      <groupId>org.codehaus.plexus</groupId>
      <artifactId>plexus-utils</artifactId>
      <type>jar</type>
      <version>1.0.4</version>
    </dependency>
    <dependency>
      <groupId>org.codehaus.plexus</groupId>
      <artifactId>plexus-container-default</artifactId>
      <type>jar</type>
      <version>1.0-alpha-8</version>
    </dependency>
    <dependency>
      <groupId>junit</groupId>
      <artifactId>junit</artifactId>
      <type>jar</type>
      <version>3.8.1</version>
    </dependency>
    <dependency>
      <groupId>classworlds</groupId>
      <artifactId>classworlds</artifactId>
      <type>jar</type>
      <version>1.1-alpha-2</version>
    </dependency>
    <dependency>
      <groupId>org.apache.maven</groupId>
      <artifactId>maven-artifact-manager</artifactId>
      <type>jar</type>
      <version>2.0</version>
    </dependency>
    <dependency>
      <groupId>org.apache.maven</groupId>
      <artifactId>maven-repository-metadata</artifactId>
      <type>jar</type>
      <version>2.0</version>
    </dependency>
    <dependency>
      <groupId>org.apache.maven</groupId>
      <artifactId>maven-artifact</artifactId>
      <type>jar</type>
      <version>2.0</version>
    </dependency>
    <dependency>
      <groupId>org.apache.maven.wagon</groupId>
      <artifactId>wagon-provider-api</artifactId>
      <type>jar</type>
      <version>1.0-alpha-5</version>
    </dependency>
    <dependency>
      <groupId>org.objectweb.fractal.cecilia.toolchain</groupId>
      <artifactId>cecilia-adl</artifactId>
      <type>jar</type>
      <version>2.0-alpha-1</version>
    </dependency>
    <dependency>
      <groupId>org.objectweb.fractal.julia</groupId>
      <artifactId>julia-asm</artifactId>
      <type>jar</type>
      <version>2.5.2</version>
    </dependency>
    <dependency>
      <groupId>org.objectweb.monolog</groupId>
      <artifactId>monolog</artifactId>
      <type>jar</type>
      <version>1.8</version>
    </dependency>
    <dependency>
      <groupId>org.objectweb.fractal</groupId>
      <artifactId>fractal-api</artifactId>
      <type>jar</type>
      <version>2.0.2</version>
    </dependency>
    <dependency>
      <groupId>asm</groupId>
      <artifactId>asm</artifactId>
      <type>jar</type>
      <version>3.0</version>
    </dependency>
    <dependency>
      <groupId>org.objectweb.fractal.julia</groupId>
      <artifactId>julia-runtime</artifactId>
      <type>jar</type>
      <version>2.5.2</version>
    </dependency>
    <dependency>
      <groupId>org.objectweb.fractal.cecilia.toolchain</groupId>
      <artifactId>idl-parser</artifactId>
      <type>jar</type>
      <version>2.0-alpha-1</version>
    </dependency>
    <dependency>
      <groupId>org.objectweb.fractal.fractaladl</groupId>
      <artifactId>ast-core</artifactId>
      <type>jar</type>
      <version>2.2</version>
    </dependency>
    <dependency>
      <groupId>dtdparser</groupId>
      <artifactId>dtdparser</artifactId>
      <type>jar</type>
      <version>1.21</version>
    </dependency>
    <dependency>
      <groupId>org.objectweb.fractal.cecilia.toolchain</groupId>
      <artifactId>task-codegen</artifactId>
      <type>jar</type>
      <version>2.0-alpha-1</version>
    </dependency>
    <dependency>
      <groupId>org.objectweb.fractal.fractaladl</groupId>
      <artifactId>task-framework</artifactId>
      <type>jar</type>
      <version>2.2</version>
    </dependency>
    <dependency>
      <groupId>org.apache.ant</groupId>
      <artifactId>ant</artifactId>
      <type>jar</type>
      <version>1.7.0</version>
    </dependency>
    <dependency>
      <groupId>org.apache.ant</groupId>
      <artifactId>ant-launcher</artifactId>
      <type>jar</type>
      <version>1.7.0</version>
    </dependency>
    <dependency>
      <groupId>org.objectweb.fractal.fractaladl</groupId>
      <artifactId>fractal-adl</artifactId>
      <type>jar</type>
      <version>2.2</version>
    </dependency>
    <dependency>
      <groupId>org.objectweb.fractal</groupId>
      <artifactId>fractal-util</artifactId>
      <type>jar</type>
      <version>1.0</version>
    </dependency>
    <dependency>
      <groupId>org.objectweb.monolog</groupId>
      <artifactId>monolog-api</artifactId>
      <type>jar</type>
      <version>1.8</version>
    </dependency>
    <dependency>
      <groupId>org.objectweb.fractal.fractaladl</groupId>
      <artifactId>task-deployment</artifactId>
      <type>jar</type>
      <version>2.2</version>
    </dependency>
    <dependency>
      <groupId>org.objectweb.fractal.julia</groupId>
      <artifactId>julia-mixins</artifactId>
      <type>jar</type>
      <version>2.5.2</version>
    </dependency>
    <dependency>
      <groupId>org.objectweb.fractal.cecilia.toolchain</groupId>
      <artifactId>plugin-framework</artifactId>
      <type>jar</type>
      <version>2.0-alpha-1</version>
    </dependency>
    <dependency>
      <groupId>org.objectweb.fractal.cecilia.toolchain</groupId>
      <artifactId>task-component</artifactId>
      <type>jar</type>
      <version>2.0-alpha-1</version>
    </dependency>
    <dependency>
      <groupId>org.apache.maven</groupId>
      <artifactId>maven-plugin-api</artifactId>
      <type>jar</type>
      <version>2.0</version>
    </dependency>
  </dependencies>
</plugin>