<plugin>
  <description>Invoke the Cecilia ADL Launcher with a Maven plugin, with the possibility of configuring various parameters
		of the toolchain.</description>
  <groupId>org.objectweb.fractal.cecilia.toolchain</groupId>
  <artifactId>maven-ceciliaadl-plugin</artifactId>
  <version>1.0</version>
  <goalPrefix>ceciliaadl</goalPrefix>
  <isolatedRealm>false</isolatedRealm>
  <inheritedByDefault>true</inheritedByDefault>
  <mojos>
    <mojo>
      <goal>compile</goal>
      <description>A simple mojo which allows invoking the &lt;strong&gt;Cecilia ADL Toolchain&lt;/strong&gt;
passing some configuration.

The invocation will happen in the same VM which runs the MOJO.</description>
      <requiresDirectInvocation>false</requiresDirectInvocation>
      <requiresProject>true</requiresProject>
      <requiresReports>false</requiresReports>
      <aggregator>false</aggregator>
      <requiresOnline>false</requiresOnline>
      <inheritedByDefault>true</inheritedByDefault>
      <implementation>org.objectweb.fractal.cecilia.adl.maven.plugin.CeciliaAdlMojo</implementation>
      <language>java</language>
      <instantiationStrategy>per-lookup</instantiationStrategy>
      <executionStrategy>once-per-session</executionStrategy>
      <parameters>
        <parameter>
          <name>adl</name>
          <type>java.lang.String</type>
          <required>false</required>
          <editable>true</editable>
          <description>The fully qualified name of the component ADL definition to compile.</description>
        </parameter>
        <parameter>
          <name>arguments</name>
          <type>java.util.List</type>
          <required>false</required>
          <editable>true</editable>
          <description></description>
        </parameter>
        <parameter>
          <name>outDir</name>
          <type>java.lang.String</type>
          <required>false</required>
          <editable>true</editable>
          <description>The output directory for the files produced by Cecilia ADL.</description>
        </parameter>
        <parameter>
          <name>project</name>
          <type>org.apache.maven.project.MavenProject</type>
          <required>true</required>
          <editable>true</editable>
          <description>The Maven project reference.</description>
        </parameter>
      </parameters>
      <configuration>
        <project implementation="org.apache.maven.project.MavenProject">${project}</project>
        <outDir implementation="java.lang.String">${project.build.directory}/build</outDir>
      </configuration>
    </mojo>
  </mojos>
  <dependencies/>
</plugin>