<plugin>
  <description>This plugin generates JBoss Service Archive (sar) files.</description>
  <groupId>net.sf.maven-sar</groupId>
  <artifactId>maven-sar-plugin</artifactId>
  <version>1.0</version>
  <goalPrefix>sar</goalPrefix>
  <isolatedRealm>false</isolatedRealm>
  <inheritedByDefault>true</inheritedByDefault>
  <mojos>
    <mojo>
      <goal>sar</goal>
      <description>Creates a Service Archive.</description>
      <requiresDependencyResolution>runtime</requiresDependencyResolution>
      <requiresDirectInvocation>false</requiresDirectInvocation>
      <requiresProject>true</requiresProject>
      <requiresReports>false</requiresReports>
      <aggregator>false</aggregator>
      <requiresOnline>false</requiresOnline>
      <inheritedByDefault>true</inheritedByDefault>
      <phase>package</phase>
      <implementation>net.sf.mavensar.SarMojo</implementation>
      <language>java</language>
      <instantiationStrategy>per-lookup</instantiationStrategy>
      <executionStrategy>once-per-session</executionStrategy>
      <parameters>
        <parameter>
          <name>archiveConfig</name>
          <type>org.apache.maven.archiver.MavenArchiveConfiguration</type>
          <required>false</required>
          <editable>true</editable>
          <description>Archive Configuration.</description>
        </parameter>
        <parameter>
          <name>classesDir</name>
          <type>java.io.File</type>
          <required>true</required>
          <editable>true</editable>
          <description>Directory containing the classes (usually target/classes).</description>
        </parameter>
        <parameter>
          <name>classifier</name>
          <type>java.lang.String</type>
          <required>false</required>
          <editable>true</editable>
          <description>Classifier to add to the artifact generated.</description>
        </parameter>
        <parameter>
          <name>project</name>
          <type>org.apache.maven.project.MavenProject</type>
          <required>true</required>
          <editable>false</editable>
          <description>The Project.</description>
        </parameter>
        <parameter>
          <name>targetDir</name>
          <type>java.io.File</type>
          <required>true</required>
          <editable>true</editable>
          <description>Directory where the sar file should be written to.</description>
        </parameter>
        <parameter>
          <name>targetFile</name>
          <type>java.lang.String</type>
          <required>true</required>
          <editable>true</editable>
          <description>Name of the generated SAR (without the &quot;.sar&quot; extension).</description>
        </parameter>
      </parameters>
      <configuration>
        <targetDir implementation="java.io.File">${project.build.directory}</targetDir>
        <project implementation="org.apache.maven.project.MavenProject">${project}</project>
        <targetFile implementation="java.lang.String">${project.build.finalName}</targetFile>
        <classesDir implementation="java.io.File">${project.build.outputDirectory}</classesDir>
      </configuration>
      <requirements>
        <requirement>
          <role>org.apache.maven.project.MavenProjectHelper</role>
          <field-name>helper</field-name>
        </requirement>
        <requirement>
          <role>org.codehaus.plexus.archiver.Archiver</role>
          <role-hint>jar</role-hint>
          <field-name>jarArchiver</field-name>
        </requirement>
      </requirements>
    </mojo>
  </mojos>
  <dependencies/>
</plugin>