<plugin>
  <description>plugin for vraptor to create vraptor.xml file from vraptor annotations</description>
  <groupId>org.vraptor</groupId>
  <artifactId>vatx</artifactId>
  <version>1.0</version>
  <goalPrefix>vatx</goalPrefix>
  <isolatedRealm>false</isolatedRealm>
  <inheritedByDefault>true</inheritedByDefault>
  <mojos>
    <mojo>
      <goal>translate</goal>
      <description>Goal which translates annotations into a new vraptor xml file.</description>
      <requiresDirectInvocation>false</requiresDirectInvocation>
      <requiresProject>true</requiresProject>
      <requiresReports>false</requiresReports>
      <aggregator>false</aggregator>
      <requiresOnline>false</requiresOnline>
      <inheritedByDefault>true</inheritedByDefault>
      <phase>compile</phase>
      <implementation>org.vraptor.atx.AnnotationsToXmlMojo</implementation>
      <language>java</language>
      <instantiationStrategy>per-lookup</instantiationStrategy>
      <executionStrategy>once-per-session</executionStrategy>
      <parameters>
        <parameter>
          <name>outputDirectory</name>
          <type>java.io.File</type>
          <required>true</required>
          <editable>true</editable>
          <description>Location of the file.</description>
        </parameter>
      </parameters>
      <configuration>
        <outputDirectory implementation="java.io.File">${project.build.directory}/classes</outputDirectory>
      </configuration>
    </mojo>
  </mojos>
  <dependencies>
    <dependency>
      <groupId>asm</groupId>
      <artifactId>asm</artifactId>
      <type>jar</type>
      <version>3.0_RC1</version>
    </dependency>
    <dependency>
      <groupId>asm</groupId>
      <artifactId>asm-tree</artifactId>
      <type>jar</type>
      <version>3.0_RC1</version>
    </dependency>
    <dependency>
      <groupId>org.apache.maven</groupId>
      <artifactId>maven-plugin-api</artifactId>
      <type>jar</type>
      <version>2.0</version>
    </dependency>
    <dependency>
      <groupId>asm</groupId>
      <artifactId>asm-util</artifactId>
      <type>jar</type>
      <version>3.0_RC1</version>
    </dependency>
  </dependencies>
</plugin>