<?xml version="1.0" encoding="UTF-8"?>
<!--
 The contents of this file are subject to the terms of the Common Development
 and Distribution License (the License). You may not use this file except in
 compliance with the License.
 
 You can obtain a copy of the License at http://www.netbeans.org/cddl.html
 or http://www.netbeans.org/cddl.txt.
 
 When distributing Covered Code, include this CDDL Header Notice in each file
 and include the License file at http://www.netbeans.org/cddl.txt.
 If applicable, add the following below the CDDL Header, with the fields
 enclosed by brackets [] replaced by your own identifying information:
 "Portions Copyrighted [year] [name of copyright owner]"
 
 The Original Software is NetBeans. The Initial Developer of the Original
 Software is Sun Microsystems, Inc. Portions Copyright 1997-2007 Sun
 Microsystems, Inc. All Rights Reserved.
-->

<?xml-stylesheet type="text/xml" href="http://openide.netbeans.org/fs/filesystem.xsl"?>
<!DOCTYPE filesystem PUBLIC "-//NetBeans//DTD Filesystem 1.1//EN" "http://www.netbeans.org/dtds/filesystem-1_1.dtd">
<filesystem>
    <folder name="Templates">
        <folder name="Project">
            <folder name="SOA">
                <attr name="SystemFileSystem.localizingBundle" stringvalue="org.netbeans.modules.etl.project.ui.wizards.Bundle"/>
                <attr name="instantiatingWizardURL" urlvalue="nbresloc:/org/netbeans/modules/etl/project/ui/resources/etlpro.html"/>

                <!-- Add template for the J2SE project -->
                <file name="emptyEtlpro.xml">
                    <attr name="position" intvalue="300"/>
                    <attr name="template" boolvalue="true"/>
                    <attr name="templateWizardIterator" newvalue="org.netbeans.modules.etl.project.ui.wizards.NewEtlproProjectWizardIterator"/>
                    <attr name="SystemFileSystem.localizingBundle" stringvalue="org.netbeans.modules.etl.project.ui.wizards.Bundle"/>
                    <attr name="SystemFileSystem.icon" urlvalue="nbresloc:/org/netbeans/modules/etl/project/ui/resources/etlproProjectIcon.gif"/>
                    <attr name="templateWizardURL" urlvalue="nbresloc:/org/netbeans/modules/etl/project/ui/resources/emptyProject.html"/>
                </file>
            </folder>
        </folder>
    </folder>
    <folder name="org-netbeans-modules-etl-project">
        <file name="etlmap.xml" url="etlmap.xml"/>
        <file name="genPortmap.xsl" url="genPortmap.xsl"/>
        <file name="untitled.etl" url="untitled.etl"/>
    </folder>

    <folder name="SeeBeyondJbiComponents">
        <!-- JBI Component -->
        <file name="com.sun.etlse">
            <attr name="id" stringvalue="sun-etl-engine"/>
            <attr name="description" stringvalue="This is a etl service engine."/>
            <attr name="type" stringvalue="Engine"/>
        </file>
    </folder>
</filesystem>
