<plugin>
  <description>AppFuse is a project that helps you start developing an application quickly.
        It takes care of integrating many open source projects for you. For example:
        Spring, Hibernate, Maven, MySQL and Struts. In addition to Hibernate, you
        can also use JPA or iBATIS as your backend. For your web framework, you
        can choose between Struts 2, JSF, Spring MVC and Tapestry. Test-first
        development is promoted when using AppFuse, and all the infrastructure
        is in place to do integration testing, unit/mock testing, as well as UI
        testing. Features include Authentication (using Acegi Security),
        Remember Me, Self Registration, Password Hint and GZip Compression.
        The fuse to start your apps.</description>
  <groupId>org.appfuse</groupId>
  <artifactId>maven-warpath-plugin</artifactId>
  <version>2.0</version>
  <goalPrefix>warpath</goalPrefix>
  <isolatedRealm>false</isolatedRealm>
  <inheritedByDefault>true</inheritedByDefault>
  <mojos>
    <mojo>
      <goal>add-classes</goal>
      <description>&lt;p&gt;
Allows war artifacts to be used as fully fledged dependencies by including the WEB-INF/classes
directory on the compile classpath.
&lt;/p&gt;

&lt;p&gt;
It does this by creating a &amp;quot;fake&amp;quot; dependency on the project
that points to the jar&apos;ed contents of the WEB-INF/classes directory of any war file included on the project
as a dependency of type warpath. The introduced dependency has scope system to prevent it being included in
war files.
&lt;/p&gt;</description>
      <requiresDependencyResolution>compile</requiresDependencyResolution>
      <requiresDirectInvocation>false</requiresDirectInvocation>
      <requiresProject>true</requiresProject>
      <requiresReports>false</requiresReports>
      <aggregator>false</aggregator>
      <requiresOnline>false</requiresOnline>
      <inheritedByDefault>true</inheritedByDefault>
      <phase>generate-sources</phase>
      <implementation>org.appfuse.AddClassesMojo</implementation>
      <language>java</language>
      <instantiationStrategy>per-lookup</instantiationStrategy>
      <executionStrategy>once-per-session</executionStrategy>
      <parameters>
        <parameter>
          <name>project</name>
          <type>org.apache.maven.project.MavenProject</type>
          <required>true</required>
          <editable>false</editable>
          <description>The maven project.</description>
        </parameter>
        <parameter>
          <name>reactorProjects</name>
          <type>java.util.List</type>
          <required>false</required>
          <editable>false</editable>
          <description>The list of reactor projects.</description>
        </parameter>
        <parameter>
          <name>warpathExcludes</name>
          <type>java.lang.String</type>
          <required>false</required>
          <editable>true</editable>
          <description>The filter that determines the resources, from the dependent war&apos;s WEB-INF/classes directory, to
exclude from the classpath. Note that excludes takes priority over includes. The default is the empty
string, i.e. exclude nothing.</description>
        </parameter>
        <parameter>
          <name>warpathIncludes</name>
          <type>java.lang.String</type>
          <required>false</required>
          <editable>true</editable>
          <description>The filter that determines the resources, from the dependent war&apos;s WEB-INF/classes directory, to
include on the classpath. Default is &amp;quot;**&amp;quot;.</description>
        </parameter>
        <parameter>
          <name>workDirectory</name>
          <type>java.io.File</type>
          <required>true</required>
          <editable>true</editable>
          <description>Location of the warpath working directory. The contents of the WEB-INF/classes directory
from all warpath dependencies will be extracted to jar files located in this directory.</description>
        </parameter>
      </parameters>
      <configuration>
        <project implementation="org.apache.maven.project.MavenProject">${project}</project>
        <reactorProjects implementation="java.util.List">${reactorProjects}</reactorProjects>
        <workDirectory implementation="java.io.File">${project.build.directory}/warpath</workDirectory>
        <warpathIncludes implementation="java.lang.String">**</warpathIncludes>
      </configuration>
      <requirements>
        <requirement>
          <role>org.apache.maven.artifact.factory.ArtifactFactory</role>
          <field-name>artifactFactory</field-name>
        </requirement>
      </requirements>
    </mojo>
  </mojos>
  <dependencies>
    <dependency>
      <groupId>org.apache.maven</groupId>
      <artifactId>maven-plugin-descriptor</artifactId>
      <type>jar</type>
      <version>2.0.4</version>
    </dependency>
    <dependency>
      <groupId>commons-lang</groupId>
      <artifactId>commons-lang</artifactId>
      <type>jar</type>
      <version>2.1</version>
    </dependency>
    <dependency>
      <groupId>org.codehaus.plexus</groupId>
      <artifactId>plexus-interactivity-api</artifactId>
      <type>jar</type>
      <version>1.0-alpha-4</version>
    </dependency>
    <dependency>
      <groupId>org.apache.maven</groupId>
      <artifactId>maven-error-diagnostics</artifactId>
      <type>jar</type>
      <version>2.0.4</version>
    </dependency>
    <dependency>
      <groupId>log4j</groupId>
      <artifactId>log4j</artifactId>
      <type>jar</type>
      <version>1.2.13</version>
    </dependency>
    <dependency>
      <groupId>mysql</groupId>
      <artifactId>mysql-connector-java</artifactId>
      <type>jar</type>
      <version>5.0.5</version>
    </dependency>
    <dependency>
      <groupId>org.acegisecurity</groupId>
      <artifactId>acegi-security</artifactId>
      <type>jar</type>
      <version>1.0.5</version>
    </dependency>
    <dependency>
      <groupId>commons-collections</groupId>
      <artifactId>commons-collections</artifactId>
      <type>jar</type>
      <version>3.1</version>
    </dependency>
    <dependency>
      <groupId>classworlds</groupId>
      <artifactId>classworlds</artifactId>
      <type>jar</type>
      <version>1.1</version>
    </dependency>
    <dependency>
      <groupId>org.apache.maven</groupId>
      <artifactId>maven-monitor</artifactId>
      <type>jar</type>
      <version>2.0.4</version>
    </dependency>
    <dependency>
      <groupId>oro</groupId>
      <artifactId>oro</artifactId>
      <type>jar</type>
      <version>2.0.8</version>
    </dependency>
    <dependency>
      <groupId>org.apache.maven</groupId>
      <artifactId>maven-repository-metadata</artifactId>
      <type>jar</type>
      <version>2.0.4</version>
    </dependency>
    <dependency>
      <groupId>commons-cli</groupId>
      <artifactId>commons-cli</artifactId>
      <type>jar</type>
      <version>1.0</version>
    </dependency>
    <dependency>
      <groupId>org.apache.maven</groupId>
      <artifactId>maven-plugin-parameter-documenter</artifactId>
      <type>jar</type>
      <version>2.0.4</version>
    </dependency>
    <dependency>
      <groupId>org.apache.maven</groupId>
      <artifactId>maven-model</artifactId>
      <type>jar</type>
      <version>2.0.4</version>
    </dependency>
    <dependency>
      <groupId>commons-codec</groupId>
      <artifactId>commons-codec</artifactId>
      <type>jar</type>
      <version>1.3</version>
    </dependency>
    <dependency>
      <groupId>org.apache.maven</groupId>
      <artifactId>maven-artifact</artifactId>
      <type>jar</type>
      <version>2.0.4</version>
    </dependency>
    <dependency>
      <groupId>org.springframework</groupId>
      <artifactId>spring-mock</artifactId>
      <type>jar</type>
      <version>2.0.6</version>
    </dependency>
    <dependency>
      <groupId>org.apache.maven</groupId>
      <artifactId>maven-settings</artifactId>
      <type>jar</type>
      <version>2.0.4</version>
    </dependency>
    <dependency>
      <groupId>commons-logging</groupId>
      <artifactId>commons-logging</artifactId>
      <type>jar</type>
      <version>1.1</version>
    </dependency>
    <dependency>
      <groupId>org.codehaus.plexus</groupId>
      <artifactId>plexus-container-default</artifactId>
      <type>jar</type>
      <version>1.0-alpha-9</version>
    </dependency>
    <dependency>
      <groupId>org.apache.maven.wagon</groupId>
      <artifactId>wagon-provider-api</artifactId>
      <type>jar</type>
      <version>1.0-alpha-6</version>
    </dependency>
    <dependency>
      <groupId>org.apache.maven</groupId>
      <artifactId>maven-artifact-manager</artifactId>
      <type>jar</type>
      <version>2.0.4</version>
    </dependency>
    <dependency>
      <groupId>org.codehaus.plexus</groupId>
      <artifactId>plexus-utils</artifactId>
      <type>jar</type>
      <version>1.4.1</version>
    </dependency>
    <dependency>
      <groupId>org.apache.maven</groupId>
      <artifactId>maven-plugin-api</artifactId>
      <type>jar</type>
      <version>2.0.4</version>
    </dependency>
    <dependency>
      <groupId>org.acegisecurity</groupId>
      <artifactId>acegi-security-tiger</artifactId>
      <type>jar</type>
      <version>1.0.5</version>
    </dependency>
    <dependency>
      <groupId>org.apache.maven</groupId>
      <artifactId>maven-profile</artifactId>
      <type>jar</type>
      <version>2.0.4</version>
    </dependency>
    <dependency>
      <groupId>org.apache.maven</groupId>
      <artifactId>maven-plugin-registry</artifactId>
      <type>jar</type>
      <version>2.0.4</version>
    </dependency>
    <dependency>
      <groupId>org.apache.maven</groupId>
      <artifactId>maven-core</artifactId>
      <type>jar</type>
      <version>2.0.4</version>
    </dependency>
    <dependency>
      <groupId>org.apache.maven.reporting</groupId>
      <artifactId>maven-reporting-api</artifactId>
      <type>jar</type>
      <version>2.0.4</version>
    </dependency>
    <dependency>
      <groupId>org.springframework</groupId>
      <artifactId>spring</artifactId>
      <type>jar</type>
      <version>2.0.6</version>
    </dependency>
    <dependency>
      <groupId>org.apache.maven</groupId>
      <artifactId>maven-project</artifactId>
      <type>jar</type>
      <version>2.0.4</version>
    </dependency>
    <dependency>
      <groupId>org.apache.maven.doxia</groupId>
      <artifactId>doxia-sink-api</artifactId>
      <type>jar</type>
      <version>1.0-alpha-7</version>
    </dependency>
  </dependencies>
</plugin>