<plugin>
  <description></description>
  <groupId>org.codehaus.enunciate</groupId>
  <artifactId>maven-enunciate-plugin</artifactId>
  <version>1.6-RC1</version>
  <goalPrefix>enunciate</goalPrefix>
  <isolatedRealm>false</isolatedRealm>
  <inheritedByDefault>true</inheritedByDefault>
  <mojos>
    <mojo>
      <goal>compile</goal>
      <description>Goal which performs the &quot;compile&quot; step of an Enunciate build process.</description>
      <requiresDependencyResolution>compile</requiresDependencyResolution>
      <requiresDirectInvocation>false</requiresDirectInvocation>
      <requiresProject>true</requiresProject>
      <requiresReports>false</requiresReports>
      <aggregator>false</aggregator>
      <requiresOnline>false</requiresOnline>
      <inheritedByDefault>true</inheritedByDefault>
      <phase>compile</phase>
      <implementation>org.codehaus.enunciate.CompileMojo</implementation>
      <language>java</language>
      <instantiationStrategy>per-lookup</instantiationStrategy>
      <executionStrategy>once-per-session</executionStrategy>
      <parameters>
        <parameter>
          <name>project</name>
          <type>org.apache.maven.project.MavenProject</type>
          <required>true</required>
          <editable>false</editable>
          <description>The Maven project reference.</description>
        </parameter>
      </parameters>
      <configuration>
        <project implementation="org.apache.maven.project.MavenProject">${project}</project>
      </configuration>
    </mojo>
    <mojo>
      <goal>build</goal>
      <description>Goal which performs the &quot;build&quot; step of an Enunciate build process.</description>
      <requiresDependencyResolution>compile</requiresDependencyResolution>
      <requiresDirectInvocation>false</requiresDirectInvocation>
      <requiresProject>true</requiresProject>
      <requiresReports>false</requiresReports>
      <aggregator>false</aggregator>
      <requiresOnline>false</requiresOnline>
      <inheritedByDefault>true</inheritedByDefault>
      <phase>prepare-package</phase>
      <implementation>org.codehaus.enunciate.BuildMojo</implementation>
      <language>java</language>
      <instantiationStrategy>per-lookup</instantiationStrategy>
      <executionStrategy>once-per-session</executionStrategy>
      <parameters>
        <parameter>
          <name>project</name>
          <type>org.apache.maven.project.MavenProject</type>
          <required>true</required>
          <editable>false</editable>
          <description>The Maven project reference.</description>
        </parameter>
      </parameters>
      <configuration>
        <project implementation="org.apache.maven.project.MavenProject">${project}</project>
      </configuration>
    </mojo>
    <mojo>
      <goal>export</goal>
      <description>&quot;Exports&quot; the JAXB/JAX-WS classes in the current project. For use with the &quot;jar&quot; packaging.</description>
      <requiresDependencyResolution>compile</requiresDependencyResolution>
      <requiresDirectInvocation>false</requiresDirectInvocation>
      <requiresProject>true</requiresProject>
      <requiresReports>false</requiresReports>
      <aggregator>false</aggregator>
      <requiresOnline>false</requiresOnline>
      <inheritedByDefault>true</inheritedByDefault>
      <phase>generate-sources</phase>
      <implementation>org.codehaus.enunciate.ExportMojo</implementation>
      <language>java</language>
      <instantiationStrategy>per-lookup</instantiationStrategy>
      <executionStrategy>once-per-session</executionStrategy>
      <parameters>
        <parameter>
          <name>addActionscriptSources</name>
          <type>boolean</type>
          <required>false</required>
          <editable>true</editable>
          <description>Whether to add the actionscript sources to the project compile sources.</description>
        </parameter>
        <parameter>
          <name>addGWTSources</name>
          <type>boolean</type>
          <required>false</required>
          <editable>true</editable>
          <description>Whether to add the GWT sources to the project compile sources.</description>
        </parameter>
        <parameter>
          <name>artifacts</name>
          <type>org.codehaus.enunciate.Artifact[]</type>
          <required>false</required>
          <editable>true</editable>
          <description>Project artifacts.</description>
        </parameter>
        <parameter>
          <name>buildDir</name>
          <type>java.io.File</type>
          <required>false</required>
          <editable>true</editable>
          <description>The output directory for the &quot;build&quot; step.</description>
        </parameter>
        <parameter>
          <name>classesDirectory</name>
          <type>java.lang.String</type>
          <required>true</required>
          <editable>true</editable>
          <description>The directory where the jar is built. If using this goal along with &quot;jar&quot; packaging, this must be configured to be the
same value as the &quot;classesDirectory&quot; parameter to the jar plugin.</description>
        </parameter>
        <parameter>
          <name>compileDir</name>
          <type>java.io.File</type>
          <required>false</required>
          <editable>true</editable>
          <description>The output directory for the &quot;compile&quot; step.</description>
        </parameter>
        <parameter>
          <name>configFile</name>
          <type>java.io.File</type>
          <required>false</required>
          <editable>true</editable>
          <description>The enunciate configuration file to use.</description>
        </parameter>
        <parameter>
          <name>exports</name>
          <type>java.util.Map</type>
          <required>false</required>
          <editable>true</editable>
          <description>The exports.</description>
        </parameter>
        <parameter>
          <name>flexHome</name>
          <type>java.lang.String</type>
          <required>false</required>
          <editable>true</editable>
          <description>The Flex home.</description>
        </parameter>
        <parameter>
          <name>generateDir</name>
          <type>java.io.File</type>
          <required>false</required>
          <editable>true</editable>
          <description>The output directory for the &quot;generate&quot; step.</description>
        </parameter>
        <parameter>
          <name>gwtHome</name>
          <type>java.lang.String</type>
          <required>false</required>
          <editable>true</editable>
          <description>The GWT home.</description>
        </parameter>
        <parameter>
          <name>outputDir</name>
          <type>java.io.File</type>
          <required>true</required>
          <editable>true</editable>
          <description>The directory for the generated WAR.</description>
        </parameter>
        <parameter>
          <name>packageDir</name>
          <type>java.io.File</type>
          <required>false</required>
          <editable>true</editable>
          <description>The output directory for the &quot;package&quot; step.</description>
        </parameter>
        <parameter>
          <name>pluginDepdendencies</name>
          <type>java.util.Collection</type>
          <required>true</required>
          <editable>false</editable>
          <description></description>
        </parameter>
        <parameter>
          <name>project</name>
          <type>org.apache.maven.project.MavenProject</type>
          <required>true</required>
          <editable>false</editable>
          <description>The Maven project reference.</description>
        </parameter>
        <parameter>
          <name>projectDependencies</name>
          <type>java.util.Collection</type>
          <required>true</required>
          <editable>false</editable>
          <description>Project dependencies.</description>
        </parameter>
        <parameter>
          <name>warArtifactClassifier</name>
          <type>java.lang.String</type>
          <required>false</required>
          <editable>true</editable>
          <description>Classifier to add to the artifact generated. If given, the artifact will be an attachment instead.</description>
        </parameter>
        <parameter>
          <name>warArtifactId</name>
          <type>java.lang.String</type>
          <required>false</required>
          <editable>true</editable>
          <description>The id of the Enunciate artifact that is to be the primary artifact for the maven project.</description>
        </parameter>
        <parameter>
          <name>warArtifactName</name>
          <type>java.lang.String</type>
          <required>true</required>
          <editable>true</editable>
          <description>The name of the generated WAR.</description>
        </parameter>
      </parameters>
      <configuration>
        <outputDir implementation="java.io.File">${project.build.directory}</outputDir>
        <warArtifactId implementation="java.lang.String" default-value="spring.war.file"/>
        <project implementation="org.apache.maven.project.MavenProject">${project}</project>
        <pluginDepdendencies implementation="java.util.Collection">${plugin.artifacts}</pluginDepdendencies>
        <warArtifactName implementation="java.lang.String">${project.build.finalName}</warArtifactName>
        <generateDir implementation="java.io.File">${project.build.directory}/enunciate-generate</generateDir>
        <classesDirectory implementation="java.lang.String">${project.build.outputDirectory}</classesDirectory>
        <projectDependencies implementation="java.util.Collection">${project.artifacts}</projectDependencies>
      </configuration>
      <requirements>
        <requirement>
          <role>org.apache.maven.project.MavenProjectHelper</role>
          <field-name>projectHelper</field-name>
        </requirement>
      </requirements>
    </mojo>
    <mojo>
      <goal>generate</goal>
      <description>Goal which performs the &quot;generate&quot; step of an Enunciate build process.</description>
      <requiresDependencyResolution>compile</requiresDependencyResolution>
      <requiresDirectInvocation>false</requiresDirectInvocation>
      <requiresProject>true</requiresProject>
      <requiresReports>false</requiresReports>
      <aggregator>false</aggregator>
      <requiresOnline>false</requiresOnline>
      <inheritedByDefault>true</inheritedByDefault>
      <phase>generate-sources</phase>
      <implementation>org.codehaus.enunciate.GenerateMojo</implementation>
      <language>java</language>
      <instantiationStrategy>per-lookup</instantiationStrategy>
      <executionStrategy>once-per-session</executionStrategy>
      <parameters>
        <parameter>
          <name>project</name>
          <type>org.apache.maven.project.MavenProject</type>
          <required>true</required>
          <editable>false</editable>
          <description>The Maven project reference.</description>
        </parameter>
      </parameters>
      <configuration>
        <project implementation="org.apache.maven.project.MavenProject">${project}</project>
      </configuration>
    </mojo>
    <mojo>
      <goal>assemble</goal>
      <description>Assembles the whole Enunciate app without compilation or packaging of the war.
For use with the &quot;war&quot; packaging.</description>
      <requiresDependencyResolution>compile</requiresDependencyResolution>
      <requiresDirectInvocation>false</requiresDirectInvocation>
      <requiresProject>true</requiresProject>
      <requiresReports>false</requiresReports>
      <aggregator>false</aggregator>
      <requiresOnline>false</requiresOnline>
      <inheritedByDefault>true</inheritedByDefault>
      <phase>generate-sources</phase>
      <implementation>org.codehaus.enunciate.AssembleMojo</implementation>
      <language>java</language>
      <instantiationStrategy>per-lookup</instantiationStrategy>
      <executionStrategy>once-per-session</executionStrategy>
      <parameters>
        <parameter>
          <name>addActionscriptSources</name>
          <type>boolean</type>
          <required>false</required>
          <editable>true</editable>
          <description>Whether to add the actionscript sources to the project compile sources.</description>
        </parameter>
        <parameter>
          <name>addGWTSources</name>
          <type>boolean</type>
          <required>false</required>
          <editable>true</editable>
          <description>Whether to add the GWT sources to the project compile sources.</description>
        </parameter>
        <parameter>
          <name>artifacts</name>
          <type>org.codehaus.enunciate.Artifact[]</type>
          <required>false</required>
          <editable>true</editable>
          <description>Project artifacts.</description>
        </parameter>
        <parameter>
          <name>buildDir</name>
          <type>java.io.File</type>
          <required>false</required>
          <editable>true</editable>
          <description>The output directory for the &quot;build&quot; step.</description>
        </parameter>
        <parameter>
          <name>compileDir</name>
          <type>java.io.File</type>
          <required>false</required>
          <editable>true</editable>
          <description>The output directory for the &quot;compile&quot; step.</description>
        </parameter>
        <parameter>
          <name>configFile</name>
          <type>java.io.File</type>
          <required>false</required>
          <editable>true</editable>
          <description>The enunciate configuration file to use.</description>
        </parameter>
        <parameter>
          <name>exports</name>
          <type>java.util.Map</type>
          <required>false</required>
          <editable>true</editable>
          <description>The exports.</description>
        </parameter>
        <parameter>
          <name>flexHome</name>
          <type>java.lang.String</type>
          <required>false</required>
          <editable>true</editable>
          <description>The Flex home.</description>
        </parameter>
        <parameter>
          <name>generateDir</name>
          <type>java.io.File</type>
          <required>false</required>
          <editable>true</editable>
          <description>The output directory for the &quot;generate&quot; step.</description>
        </parameter>
        <parameter>
          <name>gwtHome</name>
          <type>java.lang.String</type>
          <required>false</required>
          <editable>true</editable>
          <description>The GWT home.</description>
        </parameter>
        <parameter>
          <name>outputDir</name>
          <type>java.io.File</type>
          <required>true</required>
          <editable>true</editable>
          <description>The directory for the generated WAR.</description>
        </parameter>
        <parameter>
          <name>packageDir</name>
          <type>java.io.File</type>
          <required>false</required>
          <editable>true</editable>
          <description>The output directory for the &quot;package&quot; step.</description>
        </parameter>
        <parameter>
          <name>pluginDepdendencies</name>
          <type>java.util.Collection</type>
          <required>true</required>
          <editable>false</editable>
          <description></description>
        </parameter>
        <parameter>
          <name>project</name>
          <type>org.apache.maven.project.MavenProject</type>
          <required>true</required>
          <editable>false</editable>
          <description>The Maven project reference.</description>
        </parameter>
        <parameter>
          <name>projectDependencies</name>
          <type>java.util.Collection</type>
          <required>true</required>
          <editable>false</editable>
          <description>Project dependencies.</description>
        </parameter>
        <parameter>
          <name>warArtifactClassifier</name>
          <type>java.lang.String</type>
          <required>false</required>
          <editable>true</editable>
          <description>Classifier to add to the artifact generated. If given, the artifact will be an attachment instead.</description>
        </parameter>
        <parameter>
          <name>warArtifactId</name>
          <type>java.lang.String</type>
          <required>false</required>
          <editable>true</editable>
          <description>The id of the Enunciate artifact that is to be the primary artifact for the maven project.</description>
        </parameter>
        <parameter>
          <name>warArtifactName</name>
          <type>java.lang.String</type>
          <required>true</required>
          <editable>true</editable>
          <description>The name of the generated WAR.</description>
        </parameter>
        <parameter>
          <name>webappDirectory</name>
          <type>java.lang.String</type>
          <required>true</required>
          <editable>true</editable>
          <description>The directory where the webapp is built. If using this goal along with &quot;war&quot; packaging, this must be configured to be the
same value as the &quot;webappDirectory&quot; parameter to the war plugin.</description>
        </parameter>
      </parameters>
      <configuration>
        <outputDir implementation="java.io.File">${project.build.directory}</outputDir>
        <warArtifactId implementation="java.lang.String" default-value="spring.war.file"/>
        <project implementation="org.apache.maven.project.MavenProject">${project}</project>
        <pluginDepdendencies implementation="java.util.Collection">${plugin.artifacts}</pluginDepdendencies>
        <warArtifactName implementation="java.lang.String">${project.build.finalName}</warArtifactName>
        <generateDir implementation="java.io.File">${project.build.directory}/enunciate-generate</generateDir>
        <projectDependencies implementation="java.util.Collection">${project.artifacts}</projectDependencies>
        <webappDirectory implementation="java.lang.String">target/${project.build.finalName}</webappDirectory>
      </configuration>
      <requirements>
        <requirement>
          <role>org.apache.maven.project.MavenProjectHelper</role>
          <field-name>projectHelper</field-name>
        </requirement>
      </requirements>
    </mojo>
    <mojo>
      <goal>config</goal>
      <description>Goal which initializes an Enunciate build process.</description>
      <requiresDependencyResolution>compile</requiresDependencyResolution>
      <requiresDirectInvocation>false</requiresDirectInvocation>
      <requiresProject>true</requiresProject>
      <requiresReports>false</requiresReports>
      <aggregator>false</aggregator>
      <requiresOnline>false</requiresOnline>
      <inheritedByDefault>true</inheritedByDefault>
      <phase>validate</phase>
      <implementation>org.codehaus.enunciate.ConfigMojo</implementation>
      <language>java</language>
      <instantiationStrategy>per-lookup</instantiationStrategy>
      <executionStrategy>once-per-session</executionStrategy>
      <parameters>
        <parameter>
          <name>addActionscriptSources</name>
          <type>boolean</type>
          <required>false</required>
          <editable>true</editable>
          <description>Whether to add the actionscript sources to the project compile sources.</description>
        </parameter>
        <parameter>
          <name>addGWTSources</name>
          <type>boolean</type>
          <required>false</required>
          <editable>true</editable>
          <description>Whether to add the GWT sources to the project compile sources.</description>
        </parameter>
        <parameter>
          <name>artifacts</name>
          <type>org.codehaus.enunciate.Artifact[]</type>
          <required>false</required>
          <editable>true</editable>
          <description>Project artifacts.</description>
        </parameter>
        <parameter>
          <name>buildDir</name>
          <type>java.io.File</type>
          <required>false</required>
          <editable>true</editable>
          <description>The output directory for the &quot;build&quot; step.</description>
        </parameter>
        <parameter>
          <name>compileDir</name>
          <type>java.io.File</type>
          <required>false</required>
          <editable>true</editable>
          <description>The output directory for the &quot;compile&quot; step.</description>
        </parameter>
        <parameter>
          <name>configFile</name>
          <type>java.io.File</type>
          <required>false</required>
          <editable>true</editable>
          <description>The enunciate configuration file to use.</description>
        </parameter>
        <parameter>
          <name>exports</name>
          <type>java.util.Map</type>
          <required>false</required>
          <editable>true</editable>
          <description>The exports.</description>
        </parameter>
        <parameter>
          <name>flexHome</name>
          <type>java.lang.String</type>
          <required>false</required>
          <editable>true</editable>
          <description>The Flex home.</description>
        </parameter>
        <parameter>
          <name>generateDir</name>
          <type>java.io.File</type>
          <required>false</required>
          <editable>true</editable>
          <description>The output directory for the &quot;generate&quot; step.</description>
        </parameter>
        <parameter>
          <name>gwtHome</name>
          <type>java.lang.String</type>
          <required>false</required>
          <editable>true</editable>
          <description>The GWT home.</description>
        </parameter>
        <parameter>
          <name>outputDir</name>
          <type>java.io.File</type>
          <required>true</required>
          <editable>true</editable>
          <description>The directory for the generated WAR.</description>
        </parameter>
        <parameter>
          <name>packageDir</name>
          <type>java.io.File</type>
          <required>false</required>
          <editable>true</editable>
          <description>The output directory for the &quot;package&quot; step.</description>
        </parameter>
        <parameter>
          <name>pluginDepdendencies</name>
          <type>java.util.Collection</type>
          <required>true</required>
          <editable>false</editable>
          <description></description>
        </parameter>
        <parameter>
          <name>project</name>
          <type>org.apache.maven.project.MavenProject</type>
          <required>true</required>
          <editable>false</editable>
          <description>The Maven project reference.</description>
        </parameter>
        <parameter>
          <name>projectDependencies</name>
          <type>java.util.Collection</type>
          <required>true</required>
          <editable>false</editable>
          <description>Project dependencies.</description>
        </parameter>
        <parameter>
          <name>warArtifactClassifier</name>
          <type>java.lang.String</type>
          <required>false</required>
          <editable>true</editable>
          <description>Classifier to add to the artifact generated. If given, the artifact will be an attachment instead.</description>
        </parameter>
        <parameter>
          <name>warArtifactId</name>
          <type>java.lang.String</type>
          <required>false</required>
          <editable>true</editable>
          <description>The id of the Enunciate artifact that is to be the primary artifact for the maven project.</description>
        </parameter>
        <parameter>
          <name>warArtifactName</name>
          <type>java.lang.String</type>
          <required>true</required>
          <editable>true</editable>
          <description>The name of the generated WAR.</description>
        </parameter>
      </parameters>
      <configuration>
        <outputDir implementation="java.io.File">${project.build.directory}</outputDir>
        <warArtifactId implementation="java.lang.String" default-value="spring.war.file"/>
        <project implementation="org.apache.maven.project.MavenProject">${project}</project>
        <pluginDepdendencies implementation="java.util.Collection">${plugin.artifacts}</pluginDepdendencies>
        <warArtifactName implementation="java.lang.String">${project.build.finalName}</warArtifactName>
        <generateDir implementation="java.io.File">${project.build.directory}/enunciate-generate</generateDir>
        <projectDependencies implementation="java.util.Collection">${project.artifacts}</projectDependencies>
      </configuration>
      <requirements>
        <requirement>
          <role>org.apache.maven.project.MavenProjectHelper</role>
          <field-name>projectHelper</field-name>
        </requirement>
      </requirements>
    </mojo>
    <mojo>
      <goal>package</goal>
      <description>Goal which performs the &quot;package&quot; step of an Enunciate build process.</description>
      <requiresDependencyResolution>compile</requiresDependencyResolution>
      <requiresDirectInvocation>false</requiresDirectInvocation>
      <requiresProject>true</requiresProject>
      <requiresReports>false</requiresReports>
      <aggregator>false</aggregator>
      <requiresOnline>false</requiresOnline>
      <inheritedByDefault>true</inheritedByDefault>
      <phase>package</phase>
      <implementation>org.codehaus.enunciate.PackageMojo</implementation>
      <language>java</language>
      <instantiationStrategy>per-lookup</instantiationStrategy>
      <executionStrategy>once-per-session</executionStrategy>
      <parameters>
        <parameter>
          <name>project</name>
          <type>org.apache.maven.project.MavenProject</type>
          <required>true</required>
          <editable>false</editable>
          <description>The Maven project reference.</description>
        </parameter>
      </parameters>
      <configuration>
        <project implementation="org.apache.maven.project.MavenProject">${project}</project>
      </configuration>
    </mojo>
  </mojos>
  <dependencies/>
</plugin>