<plugin>
  <description></description>
  <groupId>org.objectweb.celtix</groupId>
  <artifactId>celtix-codegen-plugin</artifactId>
  <version>1.0</version>
  <goalPrefix>celtix-codegen</goalPrefix>
  <isolatedRealm>false</isolatedRealm>
  <inheritedByDefault>true</inheritedByDefault>
  <mojos>
    <mojo>
      <goal>wsdl2java</goal>
      <description></description>
      <requiresDirectInvocation>false</requiresDirectInvocation>
      <requiresProject>true</requiresProject>
      <requiresReports>false</requiresReports>
      <aggregator>false</aggregator>
      <requiresOnline>false</requiresOnline>
      <inheritedByDefault>true</inheritedByDefault>
      <implementation>org.objectweb.celtix.maven_plugin.WSDL2JavaMojo</implementation>
      <language>java</language>
      <instantiationStrategy>per-lookup</instantiationStrategy>
      <executionStrategy>once-per-session</executionStrategy>
      <parameters>
        <parameter>
          <name>classesDirectory</name>
          <type>java.lang.String</type>
          <required>true</required>
          <editable>true</editable>
          <description></description>
        </parameter>
        <parameter>
          <name>classpathElements</name>
          <type>java.util.List</type>
          <required>true</required>
          <editable>true</editable>
          <description></description>
        </parameter>
        <parameter>
          <name>project</name>
          <type>org.apache.maven.project.MavenProject</type>
          <required>true</required>
          <editable>true</editable>
          <description></description>
        </parameter>
        <parameter>
          <name>sourceRoot</name>
          <type>java.lang.String</type>
          <required>true</required>
          <editable>true</editable>
          <description></description>
        </parameter>
        <parameter>
          <name>testSourceRoot</name>
          <type>java.lang.String</type>
          <required>false</required>
          <editable>true</editable>
          <description></description>
        </parameter>
        <parameter>
          <name>wsdlOptions</name>
          <type>org.objectweb.celtix.maven_plugin.WsdlOption</type>
          <required>false</required>
          <editable>true</editable>
          <description></description>
        </parameter>
      </parameters>
      <configuration>
        <classesDirectory implementation="java.lang.String">${project.build.outputDirectory}</classesDirectory>
        <sourceRoot implementation="java.lang.String">${project.build.directory}/generated/src/main/java</sourceRoot>
        <classpathElements implementation="java.util.List">${project.compileClasspathElements}</classpathElements>
        <project implementation="org.apache.maven.project.MavenProject">${project}</project>
      </configuration>
    </mojo>
    <mojo>
      <goal>beangen</goal>
      <description></description>
      <requiresDirectInvocation>false</requiresDirectInvocation>
      <requiresProject>true</requiresProject>
      <requiresReports>false</requiresReports>
      <aggregator>false</aggregator>
      <requiresOnline>false</requiresOnline>
      <inheritedByDefault>true</inheritedByDefault>
      <implementation>org.objectweb.celtix.maven_plugin.BeanGenMojo</implementation>
      <language>java</language>
      <instantiationStrategy>per-lookup</instantiationStrategy>
      <executionStrategy>once-per-session</executionStrategy>
      <parameters>
        <parameter>
          <name>beanfiles</name>
          <type>java.lang.String</type>
          <required>false</required>
          <editable>true</editable>
          <description></description>
        </parameter>
        <parameter>
          <name>classpathElements</name>
          <type>java.util.List</type>
          <required>true</required>
          <editable>true</editable>
          <description></description>
        </parameter>
        <parameter>
          <name>project</name>
          <type>org.apache.maven.project.MavenProject</type>
          <required>true</required>
          <editable>true</editable>
          <description></description>
        </parameter>
        <parameter>
          <name>resourcesRoot</name>
          <type>java.lang.String</type>
          <required>true</required>
          <editable>true</editable>
          <description></description>
        </parameter>
        <parameter>
          <name>sourceRoot</name>
          <type>java.lang.String</type>
          <required>true</required>
          <editable>true</editable>
          <description></description>
        </parameter>
        <parameter>
          <name>testSourceRoot</name>
          <type>java.lang.String</type>
          <required>false</required>
          <editable>true</editable>
          <description></description>
        </parameter>
      </parameters>
      <configuration>
        <sourceRoot implementation="java.lang.String">${project.build.directory}/generated/src/main/java</sourceRoot>
        <classpathElements implementation="java.util.List">${project.compileClasspathElements}</classpathElements>
        <project implementation="org.apache.maven.project.MavenProject">${project}</project>
        <resourcesRoot implementation="java.lang.String">${basedir}/src/main/resources</resourcesRoot>
      </configuration>
    </mojo>
    <mojo>
      <goal>xsdtojava</goal>
      <description></description>
      <requiresDirectInvocation>false</requiresDirectInvocation>
      <requiresProject>true</requiresProject>
      <requiresReports>false</requiresReports>
      <aggregator>false</aggregator>
      <requiresOnline>false</requiresOnline>
      <inheritedByDefault>true</inheritedByDefault>
      <implementation>org.objectweb.celtix.maven_plugin.XSDToJavaMojo</implementation>
      <language>java</language>
      <instantiationStrategy>per-lookup</instantiationStrategy>
      <executionStrategy>once-per-session</executionStrategy>
      <parameters>
        <parameter>
          <name>project</name>
          <type>org.apache.maven.project.MavenProject</type>
          <required>true</required>
          <editable>true</editable>
          <description></description>
        </parameter>
        <parameter>
          <name>sourceRoot</name>
          <type>java.lang.String</type>
          <required>true</required>
          <editable>true</editable>
          <description></description>
        </parameter>
        <parameter>
          <name>testSourceRoot</name>
          <type>java.lang.String</type>
          <required>false</required>
          <editable>true</editable>
          <description></description>
        </parameter>
        <parameter>
          <name>xsdOptions</name>
          <type>org.objectweb.celtix.maven_plugin.XSDOption</type>
          <required>false</required>
          <editable>true</editable>
          <description></description>
        </parameter>
      </parameters>
      <configuration>
        <sourceRoot implementation="java.lang.String">${project.build.directory}/generated/src/main/java</sourceRoot>
        <project implementation="org.apache.maven.project.MavenProject">${project}</project>
      </configuration>
    </mojo>
  </mojos>
  <dependencies>
    <dependency>
      <groupId>org.apache.maven</groupId>
      <artifactId>maven-plugin-api</artifactId>
      <type>jar</type>
      <version>2.0.1</version>
    </dependency>
    <dependency>
      <groupId>org.apache.maven</groupId>
      <artifactId>maven-artifact-manager</artifactId>
      <type>jar</type>
      <version>2.0.1</version>
    </dependency>
    <dependency>
      <groupId>ant</groupId>
      <artifactId>ant</artifactId>
      <type>jar</type>
      <version>1.6.5</version>
    </dependency>
    <dependency>
      <groupId>org.apache.maven</groupId>
      <artifactId>maven-artifact</artifactId>
      <type>jar</type>
      <version>2.0.1</version>
    </dependency>
    <dependency>
      <groupId>org.objectweb.celtix</groupId>
      <artifactId>celtix-common</artifactId>
      <type>jar</type>
      <version>1.0</version>
    </dependency>
    <dependency>
      <groupId>stax</groupId>
      <artifactId>stax-api</artifactId>
      <type>jar</type>
      <version>1.0.1</version>
    </dependency>
    <dependency>
      <groupId>javax.xml</groupId>
      <artifactId>saaj-api</artifactId>
      <type>jar</type>
      <version>1.3</version>
    </dependency>
    <dependency>
      <groupId>ant</groupId>
      <artifactId>ant-nodeps</artifactId>
      <type>jar</type>
      <version>1.6.5</version>
    </dependency>
    <dependency>
      <groupId>com.sun.xml</groupId>
      <artifactId>jaxb-xjc</artifactId>
      <type>jar</type>
      <version>2.0EA3</version>
    </dependency>
    <dependency>
      <groupId>org.apache.maven</groupId>
      <artifactId>maven-project</artifactId>
      <type>jar</type>
      <version>2.0.1</version>
    </dependency>
    <dependency>
      <groupId>wsdl4j</groupId>
      <artifactId>wsdl4j</artifactId>
      <type>jar</type>
      <version>1.5.2</version>
    </dependency>
    <dependency>
      <groupId>org.apache.maven</groupId>
      <artifactId>maven-profile</artifactId>
      <type>jar</type>
      <version>2.0.1</version>
    </dependency>
    <dependency>
      <groupId>velocity</groupId>
      <artifactId>velocity-dep</artifactId>
      <type>jar</type>
      <version>1.4</version>
    </dependency>
    <dependency>
      <groupId>org.codehaus.plexus</groupId>
      <artifactId>plexus-container-default</artifactId>
      <type>jar</type>
      <version>1.0-alpha-9</version>
    </dependency>
    <dependency>
      <groupId>javax.xml</groupId>
      <artifactId>jaxws-api</artifactId>
      <type>jar</type>
      <version>2.0-JAXWS-2.0-EA3</version>
    </dependency>
    <dependency>
      <groupId>classworlds</groupId>
      <artifactId>classworlds</artifactId>
      <type>jar</type>
      <version>1.1-alpha-2</version>
    </dependency>
    <dependency>
      <groupId>org.apache.maven</groupId>
      <artifactId>maven-model</artifactId>
      <type>jar</type>
      <version>2.0.1</version>
    </dependency>
    <dependency>
      <groupId>javax.jws</groupId>
      <artifactId>jsr181-api</artifactId>
      <type>jar</type>
      <version>2.0-JAXWS-2.0-EA3</version>
    </dependency>
    <dependency>
      <groupId>velocity</groupId>
      <artifactId>velocity</artifactId>
      <type>jar</type>
      <version>1.4</version>
    </dependency>
    <dependency>
      <groupId>com.sun.xml</groupId>
      <artifactId>jaxb-impl</artifactId>
      <type>jar</type>
      <version>2.0EA3</version>
    </dependency>
    <dependency>
      <groupId>org.apache.maven.wagon</groupId>
      <artifactId>wagon-provider-api</artifactId>
      <type>jar</type>
      <version>1.0-alpha-5</version>
    </dependency>
    <dependency>
      <groupId>org.apache.geronimo.specs</groupId>
      <artifactId>geronimo-activation_1.0.2_spec</artifactId>
      <type>jar</type>
      <version>1.0</version>
    </dependency>
    <dependency>
      <groupId>javax.xml</groupId>
      <artifactId>jaxb-api</artifactId>
      <type>jar</type>
      <version>2.0EA3</version>
    </dependency>
    <dependency>
      <groupId>javax.annotation</groupId>
      <artifactId>jsr250-api</artifactId>
      <type>jar</type>
      <version>2.0-JAXWS-2.0-EA3</version>
    </dependency>
    <dependency>
      <groupId>org.codehaus.plexus</groupId>
      <artifactId>plexus-utils</artifactId>
      <type>jar</type>
      <version>1.0.5</version>
    </dependency>
    <dependency>
      <groupId>org.objectweb.celtix</groupId>
      <artifactId>celtix-tools</artifactId>
      <type>jar</type>
      <version>1.0</version>
    </dependency>
    <dependency>
      <groupId>org.apache.maven</groupId>
      <artifactId>maven-repository-metadata</artifactId>
      <type>jar</type>
      <version>2.0.1</version>
    </dependency>
    <dependency>
      <groupId>woodstox</groupId>
      <artifactId>wstx-asl</artifactId>
      <type>jar</type>
      <version>2.9.3</version>
    </dependency>
  </dependencies>
</plugin>