<plugin>
  <description>Contrary to what you would probably expect, this plugin
  does *not* provide a mechanism for generating different output
  formats from DocBook sources. Instead it provides a plugin for
  generating plugins that do that.</description>
  <groupId>com.agilejava.docbkx</groupId>
  <artifactId>docbkx-builder-maven-plugin</artifactId>
  <version>2.0.7</version>
  <goalPrefix>docbkx-builder</goalPrefix>
  <isolatedRealm>false</isolatedRealm>
  <inheritedByDefault>true</inheritedByDefault>
  <mojos>
    <mojo>
      <goal>build</goal>
      <description>The base class for all Mojo&apos;s that perform some work based on a DocBook XSL *
distribution.</description>
      <requiresDirectInvocation>false</requiresDirectInvocation>
      <requiresProject>true</requiresProject>
      <requiresReports>false</requiresReports>
      <aggregator>false</aggregator>
      <requiresOnline>false</requiresOnline>
      <inheritedByDefault>true</inheritedByDefault>
      <phase>generate-sources</phase>
      <implementation>com.agilejava.maven.docbkx.GeneratorMojo</implementation>
      <language>java</language>
      <instantiationStrategy>per-lookup</instantiationStrategy>
      <executionStrategy>once-per-session</executionStrategy>
      <parameters>
        <parameter>
          <name>className</name>
          <type>java.lang.String</type>
          <required>false</required>
          <editable>true</editable>
          <description>The classname of the Mojo that wil provide the desired functionality.</description>
        </parameter>
        <parameter>
          <name>distribution</name>
          <type>java.io.File</type>
          <required>false</required>
          <editable>true</editable>
          <description>The DocBook-XSL distribution. By default
&lt;code&gt;${basedir}/lib/docbook-xsl-${version}.zip&lt;/code&gt;.</description>
        </parameter>
        <parameter>
          <name>excludedProperties</name>
          <type>java.lang.String</type>
          <required>false</required>
          <editable>true</editable>
          <description>A comma-separated list of properties that should be exluded from the
generated code.</description>
        </parameter>
        <parameter>
          <name>groupId</name>
          <type>java.lang.String</type>
          <required>false</required>
          <editable>true</editable>
          <description>The groupId of any results coming out of this plugin.</description>
        </parameter>
        <parameter>
          <name>packageName</name>
          <type>java.lang.String</type>
          <required>false</required>
          <editable>true</editable>
          <description>The package name of the Mojo that will provide the desired functionality.</description>
        </parameter>
        <parameter>
          <name>pluginSuffix</name>
          <type>java.lang.String</type>
          <required>false</required>
          <editable>true</editable>
          <description>The suffix to be used in the generated plugin.</description>
        </parameter>
        <parameter>
          <name>project</name>
          <type>org.apache.maven.project.MavenProject</type>
          <required>true</required>
          <editable>true</editable>
          <description>A reference to the project.</description>
        </parameter>
        <parameter>
          <name>sourceRootDirectory</name>
          <type>java.lang.String</type>
          <required>false</required>
          <editable>true</editable>
          <description>The root directory within the source zip file containing the DocBook XSL
stylesheet distribution. Default: &lt;code&gt;docbook-xsl-${version}/&lt;/code&gt;.</description>
        </parameter>
        <parameter>
          <name>stylesheetPath</name>
          <type>java.lang.String</type>
          <required>false</required>
          <editable>true</editable>
          <description>The default location of the stylesheet within the distribution. By
default: &lt;code&gt;${type}/docbook.xsl&lt;/code&gt;.</description>
        </parameter>
        <parameter>
          <name>stylesheetTargetLocation</name>
          <type>java.lang.String</type>
          <required>false</required>
          <editable>true</editable>
          <description>The location of the stylesheet in the destination jar file. Normally this
would be derived from the {@link #stylesheetTargetRoot} and
{@link #stylesheetPath}. By default:
&lt;code&gt;${stylesheetTargetRoot}/${stylesheetPath}&lt;/code&gt;.</description>
        </parameter>
        <parameter>
          <name>stylesheetTargetRoot</name>
          <type>java.lang.String</type>
          <required>false</required>
          <editable>true</editable>
          <description>The directory in the jar file in which the DocBook XSL artifacts will be
stored.</description>
        </parameter>
        <parameter>
          <name>superClassName</name>
          <type>java.lang.String</type>
          <required>false</required>
          <editable>true</editable>
          <description>The classname of the super class from which the generate Mojo will
inherit.</description>
        </parameter>
        <parameter>
          <name>targetDirectory</name>
          <type>java.io.File</type>
          <required>false</required>
          <editable>true</editable>
          <description>Target directory.</description>
        </parameter>
        <parameter>
          <name>targetResourcesDirectory</name>
          <type>java.io.File</type>
          <required>false</required>
          <editable>true</editable>
          <description>The directory where all new resources need to be stored.</description>
        </parameter>
        <parameter>
          <name>type</name>
          <type>java.lang.String</type>
          <required>true</required>
          <editable>true</editable>
          <description>The type of output to be generated. (Currently matches the name of the
directory in the DocBook XSL distribution holding the relevant
stylesheets.)</description>
        </parameter>
        <parameter>
          <name>version</name>
          <type>java.lang.String</type>
          <required>true</required>
          <editable>true</editable>
          <description>The version of the DocBook XSL stylesheets.</description>
        </parameter>
      </parameters>
      <configuration>
        <groupId implementation="java.lang.String">net.sf.docbook</groupId>
        <type implementation="java.lang.String" default-value="html"/>
        <targetDirectory implementation="java.io.File">${project.build.directory}/generated-sources</targetDirectory>
        <superClassName implementation="java.lang.String">com.agilejava.docbkx.maven.AbstractTransformerMojo</superClassName>
        <project implementation="org.apache.maven.project.MavenProject">${project}</project>
        <targetResourcesDirectory implementation="java.io.File">${basedir}/target/generated-resources</targetResourcesDirectory>
        <stylesheetTargetRoot implementation="java.lang.String" default-value="META-INF/docbkx"/>
      </configuration>
      <requirements>
        <requirement>
          <role>org.apache.maven.project.MavenProjectHelper</role>
          <field-name>projectHelper</field-name>
        </requirement>
      </requirements>
    </mojo>
  </mojos>
  <dependencies>
    <dependency>
      <groupId>org.codehaus.plexus</groupId>
      <artifactId>plexus-utils</artifactId>
      <type>jar</type>
      <version>1.0.4</version>
    </dependency>
    <dependency>
      <groupId>junit</groupId>
      <artifactId>junit</artifactId>
      <type>jar</type>
      <version>3.8.1</version>
    </dependency>
    <dependency>
      <groupId>org.codehaus.plexus</groupId>
      <artifactId>plexus-container-default</artifactId>
      <type>jar</type>
      <version>1.0-alpha-8</version>
    </dependency>
    <dependency>
      <groupId>org.apache.maven</groupId>
      <artifactId>maven-model</artifactId>
      <type>jar</type>
      <version>2.0</version>
    </dependency>
    <dependency>
      <groupId>saxon</groupId>
      <artifactId>saxon</artifactId>
      <type>jar</type>
      <version>6.5.3</version>
    </dependency>
    <dependency>
      <groupId>org.apache.maven</groupId>
      <artifactId>maven-profile</artifactId>
      <type>jar</type>
      <version>2.0</version>
    </dependency>
    <dependency>
      <groupId>classworlds</groupId>
      <artifactId>classworlds</artifactId>
      <type>jar</type>
      <version>1.1-alpha-2</version>
    </dependency>
    <dependency>
      <groupId>antlr</groupId>
      <artifactId>stringtemplate</artifactId>
      <type>jar</type>
      <version>2.2</version>
    </dependency>
    <dependency>
      <groupId>org.apache.maven</groupId>
      <artifactId>maven-repository-metadata</artifactId>
      <type>jar</type>
      <version>2.0</version>
    </dependency>
    <dependency>
      <groupId>jaxen</groupId>
      <artifactId>jaxen</artifactId>
      <type>jar</type>
      <version>1.0-FCS</version>
    </dependency>
    <dependency>
      <groupId>org.apache.maven</groupId>
      <artifactId>maven-artifact-manager</artifactId>
      <type>jar</type>
      <version>2.0</version>
    </dependency>
    <dependency>
      <groupId>org.apache.maven.wagon</groupId>
      <artifactId>wagon-provider-api</artifactId>
      <type>jar</type>
      <version>1.0-alpha-5</version>
    </dependency>
    <dependency>
      <groupId>org.apache.maven</groupId>
      <artifactId>maven-project</artifactId>
      <type>jar</type>
      <version>2.0</version>
    </dependency>
    <dependency>
      <groupId>org.apache.maven</groupId>
      <artifactId>maven-plugin-api</artifactId>
      <type>jar</type>
      <version>2.0</version>
    </dependency>
    <dependency>
      <groupId>plexus</groupId>
      <artifactId>plexus-utils</artifactId>
      <type>jar</type>
      <version>1.0.1</version>
    </dependency>
    <dependency>
      <groupId>org.apache.maven</groupId>
      <artifactId>maven-artifact</artifactId>
      <type>jar</type>
      <version>2.0</version>
    </dependency>
    <dependency>
      <groupId>commons-io</groupId>
      <artifactId>commons-io</artifactId>
      <type>jar</type>
      <version>1.1</version>
    </dependency>
    <dependency>
      <groupId>saxpath</groupId>
      <artifactId>saxpath</artifactId>
      <type>jar</type>
      <version>1.0-FCS</version>
    </dependency>
    <dependency>
      <groupId>antlr</groupId>
      <artifactId>antlr</artifactId>
      <type>jar</type>
      <version>2.7.2</version>
    </dependency>
  </dependencies>
</plugin>