<plugin>
  <description>The Maven JS Plugin contains the compression goal and compresses JavaScript in a web application.</description>
  <groupId>com.mobilvox.ossi.mojo</groupId>
  <artifactId>maven-js-plugin</artifactId>
  <version>1.2-beta</version>
  <goalPrefix>js</goalPrefix>
  <isolatedRealm>false</isolatedRealm>
  <inheritedByDefault>true</inheritedByDefault>
  <mojos>
    <mojo>
      <goal>compress</goal>
      <description>&lt;code&gt;JSCompressionMojo&lt;/code&gt;
&lt;p&gt;
Compresses all JavaScript files in a given directory.</description>
      <requiresDirectInvocation>false</requiresDirectInvocation>
      <requiresProject>true</requiresProject>
      <requiresReports>false</requiresReports>
      <aggregator>false</aggregator>
      <requiresOnline>false</requiresOnline>
      <inheritedByDefault>true</inheritedByDefault>
      <executePhase>package</executePhase>
      <implementation>com.mobilvox.ossi.mojo.JSCompressionMojo</implementation>
      <language>java</language>
      <instantiationStrategy>per-lookup</instantiationStrategy>
      <executionStrategy>once-per-session</executionStrategy>
      <parameters>
        <parameter>
          <name>buildOutputDir</name>
          <type>java.lang.String</type>
          <required>false</required>
          <editable>true</editable>
          <description>The build output directory. Default is target, which is the same as the
webapp directory but, is put here for user configuration.</description>
        </parameter>
        <parameter>
          <name>classifier</name>
          <type>java.lang.String</type>
          <required>false</required>
          <editable>true</editable>
          <description>Classifier to add to the artifact generated.</description>
        </parameter>
        <parameter>
          <name>excludes</name>
          <type>java.lang.String[]</type>
          <required>false</required>
          <editable>true</editable>
          <description>A list of regular expressions to use when deciding which files to exclude
from the compression.</description>
        </parameter>
        <parameter>
          <name>includes</name>
          <type>java.lang.String[]</type>
          <required>false</required>
          <editable>true</editable>
          <description>A list of regular expressions to use when deciding which files to include
from the compression.</description>
        </parameter>
        <parameter>
          <name>javaScriptDir</name>
          <type>java.lang.String</type>
          <required>false</required>
          <editable>true</editable>
          <description>The directory to scan for and compress JS files. Default is the
target/{finalName} directory which will search the webapp folder for
JavaScript. This will force compressed JS in the WAR file but leave
development code in the src directory un-touched.</description>
        </parameter>
        <parameter>
          <name>licenseFiles</name>
          <type>java.lang.String[]</type>
          <required>false</required>
          <editable>true</editable>
          <description>A list of license filename to be added to the JS code.</description>
        </parameter>
        <parameter>
          <name>mergeWarFiles</name>
          <type>boolean</type>
          <required>false</required>
          <editable>true</editable>
          <description>A boolean used to determine if the WAR files will be merged into one. If
it is true, only one WAR is created with compressed JavaScript. If it is
false, one is created with compressed JavaScript next to the default WAR
created by the Maven-War Plugin</description>
        </parameter>
        <parameter>
          <name>project</name>
          <type>org.apache.maven.project.MavenProject</type>
          <required>true</required>
          <editable>false</editable>
          <description>The maven project.</description>
        </parameter>
        <parameter>
          <name>skipCompression</name>
          <type>boolean</type>
          <required>false</required>
          <editable>true</editable>
          <description>A boolean that can be set to tell the MOJO to skip the compression of JS
files. The default is false.</description>
        </parameter>
        <parameter>
          <name>webappDir</name>
          <type>java.lang.String</type>
          <required>false</required>
          <editable>true</editable>
          <description>The directory the webapp is to be stored in. Default is target, which is
the same as the build output directory but, is put here for user
configuration.</description>
        </parameter>
        <parameter>
          <name>webappName</name>
          <type>java.lang.String</type>
          <required>false</required>
          <editable>true</editable>
          <description>The name of the web application archive. Default is
${project.build.finalName}-compressed-js.war</description>
        </parameter>
      </parameters>
      <configuration>
        <webappDir implementation="java.lang.String" default-value="${project.build.directory}"/>
        <skipCompression implementation="boolean" default-value="false">${js.compress.skip}</skipCompression>
        <project implementation="org.apache.maven.project.MavenProject" default-value="${project}"/>
        <mergeWarFiles implementation="boolean" default-value="true">${mergeWarFiles}</mergeWarFiles>
        <buildOutputDir implementation="java.lang.String" default-value="${project.build.directory}"/>
        <javaScriptDir implementation="java.lang.String" default-value="${project.build.directory}/${project.build.finalName}"/>
        <classifier implementation="java.lang.String">${classifier}</classifier>
        <webappName implementation="java.lang.String" default-value="${project.build.finalName}"/>
      </configuration>
      <requirements>
        <requirement>
          <role>org.apache.maven.project.MavenProjectHelper</role>
          <field-name>helper</field-name>
        </requirement>
      </requirements>
    </mojo>
    <mojo>
      <goal>compress-site</goal>
      <description>&lt;code&gt;JsSiteCompressionMojo&lt;/code&gt;
&lt;p&gt;
Compress all JavaScript within the build-output-directory Maven site
directory.</description>
      <requiresDirectInvocation>false</requiresDirectInvocation>
      <requiresProject>true</requiresProject>
      <requiresReports>false</requiresReports>
      <aggregator>false</aggregator>
      <requiresOnline>false</requiresOnline>
      <inheritedByDefault>true</inheritedByDefault>
      <executePhase>site</executePhase>
      <implementation>com.mobilvox.ossi.mojo.JsSiteCompressionMojo</implementation>
      <language>java</language>
      <instantiationStrategy>per-lookup</instantiationStrategy>
      <executionStrategy>once-per-session</executionStrategy>
      <parameters>
        <parameter>
          <name>buildOutputDir</name>
          <type>java.lang.String</type>
          <required>false</required>
          <editable>true</editable>
          <description>The build output directory. Default is target, which is the same as the
webapp directory but, is put here for user configuration.</description>
        </parameter>
        <parameter>
          <name>excludes</name>
          <type>java.lang.String[]</type>
          <required>false</required>
          <editable>true</editable>
          <description>A list of regular expressions to use when deciding which files to exclude
from the compression.</description>
        </parameter>
        <parameter>
          <name>includes</name>
          <type>java.lang.String[]</type>
          <required>false</required>
          <editable>true</editable>
          <description>A list of regular expressions to use when deciding which files to include
from the compression.</description>
        </parameter>
        <parameter>
          <name>licenseFiles</name>
          <type>java.lang.String[]</type>
          <required>false</required>
          <editable>true</editable>
          <description>A list of license filename to be added to the JS code.</description>
        </parameter>
        <parameter>
          <name>project</name>
          <type>org.apache.maven.project.MavenProject</type>
          <required>true</required>
          <editable>false</editable>
          <description>The maven project.</description>
        </parameter>
        <parameter>
          <name>replaceSiteJavaScript</name>
          <type>boolean</type>
          <required>false</required>
          <editable>true</editable>
          <description>A boolean used to determine if the compressed JS files in the site will
overwrite the original or create duplicates.</description>
        </parameter>
        <parameter>
          <name>siteClassifier</name>
          <type>java.lang.String</type>
          <required>false</required>
          <editable>true</editable>
          <description>A String that is the classifier that is attached to the JS site files
that are compressed. Only used if the overwrite parameter is false.</description>
        </parameter>
        <parameter>
          <name>siteDir</name>
          <type>java.lang.String</type>
          <required>false</required>
          <editable>true</editable>
          <description>The site directory.</description>
        </parameter>
      </parameters>
      <configuration>
        <project implementation="org.apache.maven.project.MavenProject" default-value="${project}"/>
        <siteDir implementation="java.lang.String" default-value="site"/>
        <buildOutputDir implementation="java.lang.String" default-value="${project.build.directory}"/>
        <siteClassifier implementation="java.lang.String" default-value="compressed-js">${siteClassifier}</siteClassifier>
        <replaceSiteJavaScript implementation="boolean" default-value="true">${replaceSiteJavaScript}</replaceSiteJavaScript>
      </configuration>
    </mojo>
  </mojos>
  <dependencies/>
</plugin>