<plugin>
  <description>A plugin to allow maven builds ActionScript and MXML projects
                 from Adobe systems.</description>
  <groupId>net.israfil.mojo</groupId>
  <artifactId>maven-flex2-plugin</artifactId>
  <version>1.0-alpha-1</version>
  <goalPrefix>flex2</goalPrefix>
  <isolatedRealm>false</isolatedRealm>
  <inheritedByDefault>true</inheritedByDefault>
  <mojos>
    <mojo>
      <goal>compile-swc</goal>
      <description>Compilation action for Flex2 actionscript 3 classes.</description>
      <requiresDirectInvocation>false</requiresDirectInvocation>
      <requiresProject>true</requiresProject>
      <requiresReports>false</requiresReports>
      <aggregator>false</aggregator>
      <requiresOnline>false</requiresOnline>
      <inheritedByDefault>true</inheritedByDefault>
      <phase>compile</phase>
      <implementation>net.israfil.mojo.flex2.CompCompilerMojo</implementation>
      <language>java</language>
      <instantiationStrategy>per-lookup</instantiationStrategy>
      <executionStrategy>once-per-session</executionStrategy>
      <parameters>
        <parameter>
          <name>classifier</name>
          <type>java.lang.String</type>
          <required>false</required>
          <editable>true</editable>
          <description>Classifier to add to the artifact generated. If given, the artifact will be an attachment instead.</description>
        </parameter>
        <parameter>
          <name>compileSourceRoots</name>
          <type>java.util.List</type>
          <required>true</required>
          <editable>false</editable>
          <description>The source directories containing the sources to be compiled.</description>
        </parameter>
        <parameter>
          <name>dataServicesConfig</name>
          <type>java.io.File</type>
          <required>false</required>
          <editable>true</editable>
          <description></description>
        </parameter>
        <parameter>
          <name>debug</name>
          <type>boolean</type>
          <required>false</required>
          <editable>true</editable>
          <description></description>
        </parameter>
        <parameter>
          <name>finalName</name>
          <type>java.lang.String</type>
          <required>true</required>
          <editable>true</editable>
          <description>Name of the generated compiled binary file.</description>
        </parameter>
        <parameter>
          <name>flexConfig</name>
          <type>java.io.File</type>
          <required>true</required>
          <editable>true</editable>
          <description>The location of the flex configuration file. Uses the installed default flex-config.xml file if none supplied.</description>
        </parameter>
        <parameter>
          <name>flexHome</name>
          <type>java.io.File</type>
          <required>true</required>
          <editable>true</editable>
          <description>The directory in which Flex (command-line or builder) is installed.</description>
        </parameter>
        <parameter>
          <name>incremental</name>
          <type>boolean</type>
          <required>false</required>
          <editable>true</editable>
          <description></description>
        </parameter>
        <parameter>
          <name>optimize</name>
          <type>boolean</type>
          <required>false</required>
          <editable>true</editable>
          <description></description>
        </parameter>
        <parameter>
          <name>outputDirectory</name>
          <type>java.io.File</type>
          <required>true</required>
          <editable>false</editable>
          <description>The directory into which to place the resulting artifact.</description>
        </parameter>
        <parameter>
          <name>profile</name>
          <type>boolean</type>
          <required>false</required>
          <editable>true</editable>
          <description></description>
        </parameter>
        <parameter>
          <name>project</name>
          <type>org.apache.maven.project.MavenProject</type>
          <required>true</required>
          <editable>false</editable>
          <description>The maven project.</description>
        </parameter>
        <parameter>
          <name>showActionscriptWarnings</name>
          <type>boolean</type>
          <required>false</required>
          <editable>true</editable>
          <description></description>
        </parameter>
        <parameter>
          <name>showBindingWarnings</name>
          <type>boolean</type>
          <required>false</required>
          <editable>true</editable>
          <description></description>
        </parameter>
        <parameter>
          <name>showDeprecationWarnings</name>
          <type>boolean</type>
          <required>false</required>
          <editable>true</editable>
          <description></description>
        </parameter>
        <parameter>
          <name>source</name>
          <type>java.io.File</type>
          <required>false</required>
          <editable>true</editable>
          <description>Location of the flex sources.</description>
        </parameter>
        <parameter>
          <name>strict</name>
          <type>boolean</type>
          <required>false</required>
          <editable>true</editable>
          <description></description>
        </parameter>
        <parameter>
          <name>useNetwork</name>
          <type>boolean</type>
          <required>false</required>
          <editable>true</editable>
          <description></description>
        </parameter>
        <parameter>
          <name>warnings</name>
          <type>boolean</type>
          <required>false</required>
          <editable>true</editable>
          <description></description>
        </parameter>
      </parameters>
      <configuration>
        <flexConfig implementation="java.io.File" default-value="${flex.home}/frameworks/flex-config.xml">${flex.config}</flexConfig>
        <incremental implementation="boolean">${flex.compiler.incremental}</incremental>
        <flexHome implementation="java.io.File">${flex.home}</flexHome>
        <showDeprecationWarnings implementation="boolean">${flex.compiler.show-deprecation-warnings}</showDeprecationWarnings>
        <useNetwork implementation="boolean">${flex.compiler.use-network}</useNetwork>
        <profile implementation="boolean">${flex.compiler.profile}</profile>
        <debug implementation="boolean">${flex.compiler.debug}</debug>
        <outputDirectory implementation="java.io.File">${project.build.directory}</outputDirectory>
        <warnings implementation="boolean">${flex.compiler.show-warnings}</warnings>
        <showBindingWarnings implementation="boolean">${flex.compiler.show-binding-warnings}</showBindingWarnings>
        <project implementation="org.apache.maven.project.MavenProject">${project}</project>
        <compileSourceRoots implementation="java.util.List">${project.compileSourceRoots}</compileSourceRoots>
        <optimize implementation="boolean">${flex.compiler.optimize}</optimize>
        <dataServicesConfig implementation="java.io.File">${flex.dataservices.config}</dataServicesConfig>
        <source implementation="java.io.File">${flex.compiler.source}</source>
        <strict implementation="boolean">${flex.compiler.strict}</strict>
        <showActionscriptWarnings implementation="boolean">${flex.compiler.show-actionscript-warnings}</showActionscriptWarnings>
        <finalName implementation="java.lang.String">${project.build.finalName}</finalName>
      </configuration>
      <requirements>
        <requirement>
          <role>org.apache.maven.project.MavenProjectHelper</role>
          <field-name>projectHelper</field-name>
        </requirement>
      </requirements>
    </mojo>
    <mojo>
      <goal>compile-swf</goal>
      <description>Compilation action for Flex2 actionscript 3 classes.</description>
      <requiresDirectInvocation>false</requiresDirectInvocation>
      <requiresProject>true</requiresProject>
      <requiresReports>false</requiresReports>
      <aggregator>false</aggregator>
      <requiresOnline>false</requiresOnline>
      <inheritedByDefault>true</inheritedByDefault>
      <phase>compile</phase>
      <implementation>net.israfil.mojo.flex2.MXMLCompilerMojo</implementation>
      <language>java</language>
      <instantiationStrategy>per-lookup</instantiationStrategy>
      <executionStrategy>once-per-session</executionStrategy>
      <parameters>
        <parameter>
          <name>classifier</name>
          <type>java.lang.String</type>
          <required>false</required>
          <editable>true</editable>
          <description>Classifier to add to the artifact generated. If given, the artifact will be an attachment instead.</description>
        </parameter>
        <parameter>
          <name>compileSourceRoots</name>
          <type>java.util.List</type>
          <required>true</required>
          <editable>false</editable>
          <description>The source directories containing the sources to be compiled.</description>
        </parameter>
        <parameter>
          <name>dataServicesConfig</name>
          <type>java.io.File</type>
          <required>false</required>
          <editable>true</editable>
          <description></description>
        </parameter>
        <parameter>
          <name>debug</name>
          <type>boolean</type>
          <required>false</required>
          <editable>true</editable>
          <description></description>
        </parameter>
        <parameter>
          <name>finalName</name>
          <type>java.lang.String</type>
          <required>true</required>
          <editable>true</editable>
          <description>Name of the generated compiled binary file.</description>
        </parameter>
        <parameter>
          <name>flexConfig</name>
          <type>java.io.File</type>
          <required>true</required>
          <editable>true</editable>
          <description>The location of the flex configuration file. Uses the installed default flex-config.xml file if none supplied.</description>
        </parameter>
        <parameter>
          <name>flexHome</name>
          <type>java.io.File</type>
          <required>true</required>
          <editable>true</editable>
          <description>The directory in which Flex (command-line or builder) is installed.</description>
        </parameter>
        <parameter>
          <name>incremental</name>
          <type>boolean</type>
          <required>false</required>
          <editable>true</editable>
          <description></description>
        </parameter>
        <parameter>
          <name>mainMxmlFile</name>
          <alias>main</alias>
          <type>java.lang.String</type>
          <required>true</required>
          <editable>true</editable>
          <description>The main mxml file</description>
        </parameter>
        <parameter>
          <name>optimize</name>
          <type>boolean</type>
          <required>false</required>
          <editable>true</editable>
          <description></description>
        </parameter>
        <parameter>
          <name>outputDirectory</name>
          <type>java.io.File</type>
          <required>true</required>
          <editable>false</editable>
          <description>The directory into which to place the resulting artifact.</description>
        </parameter>
        <parameter>
          <name>profile</name>
          <type>boolean</type>
          <required>false</required>
          <editable>true</editable>
          <description></description>
        </parameter>
        <parameter>
          <name>project</name>
          <type>org.apache.maven.project.MavenProject</type>
          <required>true</required>
          <editable>false</editable>
          <description>The maven project.</description>
        </parameter>
        <parameter>
          <name>showActionscriptWarnings</name>
          <type>boolean</type>
          <required>false</required>
          <editable>true</editable>
          <description></description>
        </parameter>
        <parameter>
          <name>showBindingWarnings</name>
          <type>boolean</type>
          <required>false</required>
          <editable>true</editable>
          <description></description>
        </parameter>
        <parameter>
          <name>showDeprecationWarnings</name>
          <type>boolean</type>
          <required>false</required>
          <editable>true</editable>
          <description></description>
        </parameter>
        <parameter>
          <name>source</name>
          <type>java.io.File</type>
          <required>false</required>
          <editable>true</editable>
          <description>Location of the flex sources.</description>
        </parameter>
        <parameter>
          <name>strict</name>
          <type>boolean</type>
          <required>false</required>
          <editable>true</editable>
          <description></description>
        </parameter>
        <parameter>
          <name>useNetwork</name>
          <type>boolean</type>
          <required>false</required>
          <editable>true</editable>
          <description></description>
        </parameter>
        <parameter>
          <name>warnings</name>
          <type>boolean</type>
          <required>false</required>
          <editable>true</editable>
          <description></description>
        </parameter>
      </parameters>
      <configuration>
        <flexConfig implementation="java.io.File" default-value="${flex.home}/frameworks/flex-config.xml">${flex.config}</flexConfig>
        <incremental implementation="boolean">${flex.compiler.incremental}</incremental>
        <flexHome implementation="java.io.File">${flex.home}</flexHome>
        <showDeprecationWarnings implementation="boolean">${flex.compiler.show-deprecation-warnings}</showDeprecationWarnings>
        <mainMxmlFile implementation="java.lang.String">${flex.application.name}</mainMxmlFile>
        <useNetwork implementation="boolean">${flex.compiler.use-network}</useNetwork>
        <profile implementation="boolean">${flex.compiler.profile}</profile>
        <debug implementation="boolean">${flex.compiler.debug}</debug>
        <outputDirectory implementation="java.io.File">${project.build.directory}</outputDirectory>
        <warnings implementation="boolean">${flex.compiler.show-warnings}</warnings>
        <showBindingWarnings implementation="boolean">${flex.compiler.show-binding-warnings}</showBindingWarnings>
        <project implementation="org.apache.maven.project.MavenProject">${project}</project>
        <compileSourceRoots implementation="java.util.List">${project.compileSourceRoots}</compileSourceRoots>
        <optimize implementation="boolean">${flex.compiler.optimize}</optimize>
        <dataServicesConfig implementation="java.io.File">${flex.dataservices.config}</dataServicesConfig>
        <source implementation="java.io.File">${flex.compiler.source}</source>
        <strict implementation="boolean">${flex.compiler.strict}</strict>
        <showActionscriptWarnings implementation="boolean">${flex.compiler.show-actionscript-warnings}</showActionscriptWarnings>
        <finalName implementation="java.lang.String">${project.build.finalName}</finalName>
      </configuration>
      <requirements>
        <requirement>
          <role>org.apache.maven.project.MavenProjectHelper</role>
          <field-name>projectHelper</field-name>
        </requirement>
      </requirements>
    </mojo>
  </mojos>
  <dependencies/>
</plugin>