<plugin>
  <description>A plugin to allow maven builds ActionScript and MXML projects
		from Adobe systems.</description>
  <groupId>net.israfil.mojo</groupId>
  <artifactId>maven-flex2-plugin</artifactId>
  <version>1.1</version>
  <goalPrefix>flex2</goalPrefix>
  <isolatedRealm>false</isolatedRealm>
  <inheritedByDefault>true</inheritedByDefault>
  <mojos>
    <mojo>
      <goal>compile-swc</goal>
      <description>Compilation action for Flex2 actionscript 3 classes.</description>
      <requiresDependencyResolution>runtime</requiresDependencyResolution>
      <requiresDirectInvocation>false</requiresDirectInvocation>
      <requiresProject>true</requiresProject>
      <requiresReports>false</requiresReports>
      <aggregator>false</aggregator>
      <requiresOnline>false</requiresOnline>
      <inheritedByDefault>true</inheritedByDefault>
      <phase>compile</phase>
      <implementation>net.israfil.mojo.flex2.CompCompilerMojo</implementation>
      <language>java</language>
      <instantiationStrategy>per-lookup</instantiationStrategy>
      <executionStrategy>once-per-session</executionStrategy>
      <parameters>
        <parameter>
          <name>classifier</name>
          <type>java.lang.String</type>
          <required>false</required>
          <editable>true</editable>
          <description>Classifier to add to the artifact generated. If given, the artifact will
be an attachment instead.</description>
        </parameter>
        <parameter>
          <name>compileSourceRoots</name>
          <type>java.util.List</type>
          <required>true</required>
          <editable>false</editable>
          <description>The source directories containing the sources to be compiled.</description>
        </parameter>
        <parameter>
          <name>dataServicesConfig</name>
          <type>java.io.File</type>
          <required>false</required>
          <editable>true</editable>
          <description></description>
        </parameter>
        <parameter>
          <name>debug</name>
          <type>boolean</type>
          <required>false</required>
          <editable>true</editable>
          <description></description>
        </parameter>
        <parameter>
          <name>finalName</name>
          <type>java.lang.String</type>
          <required>true</required>
          <editable>true</editable>
          <description>Name of the generated compiled binary file.</description>
        </parameter>
        <parameter>
          <name>flexConfig</name>
          <type>java.io.File</type>
          <required>true</required>
          <editable>true</editable>
          <description>The location of the flex configuration file. Uses the installed
default flex-config.xml file if none supplied.</description>
        </parameter>
        <parameter>
          <name>flexHome</name>
          <type>java.io.File</type>
          <required>true</required>
          <editable>true</editable>
          <description>The directory in which Flex (command-line or builder) is installed.</description>
        </parameter>
        <parameter>
          <name>flexLibPropertiesFile</name>
          <alias>properties</alias>
          <type>java.io.File</type>
          <required>false</required>
          <editable>true</editable>
          <description>An optional file provided which provides a list of classes and resources to be
included in the swc. The format of this file is identical to that generated
by the flex builder file .flexLibProperties, and the .flexLibProperties can be
used and set here.</description>
        </parameter>
        <parameter>
          <name>includedClasses</name>
          <alias>classes</alias>
          <type>java.util.List</type>
          <required>false</required>
          <editable>true</editable>
          <description>An optional list of included classes. If this is present, then only those
classes present in this list will be included in the .swc.</description>
        </parameter>
        <parameter>
          <name>includedResources</name>
          <alias>resources</alias>
          <type>java.util.List</type>
          <required>false</required>
          <editable>true</editable>
          <description>An optional list of included resources. If present, then the specified
resources will be included from src/main/resources in the swc. If resources
are not specified here and no flex lib properties file is specified, then the
full contents of src/main/resources will be included in the .swc, except for
SCM related files (.svn, or CVS/)</description>
        </parameter>
        <parameter>
          <name>incremental</name>
          <type>boolean</type>
          <required>false</required>
          <editable>true</editable>
          <description></description>
        </parameter>
        <parameter>
          <name>licenses</name>
          <type>net.israfil.mojo.flex2.License[]</type>
          <required>false</required>
          <editable>true</editable>
          <description></description>
        </parameter>
        <parameter>
          <name>locale</name>
          <type>java.lang.String</type>
          <required>false</required>
          <editable>true</editable>
          <description>The current locale.</description>
        </parameter>
        <parameter>
          <name>optimize</name>
          <type>boolean</type>
          <required>false</required>
          <editable>true</editable>
          <description></description>
        </parameter>
        <parameter>
          <name>outputDirectory</name>
          <type>java.io.File</type>
          <required>true</required>
          <editable>false</editable>
          <description>The directory into which to place the resulting artifact. note that this is a read-only
parameter, satisfied from the build directory. Attempts to configure this should use the
standard &amp;lt;build&amp;gt;&amp;lt;directory/&amp;gt;&amp;lt;/build&amp;gt; approach.</description>
        </parameter>
        <parameter>
          <name>pluginArtifacts</name>
          <type>java.util.List</type>
          <required>true</required>
          <editable>false</editable>
          <description></description>
        </parameter>
        <parameter>
          <name>profile</name>
          <type>boolean</type>
          <required>false</required>
          <editable>true</editable>
          <description></description>
        </parameter>
        <parameter>
          <name>project</name>
          <type>org.apache.maven.project.MavenProject</type>
          <required>true</required>
          <editable>false</editable>
          <description>The maven project.</description>
        </parameter>
        <parameter>
          <name>resolveExtraSwcsFromFlexFrameworksLibs</name>
          <alias>resolve-extra-framework-libs</alias>
          <type>boolean</type>
          <required>false</required>
          <editable>true</editable>
          <description>Resolve extra libraries (such as charts or fds) from
${flex.home}/frameworks/libs. Default is false, in which case
these (and other) swcs should be deployed as flex artifacts (swcs).</description>
        </parameter>
        <parameter>
          <name>showActionscriptWarnings</name>
          <type>boolean</type>
          <required>false</required>
          <editable>true</editable>
          <description></description>
        </parameter>
        <parameter>
          <name>showBindingWarnings</name>
          <type>boolean</type>
          <required>false</required>
          <editable>true</editable>
          <description></description>
        </parameter>
        <parameter>
          <name>showDeprecationWarnings</name>
          <type>boolean</type>
          <required>false</required>
          <editable>true</editable>
          <description></description>
        </parameter>
        <parameter>
          <name>source</name>
          <type>java.io.File</type>
          <required>false</required>
          <editable>true</editable>
          <description>Location of the flex sources.</description>
        </parameter>
        <parameter>
          <name>strict</name>
          <type>boolean</type>
          <required>false</required>
          <editable>true</editable>
          <description></description>
        </parameter>
        <parameter>
          <name>useNetwork</name>
          <type>boolean</type>
          <required>false</required>
          <editable>true</editable>
          <description></description>
        </parameter>
        <parameter>
          <name>warnings</name>
          <type>boolean</type>
          <required>false</required>
          <editable>true</editable>
          <description></description>
        </parameter>
      </parameters>
      <configuration>
        <flexConfig implementation="java.io.File" default-value="${flex.home}/frameworks/flex-config.xml">${flex.config}</flexConfig>
        <incremental implementation="boolean">${flex.compiler.incremental}</incremental>
        <flexHome implementation="java.io.File">${flex.home}</flexHome>
        <showDeprecationWarnings implementation="boolean">${flex.compiler.show-deprecation-warnings}</showDeprecationWarnings>
        <pluginArtifacts implementation="java.util.List">${plugin.artifacts}</pluginArtifacts>
        <useNetwork implementation="boolean">${flex.compiler.use-network}</useNetwork>
        <profile implementation="boolean">${flex.compiler.profile}</profile>
        <debug implementation="boolean">${flex.compiler.debug}</debug>
        <locale implementation="java.lang.String">${flex.locale}</locale>
        <outputDirectory implementation="java.io.File">${project.build.directory}</outputDirectory>
        <warnings implementation="boolean">${flex.compiler.show-warnings}</warnings>
        <showBindingWarnings implementation="boolean">${flex.compiler.show-binding-warnings}</showBindingWarnings>
        <project implementation="org.apache.maven.project.MavenProject">${project}</project>
        <compileSourceRoots implementation="java.util.List">${project.compileSourceRoots}</compileSourceRoots>
        <optimize implementation="boolean">${flex.compiler.optimize}</optimize>
        <dataServicesConfig implementation="java.io.File">${flex.dataservices.config}</dataServicesConfig>
        <source implementation="java.io.File">${flex.compiler.source}</source>
        <strict implementation="boolean">${flex.compiler.strict}</strict>
        <showActionscriptWarnings implementation="boolean">${flex.compiler.show-actionscript-warnings}</showActionscriptWarnings>
        <finalName implementation="java.lang.String">${project.build.finalName}</finalName>
        <licenses implementation="net.israfil.mojo.flex2.License[]">${flex.licenses}</licenses>
      </configuration>
      <requirements>
        <requirement>
          <role>org.apache.maven.project.MavenProjectHelper</role>
          <field-name>projectHelper</field-name>
        </requirement>
      </requirements>
    </mojo>
    <mojo>
      <goal>copy-flex-applications</goal>
      <description>Goal that copies the project dependencies from the repository to a defined
location.</description>
      <requiresDependencyResolution>test</requiresDependencyResolution>
      <requiresDirectInvocation>false</requiresDirectInvocation>
      <requiresProject>true</requiresProject>
      <requiresReports>false</requiresReports>
      <aggregator>false</aggregator>
      <requiresOnline>false</requiresOnline>
      <inheritedByDefault>true</inheritedByDefault>
      <phase>process-resources</phase>
      <implementation>net.israfil.mojo.flex2.CopyModulesMojo</implementation>
      <language>java</language>
      <instantiationStrategy>per-lookup</instantiationStrategy>
      <executionStrategy>once-per-session</executionStrategy>
      <parameters>
        <parameter>
          <name>buildDirectory</name>
          <type>java.io.File</type>
          <required>true</required>
          <editable>false</editable>
          <description>target folder</description>
        </parameter>
        <parameter>
          <name>internalProject</name>
          <type>org.apache.maven.project.MavenProject</type>
          <required>true</required>
          <editable>false</editable>
          <description>POM</description>
        </parameter>
        <parameter>
          <name>modules</name>
          <type>java.util.List</type>
          <required>true</required>
          <editable>true</editable>
          <description>The modules which will be copied from dependencies</description>
        </parameter>
      </parameters>
      <configuration>
        <buildDirectory implementation="java.io.File">${project.build.directory}</buildDirectory>
        <internalProject implementation="org.apache.maven.project.MavenProject">${project}</internalProject>
      </configuration>
    </mojo>
    <mojo>
      <goal>compile-swf</goal>
      <description>Compilation action for Flex2 actionscript 3 classes.</description>
      <requiresDependencyResolution>runtime</requiresDependencyResolution>
      <requiresDirectInvocation>false</requiresDirectInvocation>
      <requiresProject>true</requiresProject>
      <requiresReports>false</requiresReports>
      <aggregator>false</aggregator>
      <requiresOnline>false</requiresOnline>
      <inheritedByDefault>true</inheritedByDefault>
      <phase>compile</phase>
      <implementation>net.israfil.mojo.flex2.MXMLCompilerMojo</implementation>
      <language>java</language>
      <instantiationStrategy>per-lookup</instantiationStrategy>
      <executionStrategy>once-per-session</executionStrategy>
      <parameters>
        <parameter>
          <name>classifier</name>
          <type>java.lang.String</type>
          <required>false</required>
          <editable>true</editable>
          <description>Classifier to add to the artifact generated. If given, the artifact will
be an attachment instead.</description>
        </parameter>
        <parameter>
          <name>compileSourceRoots</name>
          <type>java.util.List</type>
          <required>true</required>
          <editable>false</editable>
          <description>The source directories containing the sources to be compiled.</description>
        </parameter>
        <parameter>
          <name>dataServicesConfig</name>
          <type>java.io.File</type>
          <required>false</required>
          <editable>true</editable>
          <description></description>
        </parameter>
        <parameter>
          <name>debug</name>
          <type>boolean</type>
          <required>false</required>
          <editable>true</editable>
          <description></description>
        </parameter>
        <parameter>
          <name>finalName</name>
          <type>java.lang.String</type>
          <required>true</required>
          <editable>true</editable>
          <description>Name of the generated compiled binary file.</description>
        </parameter>
        <parameter>
          <name>flexConfig</name>
          <type>java.io.File</type>
          <required>true</required>
          <editable>true</editable>
          <description>The location of the flex configuration file. Uses the installed
default flex-config.xml file if none supplied.</description>
        </parameter>
        <parameter>
          <name>flexHome</name>
          <type>java.io.File</type>
          <required>true</required>
          <editable>true</editable>
          <description>The directory in which Flex (command-line or builder) is installed.</description>
        </parameter>
        <parameter>
          <name>incremental</name>
          <type>boolean</type>
          <required>false</required>
          <editable>true</editable>
          <description></description>
        </parameter>
        <parameter>
          <name>licenses</name>
          <type>net.israfil.mojo.flex2.License[]</type>
          <required>false</required>
          <editable>true</editable>
          <description></description>
        </parameter>
        <parameter>
          <name>locale</name>
          <type>java.lang.String</type>
          <required>false</required>
          <editable>true</editable>
          <description>The current locale.</description>
        </parameter>
        <parameter>
          <name>mainMxmlFile</name>
          <alias>main</alias>
          <type>java.lang.String</type>
          <required>true</required>
          <editable>true</editable>
          <description>The main mxml file</description>
        </parameter>
        <parameter>
          <name>optimize</name>
          <type>boolean</type>
          <required>false</required>
          <editable>true</editable>
          <description></description>
        </parameter>
        <parameter>
          <name>outputDirectory</name>
          <type>java.io.File</type>
          <required>true</required>
          <editable>false</editable>
          <description>The directory into which to place the resulting artifact. note that this is a read-only
parameter, satisfied from the build directory. Attempts to configure this should use the
standard &amp;lt;build&amp;gt;&amp;lt;directory/&amp;gt;&amp;lt;/build&amp;gt; approach.</description>
        </parameter>
        <parameter>
          <name>pluginArtifacts</name>
          <type>java.util.List</type>
          <required>true</required>
          <editable>false</editable>
          <description></description>
        </parameter>
        <parameter>
          <name>profile</name>
          <type>boolean</type>
          <required>false</required>
          <editable>true</editable>
          <description></description>
        </parameter>
        <parameter>
          <name>project</name>
          <type>org.apache.maven.project.MavenProject</type>
          <required>true</required>
          <editable>false</editable>
          <description>The maven project.</description>
        </parameter>
        <parameter>
          <name>resolveExtraSwcsFromFlexFrameworksLibs</name>
          <alias>resolve-extra-framework-libs</alias>
          <type>boolean</type>
          <required>false</required>
          <editable>true</editable>
          <description>Resolve extra libraries (such as charts or fds) from
${flex.home}/frameworks/libs. Default is false, in which case
these (and other) swcs should be deployed as flex artifacts (swcs).</description>
        </parameter>
        <parameter>
          <name>showActionscriptWarnings</name>
          <type>boolean</type>
          <required>false</required>
          <editable>true</editable>
          <description></description>
        </parameter>
        <parameter>
          <name>showBindingWarnings</name>
          <type>boolean</type>
          <required>false</required>
          <editable>true</editable>
          <description></description>
        </parameter>
        <parameter>
          <name>showDeprecationWarnings</name>
          <type>boolean</type>
          <required>false</required>
          <editable>true</editable>
          <description></description>
        </parameter>
        <parameter>
          <name>source</name>
          <type>java.io.File</type>
          <required>false</required>
          <editable>true</editable>
          <description>Location of the flex sources.</description>
        </parameter>
        <parameter>
          <name>strict</name>
          <type>boolean</type>
          <required>false</required>
          <editable>true</editable>
          <description></description>
        </parameter>
        <parameter>
          <name>useNetwork</name>
          <type>boolean</type>
          <required>false</required>
          <editable>true</editable>
          <description></description>
        </parameter>
        <parameter>
          <name>warnings</name>
          <type>boolean</type>
          <required>false</required>
          <editable>true</editable>
          <description></description>
        </parameter>
      </parameters>
      <configuration>
        <flexConfig implementation="java.io.File" default-value="${flex.home}/frameworks/flex-config.xml">${flex.config}</flexConfig>
        <incremental implementation="boolean">${flex.compiler.incremental}</incremental>
        <flexHome implementation="java.io.File">${flex.home}</flexHome>
        <showDeprecationWarnings implementation="boolean">${flex.compiler.show-deprecation-warnings}</showDeprecationWarnings>
        <mainMxmlFile implementation="java.lang.String">${flex.application.name}</mainMxmlFile>
        <pluginArtifacts implementation="java.util.List">${plugin.artifacts}</pluginArtifacts>
        <useNetwork implementation="boolean">${flex.compiler.use-network}</useNetwork>
        <profile implementation="boolean">${flex.compiler.profile}</profile>
        <debug implementation="boolean">${flex.compiler.debug}</debug>
        <locale implementation="java.lang.String">${flex.locale}</locale>
        <outputDirectory implementation="java.io.File">${project.build.directory}</outputDirectory>
        <warnings implementation="boolean">${flex.compiler.show-warnings}</warnings>
        <showBindingWarnings implementation="boolean">${flex.compiler.show-binding-warnings}</showBindingWarnings>
        <project implementation="org.apache.maven.project.MavenProject">${project}</project>
        <compileSourceRoots implementation="java.util.List">${project.compileSourceRoots}</compileSourceRoots>
        <optimize implementation="boolean">${flex.compiler.optimize}</optimize>
        <dataServicesConfig implementation="java.io.File">${flex.dataservices.config}</dataServicesConfig>
        <source implementation="java.io.File">${flex.compiler.source}</source>
        <strict implementation="boolean">${flex.compiler.strict}</strict>
        <showActionscriptWarnings implementation="boolean">${flex.compiler.show-actionscript-warnings}</showActionscriptWarnings>
        <finalName implementation="java.lang.String">${project.build.finalName}</finalName>
        <licenses implementation="net.israfil.mojo.flex2.License[]">${flex.licenses}</licenses>
      </configuration>
      <requirements>
        <requirement>
          <role>org.apache.maven.project.MavenProjectHelper</role>
          <field-name>projectHelper</field-name>
        </requirement>
      </requirements>
    </mojo>
  </mojos>
  <dependencies/>
</plugin>