<plugin>
  <description>Maven 2 Plugin to create symbolic links between projects</description>
  <groupId>com.pyx4j</groupId>
  <artifactId>maven-junction-plugin</artifactId>
  <version>1.0.3</version>
  <goalPrefix>junction</goalPrefix>
  <isolatedRealm>false</isolatedRealm>
  <inheritedByDefault>true</inheritedByDefault>
  <mojos>
    <mojo>
      <goal>link</goal>
      <description>Links the folders on windows on unix
Create Symlinks or junctions</description>
      <requiresDirectInvocation>false</requiresDirectInvocation>
      <requiresProject>true</requiresProject>
      <requiresReports>false</requiresReports>
      <aggregator>false</aggregator>
      <requiresOnline>false</requiresOnline>
      <inheritedByDefault>true</inheritedByDefault>
      <implementation>com.pyx4j.maven.plugin.junction.JunctionMojo</implementation>
      <language>java</language>
      <instantiationStrategy>per-lookup</instantiationStrategy>
      <executionStrategy>once-per-session</executionStrategy>
      <parameters>
        <parameter>
          <name>composeClasses</name>
          <type>com.pyx4j.maven.plugin.junction.ComposeClasses</type>
          <required>false</required>
          <editable>true</editable>
          <description></description>
        </parameter>
        <parameter>
          <name>links</name>
          <type>java.util.List</type>
          <required>false</required>
          <editable>true</editable>
          <description></description>
        </parameter>
        <parameter>
          <name>pluginArtifacts</name>
          <type>java.util.List</type>
          <required>true</required>
          <editable>false</editable>
          <description></description>
        </parameter>
      </parameters>
      <configuration>
        <pluginArtifacts implementation="java.util.List">${plugin.artifacts}</pluginArtifacts>
      </configuration>
    </mojo>
    <mojo>
      <goal>unlink</goal>
      <description>Unlinks the folder on windows on unix</description>
      <requiresDirectInvocation>false</requiresDirectInvocation>
      <requiresProject>true</requiresProject>
      <requiresReports>false</requiresReports>
      <aggregator>false</aggregator>
      <requiresOnline>false</requiresOnline>
      <inheritedByDefault>true</inheritedByDefault>
      <phase>clean</phase>
      <implementation>com.pyx4j.maven.plugin.junction.JunctionUnlinkMojo</implementation>
      <language>java</language>
      <instantiationStrategy>per-lookup</instantiationStrategy>
      <executionStrategy>once-per-session</executionStrategy>
      <parameters>
        <parameter>
          <name>composeClasses</name>
          <type>com.pyx4j.maven.plugin.junction.ComposeClasses</type>
          <required>false</required>
          <editable>true</editable>
          <description></description>
        </parameter>
        <parameter>
          <name>links</name>
          <type>java.util.List</type>
          <required>false</required>
          <editable>true</editable>
          <description></description>
        </parameter>
        <parameter>
          <name>pluginArtifacts</name>
          <type>java.util.List</type>
          <required>true</required>
          <editable>false</editable>
          <description></description>
        </parameter>
      </parameters>
      <configuration>
        <pluginArtifacts implementation="java.util.List">${plugin.artifacts}</pluginArtifacts>
      </configuration>
    </mojo>
  </mojos>
  <dependencies/>
</plugin>