<plugin>
  <description>Maven 2 Plugin to make j2me project</description>
  <groupId>com.pyx4me</groupId>
  <artifactId>j2me-maven-plugin</artifactId>
  <version>2.0.1</version>
  <goalPrefix>j2me</goalPrefix>
  <isolatedRealm>false</isolatedRealm>
  <inheritedByDefault>true</inheritedByDefault>
  <mojos>
    <mojo>
      <goal>package</goal>
      <description>The j2me:package task is an wrapper for Jar task that handles JAD files correctly. It also allows for obfuscation and preverification of the generated file.</description>
      <requiresDependencyResolution>test</requiresDependencyResolution>
      <requiresDirectInvocation>false</requiresDirectInvocation>
      <requiresProject>true</requiresProject>
      <requiresReports>false</requiresReports>
      <aggregator>false</aggregator>
      <requiresOnline>false</requiresOnline>
      <inheritedByDefault>true</inheritedByDefault>
      <phase>package</phase>
      <implementation>com.pyx4me.maven.j2me.PackageMojo</implementation>
      <language>java</language>
      <instantiationStrategy>per-lookup</instantiationStrategy>
      <executionStrategy>once-per-session</executionStrategy>
      <parameters>
        <parameter>
          <name>appendClassifier</name>
          <type>boolean</type>
          <required>false</required>
          <editable>true</editable>
          <description>Set to false to exclude the classifier from the Artifact final name. Default value is true.</description>
        </parameter>
        <parameter>
          <name>archive</name>
          <type>org.apache.maven.archiver.MavenArchiveConfiguration</type>
          <required>false</required>
          <editable>true</editable>
          <description>The maven archive configuration to use.</description>
        </parameter>
        <parameter>
          <name>attach</name>
          <type>boolean</type>
          <required>false</required>
          <editable>true</editable>
          <description>Specifies whether or not to attach the JAR and JAD artifacts to the project</description>
        </parameter>
        <parameter>
          <name>classesDirectory</name>
          <type>java.io.File</type>
          <required>true</required>
          <editable>false</editable>
          <description>The directory containing generated classes.</description>
        </parameter>
        <parameter>
          <name>classifier</name>
          <type>java.lang.String</type>
          <required>true</required>
          <editable>true</editable>
          <description>Classifier to add to the artifact generated. The artifact will be an attachment to project jar. Can be &quot;none&quot;, See appendClassifier</description>
        </parameter>
        <parameter>
          <name>j2meConfiguration</name>
          <type>java.lang.String</type>
          <required>true</required>
          <editable>true</editable>
          <description>The midlets configuration</description>
        </parameter>
        <parameter>
          <name>j2meProfile</name>
          <type>java.lang.String</type>
          <required>true</required>
          <editable>true</editable>
          <description>The midlets profile</description>
        </parameter>
        <parameter>
          <name>jadAttributes</name>
          <type>java.util.Map</type>
          <required>false</required>
          <editable>true</editable>
          <description>The task also allows to specify an arbitrary number of attributes.</description>
        </parameter>
        <parameter>
          <name>jadfile</name>
          <type>java.lang.String</type>
          <required>true</required>
          <editable>true</editable>
          <description>The name of the JAD file to create or update. classifier would be appended.</description>
        </parameter>
        <parameter>
          <name>jarfile</name>
          <type>java.lang.String</type>
          <required>true</required>
          <editable>true</editable>
          <description>The name of the JAR file that accompanies the JAD file. classifier would be appended.</description>
        </parameter>
        <parameter>
          <name>libs</name>
          <type>java.util.List</type>
          <required>false</required>
          <editable>true</editable>
          <description>Additional -libraryjars e.g. ${java.home}/lib/rt.jar Project compile dependency used by proguard instead of WTK libs. See useWtkLibs</description>
        </parameter>
        <parameter>
          <name>mavenProject</name>
          <type>org.apache.maven.project.MavenProject</type>
          <required>true</required>
          <editable>true</editable>
          <description>The Maven project reference where the plugin is currently being executed. The default value is populated from maven.</description>
        </parameter>
        <parameter>
          <name>midletName</name>
          <type>java.lang.String</type>
          <required>true</required>
          <editable>true</editable>
          <description>The midlets name</description>
        </parameter>
        <parameter>
          <name>midletVendor</name>
          <type>java.lang.String</type>
          <required>true</required>
          <editable>true</editable>
          <description>The midlets vendor</description>
        </parameter>
        <parameter>
          <name>midletVersion</name>
          <type>java.lang.String</type>
          <required>true</required>
          <editable>true</editable>
          <description>The midlets version, -SNAPSHOT would be removed.</description>
        </parameter>
        <parameter>
          <name>midlets</name>
          <type>com.pyx4me.maven.j2me.MIDlet</type>
          <required>false</required>
          <editable>true</editable>
          <description>Arbitrary number of MIDlets using a nested element &quot;MIDlet&quot;.</description>
        </parameter>
        <parameter>
          <name>obfuscate</name>
          <type>boolean</type>
          <required>false</required>
          <editable>true</editable>
          <description>Specifies not to obfuscate the input class files.</description>
        </parameter>
        <parameter>
          <name>outputDirectory</name>
          <type>java.io.File</type>
          <required>true</required>
          <editable>true</editable>
          <description>Directory containing the generated JAR.</description>
        </parameter>
        <parameter>
          <name>packaging</name>
          <type>java.lang.String</type>
          <required>true</required>
          <editable>false</editable>
          <description></description>
        </parameter>
        <parameter>
          <name>pluginArtifacts</name>
          <type>java.util.List</type>
          <required>true</required>
          <editable>false</editable>
          <description>The plugin dependencies.</description>
        </parameter>
        <parameter>
          <name>proguard</name>
          <type>boolean</type>
          <required>false</required>
          <editable>true</editable>
          <description>Specifies whether or not execute ProGuard on created JAR.</description>
        </parameter>
        <parameter>
          <name>proguardInclude</name>
          <type>java.io.File</type>
          <required>false</required>
          <editable>true</editable>
          <description>Recursively reads configuration options from the given file filename</description>
        </parameter>
        <parameter>
          <name>proguardTestInclude</name>
          <type>java.io.File</type>
          <required>false</required>
          <editable>true</editable>
          <description>Recursively reads configuration options from the given file filename when processing test pakage.</description>
        </parameter>
        <parameter>
          <name>test</name>
          <type>boolean</type>
          <required>false</required>
          <editable>true</editable>
          <description>Specifies whether or not create test JAR and JAD artifacts</description>
        </parameter>
        <parameter>
          <name>testAttach</name>
          <type>boolean</type>
          <required>false</required>
          <editable>true</editable>
          <description>Specifies whether or not to attach the JAR and JAD test artifacts to the project</description>
        </parameter>
        <parameter>
          <name>testClassifier</name>
          <type>java.lang.String</type>
          <required>true</required>
          <editable>true</editable>
          <description>Classifier to add to the test artifact generated. The artifact will be an attachment to project jar. See appendClassifier</description>
        </parameter>
        <parameter>
          <name>useWtkLibs</name>
          <type>boolean</type>
          <required>true</required>
          <editable>true</editable>
          <description>Use WTK libraries or project dependancy provided artifacts. See libs</description>
        </parameter>
        <parameter>
          <name>wtkHome</name>
          <type>java.lang.String</type>
          <required>true</required>
          <editable>true</editable>
          <description>The path to the j2me sdk to use for preverifying. e.g. ${env.WTK_HOME}</description>
        </parameter>
      </parameters>
      <configuration>
        <classesDirectory implementation="java.io.File">${project.build.outputDirectory}</classesDirectory>
        <obfuscate implementation="boolean" default-value="true"/>
        <jarfile implementation="java.lang.String">${project.build.finalName}</jarfile>
        <testClassifier implementation="java.lang.String">test</testClassifier>
        <appendClassifier implementation="boolean" default-value="true"/>
        <classifier implementation="java.lang.String">me</classifier>
        <j2meConfiguration implementation="java.lang.String" default-value="CLDC-1.1">${j2me.midlet.configuration}</j2meConfiguration>
        <proguardInclude implementation="java.io.File" default-value="${basedir}/proguard.conf"/>
        <pluginArtifacts implementation="java.util.List">${plugin.artifacts}</pluginArtifacts>
        <midletName implementation="java.lang.String" default-value="${project.name}">${j2me.midlet.name}</midletName>
        <proguardTestInclude implementation="java.io.File" default-value="${basedir}/proguard-test.conf"/>
        <jadfile implementation="java.lang.String">${project.build.finalName}</jadfile>
        <attach implementation="boolean" default-value="true">${j2me.attach}</attach>
        <midletVersion implementation="java.lang.String" default-value="${project.version}">${j2me.midlet.version}</midletVersion>
        <mavenProject implementation="org.apache.maven.project.MavenProject">${project}</mavenProject>
        <outputDirectory implementation="java.io.File">${project.build.directory}</outputDirectory>
        <testAttach implementation="boolean" default-value="false"/>
        <j2meProfile implementation="java.lang.String" default-value="MIDP-2.0">${j2me.midlet.profile}</j2meProfile>
        <useWtkLibs implementation="boolean" default-value="true"/>
        <midletVendor implementation="java.lang.String" default-value="${project.organization.name}">${j2me.midlet.vendor}</midletVendor>
        <proguard implementation="boolean" default-value="true">${j2me.obfuscate}</proguard>
        <test implementation="boolean" default-value="false"/>
        <packaging implementation="java.lang.String">${project.packaging}</packaging>
      </configuration>
      <requirements>
        <requirement>
          <role>org.apache.maven.project.MavenProjectHelper</role>
          <field-name>projectHelper</field-name>
        </requirement>
        <requirement>
          <role>org.codehaus.plexus.archiver.Archiver</role>
          <role-hint>jar</role-hint>
          <field-name>jarArchiver</field-name>
        </requirement>
      </requirements>
    </mojo>
    <mojo>
      <goal>obfuscate</goal>
      <description>&lt;p&gt; The Obfuscate task provides a standalone obfuscation task &lt;/p&gt;</description>
      <requiresDependencyResolution>test</requiresDependencyResolution>
      <requiresDirectInvocation>false</requiresDirectInvocation>
      <requiresProject>true</requiresProject>
      <requiresReports>false</requiresReports>
      <aggregator>false</aggregator>
      <requiresOnline>false</requiresOnline>
      <inheritedByDefault>true</inheritedByDefault>
      <phase>package</phase>
      <implementation>com.pyx4me.maven.j2me.ProGuardMojo</implementation>
      <language>java</language>
      <instantiationStrategy>per-lookup</instantiationStrategy>
      <executionStrategy>once-per-session</executionStrategy>
      <parameters>
        <parameter>
          <name>appendClassifier</name>
          <type>boolean</type>
          <required>false</required>
          <editable>true</editable>
          <description>Set to false to exclude the classifier from the Artifact final name. Default value is true.</description>
        </parameter>
        <parameter>
          <name>classifier</name>
          <type>java.lang.String</type>
          <required>true</required>
          <editable>true</editable>
          <description>Classifier to add to the artifact generated. The artifact will be an attachment to project jar. Can be &quot;none&quot;, See appendClassifier</description>
        </parameter>
        <parameter>
          <name>j2meConfiguration</name>
          <type>java.lang.String</type>
          <required>true</required>
          <editable>true</editable>
          <description>The midlets configuration</description>
        </parameter>
        <parameter>
          <name>j2meProfile</name>
          <type>java.lang.String</type>
          <required>true</required>
          <editable>true</editable>
          <description>The midlets profile</description>
        </parameter>
        <parameter>
          <name>jadAttributes</name>
          <type>java.util.Map</type>
          <required>false</required>
          <editable>true</editable>
          <description>The task also allows to specify an arbitrary number of attributes.</description>
        </parameter>
        <parameter>
          <name>jadfile</name>
          <type>java.lang.String</type>
          <required>true</required>
          <editable>true</editable>
          <description>The name of the JAD file to create or update. classifier would be appended.</description>
        </parameter>
        <parameter>
          <name>jarfile</name>
          <type>java.lang.String</type>
          <required>true</required>
          <editable>true</editable>
          <description>The name of the JAR file that accompanies the JAD file. classifier would be appended.</description>
        </parameter>
        <parameter>
          <name>libs</name>
          <type>java.util.List</type>
          <required>false</required>
          <editable>true</editable>
          <description>Additional -libraryjars e.g. ${java.home}/lib/rt.jar Project compile dependency used by proguard instead of WTK libs. See useWtkLibs</description>
        </parameter>
        <parameter>
          <name>mavenProject</name>
          <type>org.apache.maven.project.MavenProject</type>
          <required>true</required>
          <editable>true</editable>
          <description>The Maven project reference where the plugin is currently being executed. The default value is populated from maven.</description>
        </parameter>
        <parameter>
          <name>midletName</name>
          <type>java.lang.String</type>
          <required>true</required>
          <editable>true</editable>
          <description>The midlets name</description>
        </parameter>
        <parameter>
          <name>midletVendor</name>
          <type>java.lang.String</type>
          <required>true</required>
          <editable>true</editable>
          <description>The midlets vendor</description>
        </parameter>
        <parameter>
          <name>midletVersion</name>
          <type>java.lang.String</type>
          <required>true</required>
          <editable>true</editable>
          <description>The midlets version, -SNAPSHOT would be removed.</description>
        </parameter>
        <parameter>
          <name>midlets</name>
          <type>com.pyx4me.maven.j2me.MIDlet</type>
          <required>false</required>
          <editable>true</editable>
          <description>Arbitrary number of MIDlets using a nested element &quot;MIDlet&quot;.</description>
        </parameter>
        <parameter>
          <name>obfuscate</name>
          <type>boolean</type>
          <required>false</required>
          <editable>true</editable>
          <description>Specifies not to obfuscate the input class files.</description>
        </parameter>
        <parameter>
          <name>outputDirectory</name>
          <type>java.io.File</type>
          <required>true</required>
          <editable>true</editable>
          <description>Directory containing the generated JAR.</description>
        </parameter>
        <parameter>
          <name>packaging</name>
          <type>java.lang.String</type>
          <required>true</required>
          <editable>false</editable>
          <description></description>
        </parameter>
        <parameter>
          <name>pluginArtifacts</name>
          <type>java.util.List</type>
          <required>true</required>
          <editable>false</editable>
          <description>The plugin dependencies.</description>
        </parameter>
        <parameter>
          <name>proguardInclude</name>
          <type>java.io.File</type>
          <required>false</required>
          <editable>true</editable>
          <description>Recursively reads configuration options from the given file filename</description>
        </parameter>
        <parameter>
          <name>test</name>
          <type>boolean</type>
          <required>false</required>
          <editable>true</editable>
          <description>Specifies whether or not create test JAR and JAD artifacts</description>
        </parameter>
        <parameter>
          <name>testClassifier</name>
          <type>java.lang.String</type>
          <required>true</required>
          <editable>true</editable>
          <description>Classifier to add to the test artifact generated. The artifact will be an attachment to project jar. See appendClassifier</description>
        </parameter>
        <parameter>
          <name>useWtkLibs</name>
          <type>boolean</type>
          <required>true</required>
          <editable>true</editable>
          <description>Use WTK libraries or project dependancy provided artifacts. See libs</description>
        </parameter>
        <parameter>
          <name>wtkHome</name>
          <type>java.lang.String</type>
          <required>true</required>
          <editable>true</editable>
          <description>The path to the j2me sdk to use for preverifying. e.g. ${env.WTK_HOME}</description>
        </parameter>
      </parameters>
      <configuration>
        <obfuscate implementation="boolean" default-value="true"/>
        <jarfile implementation="java.lang.String">${project.build.finalName}</jarfile>
        <testClassifier implementation="java.lang.String">test</testClassifier>
        <appendClassifier implementation="boolean" default-value="true"/>
        <classifier implementation="java.lang.String">me</classifier>
        <j2meConfiguration implementation="java.lang.String" default-value="CLDC-1.1">${j2me.midlet.configuration}</j2meConfiguration>
        <proguardInclude implementation="java.io.File" default-value="${basedir}/proguard.conf"/>
        <pluginArtifacts implementation="java.util.List">${plugin.artifacts}</pluginArtifacts>
        <midletName implementation="java.lang.String" default-value="${project.name}">${j2me.midlet.name}</midletName>
        <jadfile implementation="java.lang.String">${project.build.finalName}</jadfile>
        <midletVersion implementation="java.lang.String" default-value="${project.version}">${j2me.midlet.version}</midletVersion>
        <mavenProject implementation="org.apache.maven.project.MavenProject">${project}</mavenProject>
        <outputDirectory implementation="java.io.File">${project.build.directory}</outputDirectory>
        <j2meProfile implementation="java.lang.String" default-value="MIDP-2.0">${j2me.midlet.profile}</j2meProfile>
        <useWtkLibs implementation="boolean" default-value="true"/>
        <midletVendor implementation="java.lang.String" default-value="${project.organization.name}">${j2me.midlet.vendor}</midletVendor>
        <test implementation="boolean" default-value="false"/>
        <packaging implementation="java.lang.String">${project.packaging}</packaging>
      </configuration>
    </mojo>
    <mojo>
      <goal>jad</goal>
      <description>&lt;p&gt; The WtkJad task allows to create new JAD files from scratch or modify existing ones. In particular, it is able to update the MIDlet-Jar-URL and MIDlet-Jar-Size keys automatically if a JAR file is specified, and increase the MIDlet-Version key if automatic versioning is requested. &lt;/p&gt;</description>
      <requiresDependencyResolution>test</requiresDependencyResolution>
      <requiresDirectInvocation>false</requiresDirectInvocation>
      <requiresProject>true</requiresProject>
      <requiresReports>false</requiresReports>
      <aggregator>false</aggregator>
      <requiresOnline>false</requiresOnline>
      <inheritedByDefault>true</inheritedByDefault>
      <phase>package</phase>
      <implementation>com.pyx4me.maven.j2me.WtkJadMojo</implementation>
      <language>java</language>
      <instantiationStrategy>per-lookup</instantiationStrategy>
      <executionStrategy>once-per-session</executionStrategy>
      <parameters>
        <parameter>
          <name>appendClassifier</name>
          <type>boolean</type>
          <required>false</required>
          <editable>true</editable>
          <description>Set to false to exclude the classifier from the Artifact final name. Default value is true.</description>
        </parameter>
        <parameter>
          <name>classifier</name>
          <type>java.lang.String</type>
          <required>true</required>
          <editable>true</editable>
          <description>Classifier to add to the artifact generated. The artifact will be an attachment to project jar. Can be &quot;none&quot;, See appendClassifier</description>
        </parameter>
        <parameter>
          <name>j2meConfiguration</name>
          <type>java.lang.String</type>
          <required>true</required>
          <editable>true</editable>
          <description>The midlets configuration</description>
        </parameter>
        <parameter>
          <name>j2meProfile</name>
          <type>java.lang.String</type>
          <required>true</required>
          <editable>true</editable>
          <description>The midlets profile</description>
        </parameter>
        <parameter>
          <name>jadAttributes</name>
          <type>java.util.Map</type>
          <required>false</required>
          <editable>true</editable>
          <description>The task also allows to specify an arbitrary number of attributes.</description>
        </parameter>
        <parameter>
          <name>jadfile</name>
          <type>java.lang.String</type>
          <required>true</required>
          <editable>true</editable>
          <description>The name of the JAD file to create or update. classifier would be appended.</description>
        </parameter>
        <parameter>
          <name>jarfile</name>
          <type>java.lang.String</type>
          <required>true</required>
          <editable>true</editable>
          <description>The name of the JAR file that accompanies the JAD file. classifier would be appended.</description>
        </parameter>
        <parameter>
          <name>libs</name>
          <type>java.util.List</type>
          <required>false</required>
          <editable>true</editable>
          <description>Additional -libraryjars e.g. ${java.home}/lib/rt.jar Project compile dependency used by proguard instead of WTK libs. See useWtkLibs</description>
        </parameter>
        <parameter>
          <name>mavenProject</name>
          <type>org.apache.maven.project.MavenProject</type>
          <required>true</required>
          <editable>true</editable>
          <description>The Maven project reference where the plugin is currently being executed. The default value is populated from maven.</description>
        </parameter>
        <parameter>
          <name>midletName</name>
          <type>java.lang.String</type>
          <required>true</required>
          <editable>true</editable>
          <description>The midlets name</description>
        </parameter>
        <parameter>
          <name>midletVendor</name>
          <type>java.lang.String</type>
          <required>true</required>
          <editable>true</editable>
          <description>The midlets vendor</description>
        </parameter>
        <parameter>
          <name>midletVersion</name>
          <type>java.lang.String</type>
          <required>true</required>
          <editable>true</editable>
          <description>The midlets version, -SNAPSHOT would be removed.</description>
        </parameter>
        <parameter>
          <name>midlets</name>
          <type>com.pyx4me.maven.j2me.MIDlet</type>
          <required>false</required>
          <editable>true</editable>
          <description>Arbitrary number of MIDlets using a nested element &quot;MIDlet&quot;.</description>
        </parameter>
        <parameter>
          <name>outputDirectory</name>
          <type>java.io.File</type>
          <required>true</required>
          <editable>true</editable>
          <description>Directory containing the generated JAR.</description>
        </parameter>
        <parameter>
          <name>packaging</name>
          <type>java.lang.String</type>
          <required>true</required>
          <editable>false</editable>
          <description></description>
        </parameter>
        <parameter>
          <name>pluginArtifacts</name>
          <type>java.util.List</type>
          <required>true</required>
          <editable>false</editable>
          <description>The plugin dependencies.</description>
        </parameter>
        <parameter>
          <name>test</name>
          <type>boolean</type>
          <required>false</required>
          <editable>true</editable>
          <description>Specifies whether or not create test JAR and JAD artifacts</description>
        </parameter>
        <parameter>
          <name>testClassifier</name>
          <type>java.lang.String</type>
          <required>true</required>
          <editable>true</editable>
          <description>Classifier to add to the test artifact generated. The artifact will be an attachment to project jar. See appendClassifier</description>
        </parameter>
        <parameter>
          <name>useWtkLibs</name>
          <type>boolean</type>
          <required>true</required>
          <editable>true</editable>
          <description>Use WTK libraries or project dependancy provided artifacts. See libs</description>
        </parameter>
        <parameter>
          <name>wtkHome</name>
          <type>java.lang.String</type>
          <required>true</required>
          <editable>true</editable>
          <description>The path to the j2me sdk to use for preverifying. e.g. ${env.WTK_HOME}</description>
        </parameter>
      </parameters>
      <configuration>
        <jarfile implementation="java.lang.String">${project.build.finalName}</jarfile>
        <testClassifier implementation="java.lang.String">test</testClassifier>
        <appendClassifier implementation="boolean" default-value="true"/>
        <classifier implementation="java.lang.String">me</classifier>
        <j2meConfiguration implementation="java.lang.String" default-value="CLDC-1.1">${j2me.midlet.configuration}</j2meConfiguration>
        <midletName implementation="java.lang.String" default-value="${project.name}">${j2me.midlet.name}</midletName>
        <pluginArtifacts implementation="java.util.List">${plugin.artifacts}</pluginArtifacts>
        <jadfile implementation="java.lang.String">${project.build.finalName}</jadfile>
        <midletVersion implementation="java.lang.String" default-value="${project.version}">${j2me.midlet.version}</midletVersion>
        <mavenProject implementation="org.apache.maven.project.MavenProject">${project}</mavenProject>
        <outputDirectory implementation="java.io.File">${project.build.directory}</outputDirectory>
        <j2meProfile implementation="java.lang.String" default-value="MIDP-2.0">${j2me.midlet.profile}</j2meProfile>
        <useWtkLibs implementation="boolean" default-value="true"/>
        <midletVendor implementation="java.lang.String" default-value="${project.organization.name}">${j2me.midlet.vendor}</midletVendor>
        <test implementation="boolean" default-value="false"/>
        <packaging implementation="java.lang.String">${project.packaging}</packaging>
      </configuration>
    </mojo>
    <mojo>
      <goal>preverify</goal>
      <description>The preverify MoJo runs the preverify command from the given J2ME SDK. &lt;p&gt; Preverification takes place in the phase process-classes, that means after successfull compilation. The MoJo takes the classes to preverify from ${project.build.outputDirectory} and places the preverified classes into the same directory. Therefore no change to the packaging phase is neccessary. &lt;/p&gt;</description>
      <requiresDependencyResolution>test</requiresDependencyResolution>
      <requiresDirectInvocation>false</requiresDirectInvocation>
      <requiresProject>true</requiresProject>
      <requiresReports>false</requiresReports>
      <aggregator>false</aggregator>
      <requiresOnline>false</requiresOnline>
      <inheritedByDefault>true</inheritedByDefault>
      <phase>process-classes</phase>
      <implementation>com.pyx4me.maven.j2me.WtkPreverifyMojo</implementation>
      <language>java</language>
      <instantiationStrategy>per-lookup</instantiationStrategy>
      <executionStrategy>once-per-session</executionStrategy>
      <parameters>
        <parameter>
          <name>j2meConfiguration</name>
          <type>java.lang.String</type>
          <required>true</required>
          <editable>true</editable>
          <description>The midlets configuration</description>
        </parameter>
        <parameter>
          <name>j2meProfile</name>
          <type>java.lang.String</type>
          <required>true</required>
          <editable>true</editable>
          <description>The midlets profile</description>
        </parameter>
        <parameter>
          <name>libs</name>
          <type>java.util.List</type>
          <required>false</required>
          <editable>true</editable>
          <description>Additional -libraryjars e.g. ${java.home}/lib/rt.jar Project compile dependency used by proguard instead of WTK libs. See useWtkLibs</description>
        </parameter>
        <parameter>
          <name>mavenProject</name>
          <type>org.apache.maven.project.MavenProject</type>
          <required>true</required>
          <editable>true</editable>
          <description>The Maven project reference where the plugin is currently being executed. The default value is populated from maven.</description>
        </parameter>
        <parameter>
          <name>midletName</name>
          <type>java.lang.String</type>
          <required>true</required>
          <editable>true</editable>
          <description>The midlets name</description>
        </parameter>
        <parameter>
          <name>midletVendor</name>
          <type>java.lang.String</type>
          <required>true</required>
          <editable>true</editable>
          <description>The midlets vendor</description>
        </parameter>
        <parameter>
          <name>midletVersion</name>
          <type>java.lang.String</type>
          <required>true</required>
          <editable>true</editable>
          <description>The midlets version, -SNAPSHOT would be removed.</description>
        </parameter>
        <parameter>
          <name>outputDirectory</name>
          <type>java.io.File</type>
          <required>true</required>
          <editable>true</editable>
          <description>Directory containing the generated JAR.</description>
        </parameter>
        <parameter>
          <name>packaging</name>
          <type>java.lang.String</type>
          <required>true</required>
          <editable>false</editable>
          <description></description>
        </parameter>
        <parameter>
          <name>pluginArtifacts</name>
          <type>java.util.List</type>
          <required>true</required>
          <editable>false</editable>
          <description>The plugin dependencies.</description>
        </parameter>
        <parameter>
          <name>useWtkLibs</name>
          <type>boolean</type>
          <required>true</required>
          <editable>true</editable>
          <description>Use WTK libraries or project dependancy provided artifacts. See libs</description>
        </parameter>
        <parameter>
          <name>wtkHome</name>
          <type>java.lang.String</type>
          <required>true</required>
          <editable>true</editable>
          <description>The path to the j2me sdk to use for preverifying. e.g. ${env.WTK_HOME}</description>
        </parameter>
      </parameters>
      <configuration>
        <midletVersion implementation="java.lang.String" default-value="${project.version}">${j2me.midlet.version}</midletVersion>
        <mavenProject implementation="org.apache.maven.project.MavenProject">${project}</mavenProject>
        <outputDirectory implementation="java.io.File">${project.build.directory}</outputDirectory>
        <j2meConfiguration implementation="java.lang.String" default-value="CLDC-1.1">${j2me.midlet.configuration}</j2meConfiguration>
        <j2meProfile implementation="java.lang.String" default-value="MIDP-2.0">${j2me.midlet.profile}</j2meProfile>
        <pluginArtifacts implementation="java.util.List">${plugin.artifacts}</pluginArtifacts>
        <midletName implementation="java.lang.String" default-value="${project.name}">${j2me.midlet.name}</midletName>
        <useWtkLibs implementation="boolean" default-value="true"/>
        <midletVendor implementation="java.lang.String" default-value="${project.organization.name}">${j2me.midlet.vendor}</midletVendor>
        <packaging implementation="java.lang.String">${project.packaging}</packaging>
      </configuration>
    </mojo>
  </mojos>
  <dependencies/>
</plugin>