<plugin>
  <description>Maven 2 Plugin to deploy J2ME app using obex</description>
  <groupId>com.pyx4me</groupId>
  <artifactId>obex-maven-plugin</artifactId>
  <version>2.0.2</version>
  <goalPrefix>obex</goalPrefix>
  <isolatedRealm>false</isolatedRealm>
  <inheritedByDefault>true</inheritedByDefault>
  <mojos>
    <mojo>
      <goal>deploy</goal>
      <description>The obex:deploy task execute OBEX PUT to install application.</description>
      <requiresDirectInvocation>false</requiresDirectInvocation>
      <requiresProject>true</requiresProject>
      <requiresReports>false</requiresReports>
      <aggregator>false</aggregator>
      <requiresOnline>false</requiresOnline>
      <inheritedByDefault>true</inheritedByDefault>
      <implementation>com.pyx4me.maven.obex.ObexDeployMojo</implementation>
      <language>java</language>
      <instantiationStrategy>per-lookup</instantiationStrategy>
      <executionStrategy>once-per-session</executionStrategy>
      <parameters>
        <parameter>
          <name>connectionRetry</name>
          <type>int</type>
          <required>false</required>
          <editable>true</editable>
          <description>Retry OBEX connection in case of error.</description>
        </parameter>
        <parameter>
          <name>jarfile</name>
          <type>java.lang.String</type>
          <required>true</required>
          <editable>true</editable>
          <description>The name of the JAR file to deploy.</description>
        </parameter>
        <parameter>
          <name>mavenProject</name>
          <type>org.apache.maven.project.MavenProject</type>
          <required>true</required>
          <editable>false</editable>
          <description>The Maven project reference where the plugin is currently being executed.
The default value is populated from maven.</description>
        </parameter>
        <parameter>
          <name>server</name>
          <type>java.lang.String</type>
          <required>true</required>
          <editable>true</editable>
          <description>The server id prefix in settings.xml to use when connecting.</description>
        </parameter>
        <parameter>
          <name>serverSufix</name>
          <type>java.lang.String</type>
          <required>false</required>
          <editable>true</editable>
          <description>Specifies optional sufix for server ID to use.</description>
        </parameter>
        <parameter>
          <name>settings</name>
          <type>org.apache.maven.settings.Settings</type>
          <required>true</required>
          <editable>false</editable>
          <description>The current user system settings for use in Maven.</description>
        </parameter>
      </parameters>
      <configuration>
        <settings implementation="org.apache.maven.settings.Settings">${settings}</settings>
        <mavenProject implementation="org.apache.maven.project.MavenProject">${project}</mavenProject>
        <jarfile implementation="java.lang.String">${project.build.finalName}</jarfile>
        <connectionRetry implementation="int" default-value="3"/>
        <serverSufix implementation="java.lang.String">${obex.c}</serverSufix>
        <server implementation="java.lang.String" default-value="obex-device">${obex.server}</server>
      </configuration>
    </mojo>
    <mojo>
      <goal>d3</goal>
      <description>Handy shortcut for &quot;obex -Dobex.c=3&quot; if you have multiple phones
Use configuration 3 for application installation.</description>
      <requiresDirectInvocation>false</requiresDirectInvocation>
      <requiresProject>true</requiresProject>
      <requiresReports>false</requiresReports>
      <aggregator>false</aggregator>
      <requiresOnline>false</requiresOnline>
      <inheritedByDefault>true</inheritedByDefault>
      <implementation>com.pyx4me.maven.obex.ObexDeploy3Mojo</implementation>
      <language>java</language>
      <instantiationStrategy>per-lookup</instantiationStrategy>
      <executionStrategy>once-per-session</executionStrategy>
      <parameters>
        <parameter>
          <name>connectionRetry</name>
          <type>int</type>
          <required>false</required>
          <editable>true</editable>
          <description>Retry OBEX connection in case of error.</description>
        </parameter>
        <parameter>
          <name>jarfile</name>
          <type>java.lang.String</type>
          <required>true</required>
          <editable>true</editable>
          <description>The name of the JAR file to deploy.</description>
        </parameter>
        <parameter>
          <name>mavenProject</name>
          <type>org.apache.maven.project.MavenProject</type>
          <required>true</required>
          <editable>false</editable>
          <description>The Maven project reference where the plugin is currently being executed.
The default value is populated from maven.</description>
        </parameter>
        <parameter>
          <name>server</name>
          <type>java.lang.String</type>
          <required>true</required>
          <editable>true</editable>
          <description>The server id prefix in settings.xml to use when connecting.</description>
        </parameter>
        <parameter>
          <name>serverSufix</name>
          <type>java.lang.String</type>
          <required>false</required>
          <editable>true</editable>
          <description>Specifies optional sufix for server ID to use.</description>
        </parameter>
        <parameter>
          <name>settings</name>
          <type>org.apache.maven.settings.Settings</type>
          <required>true</required>
          <editable>false</editable>
          <description>The current user system settings for use in Maven.</description>
        </parameter>
      </parameters>
      <configuration>
        <settings implementation="org.apache.maven.settings.Settings">${settings}</settings>
        <mavenProject implementation="org.apache.maven.project.MavenProject">${project}</mavenProject>
        <jarfile implementation="java.lang.String">${project.build.finalName}</jarfile>
        <connectionRetry implementation="int" default-value="3"/>
        <serverSufix implementation="java.lang.String" default-value="3">${obex.c}</serverSufix>
        <server implementation="java.lang.String" default-value="obex-device">${obex.server}</server>
      </configuration>
    </mojo>
    <mojo>
      <goal>d1</goal>
      <description>Handy shortcut for &quot;obex -Dobex.c=1&quot; if you have multiple phones
Use configuration 1 for application installation.</description>
      <requiresDirectInvocation>false</requiresDirectInvocation>
      <requiresProject>true</requiresProject>
      <requiresReports>false</requiresReports>
      <aggregator>false</aggregator>
      <requiresOnline>false</requiresOnline>
      <inheritedByDefault>true</inheritedByDefault>
      <implementation>com.pyx4me.maven.obex.ObexDeploy1Mojo</implementation>
      <language>java</language>
      <instantiationStrategy>per-lookup</instantiationStrategy>
      <executionStrategy>once-per-session</executionStrategy>
      <parameters>
        <parameter>
          <name>connectionRetry</name>
          <type>int</type>
          <required>false</required>
          <editable>true</editable>
          <description>Retry OBEX connection in case of error.</description>
        </parameter>
        <parameter>
          <name>jarfile</name>
          <type>java.lang.String</type>
          <required>true</required>
          <editable>true</editable>
          <description>The name of the JAR file to deploy.</description>
        </parameter>
        <parameter>
          <name>mavenProject</name>
          <type>org.apache.maven.project.MavenProject</type>
          <required>true</required>
          <editable>false</editable>
          <description>The Maven project reference where the plugin is currently being executed.
The default value is populated from maven.</description>
        </parameter>
        <parameter>
          <name>server</name>
          <type>java.lang.String</type>
          <required>true</required>
          <editable>true</editable>
          <description>The server id prefix in settings.xml to use when connecting.</description>
        </parameter>
        <parameter>
          <name>serverSufix</name>
          <type>java.lang.String</type>
          <required>false</required>
          <editable>true</editable>
          <description>Specifies optional sufix for server ID to use.</description>
        </parameter>
        <parameter>
          <name>settings</name>
          <type>org.apache.maven.settings.Settings</type>
          <required>true</required>
          <editable>false</editable>
          <description>The current user system settings for use in Maven.</description>
        </parameter>
      </parameters>
      <configuration>
        <settings implementation="org.apache.maven.settings.Settings">${settings}</settings>
        <mavenProject implementation="org.apache.maven.project.MavenProject">${project}</mavenProject>
        <jarfile implementation="java.lang.String">${project.build.finalName}</jarfile>
        <connectionRetry implementation="int" default-value="3"/>
        <serverSufix implementation="java.lang.String" default-value="1">${obex.c}</serverSufix>
        <server implementation="java.lang.String" default-value="obex-device">${obex.server}</server>
      </configuration>
    </mojo>
    <mojo>
      <goal>search</goal>
      <description>The obex:search task finds OBEX Object Push Service on device.</description>
      <requiresDirectInvocation>false</requiresDirectInvocation>
      <requiresProject>true</requiresProject>
      <requiresReports>false</requiresReports>
      <aggregator>false</aggregator>
      <requiresOnline>false</requiresOnline>
      <inheritedByDefault>true</inheritedByDefault>
      <implementation>com.pyx4me.maven.obex.ServiceSearchMojo</implementation>
      <language>java</language>
      <instantiationStrategy>per-lookup</instantiationStrategy>
      <executionStrategy>once-per-session</executionStrategy>
      <parameters>
        <parameter>
          <name>mavenProject</name>
          <type>org.apache.maven.project.MavenProject</type>
          <required>true</required>
          <editable>false</editable>
          <description>The Maven project reference where the plugin is currently being executed.
The default value is populated from maven.</description>
        </parameter>
        <parameter>
          <name>server</name>
          <type>java.lang.String</type>
          <required>true</required>
          <editable>true</editable>
          <description>The server id prefix in settings.xml to use when connecting.</description>
        </parameter>
        <parameter>
          <name>serverSufix</name>
          <type>java.lang.String</type>
          <required>false</required>
          <editable>true</editable>
          <description>Specifies optional sufix for server ID to use.</description>
        </parameter>
        <parameter>
          <name>settings</name>
          <type>org.apache.maven.settings.Settings</type>
          <required>true</required>
          <editable>false</editable>
          <description>The current user system settings for use in Maven.</description>
        </parameter>
      </parameters>
      <configuration>
        <settings implementation="org.apache.maven.settings.Settings">${settings}</settings>
        <mavenProject implementation="org.apache.maven.project.MavenProject">${project}</mavenProject>
        <serverSufix implementation="java.lang.String">${obex.c}</serverSufix>
        <server implementation="java.lang.String" default-value="obex-device">${obex.server}</server>
      </configuration>
    </mojo>
    <mojo>
      <goal>discovery</goal>
      <description>The obex:discovery task finds all Bluetooth devices that support OBEX Object Push.</description>
      <requiresDirectInvocation>false</requiresDirectInvocation>
      <requiresProject>true</requiresProject>
      <requiresReports>false</requiresReports>
      <aggregator>false</aggregator>
      <requiresOnline>false</requiresOnline>
      <inheritedByDefault>true</inheritedByDefault>
      <implementation>com.pyx4me.maven.obex.BluetoothDiscoveryMojo</implementation>
      <language>java</language>
      <instantiationStrategy>per-lookup</instantiationStrategy>
      <executionStrategy>once-per-session</executionStrategy>
      <parameters>
        <parameter>
          <name>mavenProject</name>
          <type>org.apache.maven.project.MavenProject</type>
          <required>true</required>
          <editable>false</editable>
          <description>The Maven project reference where the plugin is currently being executed.
The default value is populated from maven.</description>
        </parameter>
      </parameters>
      <configuration>
        <mavenProject implementation="org.apache.maven.project.MavenProject">${project}</mavenProject>
      </configuration>
    </mojo>
    <mojo>
      <goal>d2</goal>
      <description>Handy shortcut for &quot;obex -Dobex.c=2&quot; if you have multiple phones
Use configuration 2 for application installation.</description>
      <requiresDirectInvocation>false</requiresDirectInvocation>
      <requiresProject>true</requiresProject>
      <requiresReports>false</requiresReports>
      <aggregator>false</aggregator>
      <requiresOnline>false</requiresOnline>
      <inheritedByDefault>true</inheritedByDefault>
      <implementation>com.pyx4me.maven.obex.ObexDeploy2Mojo</implementation>
      <language>java</language>
      <instantiationStrategy>per-lookup</instantiationStrategy>
      <executionStrategy>once-per-session</executionStrategy>
      <parameters>
        <parameter>
          <name>connectionRetry</name>
          <type>int</type>
          <required>false</required>
          <editable>true</editable>
          <description>Retry OBEX connection in case of error.</description>
        </parameter>
        <parameter>
          <name>jarfile</name>
          <type>java.lang.String</type>
          <required>true</required>
          <editable>true</editable>
          <description>The name of the JAR file to deploy.</description>
        </parameter>
        <parameter>
          <name>mavenProject</name>
          <type>org.apache.maven.project.MavenProject</type>
          <required>true</required>
          <editable>false</editable>
          <description>The Maven project reference where the plugin is currently being executed.
The default value is populated from maven.</description>
        </parameter>
        <parameter>
          <name>server</name>
          <type>java.lang.String</type>
          <required>true</required>
          <editable>true</editable>
          <description>The server id prefix in settings.xml to use when connecting.</description>
        </parameter>
        <parameter>
          <name>serverSufix</name>
          <type>java.lang.String</type>
          <required>false</required>
          <editable>true</editable>
          <description>Specifies optional sufix for server ID to use.</description>
        </parameter>
        <parameter>
          <name>settings</name>
          <type>org.apache.maven.settings.Settings</type>
          <required>true</required>
          <editable>false</editable>
          <description>The current user system settings for use in Maven.</description>
        </parameter>
      </parameters>
      <configuration>
        <settings implementation="org.apache.maven.settings.Settings">${settings}</settings>
        <mavenProject implementation="org.apache.maven.project.MavenProject">${project}</mavenProject>
        <jarfile implementation="java.lang.String">${project.build.finalName}</jarfile>
        <connectionRetry implementation="int" default-value="3"/>
        <serverSufix implementation="java.lang.String" default-value="2">${obex.c}</serverSufix>
        <server implementation="java.lang.String" default-value="obex-device">${obex.server}</server>
      </configuration>
    </mojo>
  </mojos>
  <dependencies/>
</plugin>