<plugin>
  <description>Maven 2 Plugin for ProGuard</description>
  <groupId>com.pyx4me</groupId>
  <artifactId>proguard-maven-plugin</artifactId>
  <version>2.0.1</version>
  <goalPrefix>proguard</goalPrefix>
  <isolatedRealm>false</isolatedRealm>
  <inheritedByDefault>true</inheritedByDefault>
  <mojos>
    <mojo>
      <goal>proguard</goal>
      <description>&lt;p&gt; The Obfuscate task provides a standalone obfuscation task &lt;/p&gt;</description>
      <requiresDependencyResolution>compile</requiresDependencyResolution>
      <requiresDirectInvocation>false</requiresDirectInvocation>
      <requiresProject>true</requiresProject>
      <requiresReports>false</requiresReports>
      <aggregator>false</aggregator>
      <requiresOnline>false</requiresOnline>
      <inheritedByDefault>true</inheritedByDefault>
      <phase>package</phase>
      <implementation>com.pyx4me.maven.proguard.ProGuardMojo</implementation>
      <language>java</language>
      <instantiationStrategy>per-lookup</instantiationStrategy>
      <executionStrategy>once-per-session</executionStrategy>
      <parameters>
        <parameter>
          <name>appendClassifier</name>
          <type>boolean</type>
          <required>false</required>
          <editable>true</editable>
          <description>Set to false to exclude the attachArtifactClassifier from the Artifact final name. Default value is true.</description>
        </parameter>
        <parameter>
          <name>archive</name>
          <type>org.apache.maven.archiver.MavenArchiveConfiguration</type>
          <required>false</required>
          <editable>true</editable>
          <description>The maven archive configuration to use.</description>
        </parameter>
        <parameter>
          <name>assembly</name>
          <type>com.pyx4me.maven.proguard.Assembly</type>
          <required>false</required>
          <editable>true</editable>
          <description>Bundle project dependency to resulting jar. Specifies list of artifact inclusions</description>
        </parameter>
        <parameter>
          <name>attach</name>
          <type>boolean</type>
          <required>false</required>
          <editable>true</editable>
          <description>Specifies whether or not to attach the created artifact to the project</description>
        </parameter>
        <parameter>
          <name>attachArtifactClassifier</name>
          <type>java.lang.String</type>
          <required>false</required>
          <editable>true</editable>
          <description>Specifies attach artifact Classifier</description>
        </parameter>
        <parameter>
          <name>attachArtifactType</name>
          <type>java.lang.String</type>
          <required>false</required>
          <editable>true</editable>
          <description>Specifies attach artifact type</description>
        </parameter>
        <parameter>
          <name>exclusions</name>
          <type>java.util.List</type>
          <required>false</required>
          <editable>true</editable>
          <description>List of dependency exclusions</description>
        </parameter>
        <parameter>
          <name>includeDependency</name>
          <type>boolean</type>
          <required>false</required>
          <editable>true</editable>
          <description>Specifies that project compile dependencies be added as -libraryjars to proguard arguments</description>
        </parameter>
        <parameter>
          <name>injar</name>
          <type>java.lang.String</type>
          <required>true</required>
          <editable>true</editable>
          <description>Specifies the input jar name (or wars, ears, zips) of the application to be processed.</description>
        </parameter>
        <parameter>
          <name>libs</name>
          <type>java.util.List</type>
          <required>false</required>
          <editable>true</editable>
          <description>Additional -libraryjars e.g. ${java.home}/lib/rt.jar Project compile dependency are added automaticaly. See exclusions</description>
        </parameter>
        <parameter>
          <name>mavenProject</name>
          <type>org.apache.maven.project.MavenProject</type>
          <required>true</required>
          <editable>false</editable>
          <description>The Maven project reference where the plugin is currently being executed. The default value is populated from maven.</description>
        </parameter>
        <parameter>
          <name>obfuscate</name>
          <type>boolean</type>
          <required>false</required>
          <editable>true</editable>
          <description>Specifies not to obfuscate the input class files.</description>
        </parameter>
        <parameter>
          <name>outjar</name>
          <type>java.lang.String</type>
          <required>false</required>
          <editable>true</editable>
          <description>Specifies the names of the output jars. If attach the value ignored and anme constructed base on classifier If empty input jar would be overdriven.</description>
        </parameter>
        <parameter>
          <name>outputDirectory</name>
          <type>java.io.File</type>
          <required>true</required>
          <editable>true</editable>
          <description>Directory containing the input and generated JAR.</description>
        </parameter>
        <parameter>
          <name>pluginArtifacts</name>
          <type>java.util.List</type>
          <required>true</required>
          <editable>false</editable>
          <description>The plugin dependencies.</description>
        </parameter>
        <parameter>
          <name>proguardInclude</name>
          <type>java.io.File</type>
          <required>false</required>
          <editable>true</editable>
          <description>Recursively reads configuration options from the given file filename</description>
        </parameter>
      </parameters>
      <configuration>
        <mavenProject implementation="org.apache.maven.project.MavenProject">${project}</mavenProject>
        <obfuscate implementation="boolean" default-value="true"/>
        <outputDirectory implementation="java.io.File">${project.build.directory}</outputDirectory>
        <injar implementation="java.lang.String">${project.build.finalName}.jar</injar>
        <appendClassifier implementation="boolean" default-value="true"/>
        <proguardInclude implementation="java.io.File" default-value="${basedir}/proguard.conf"/>
        <includeDependency implementation="boolean" default-value="true"/>
        <pluginArtifacts implementation="java.util.List">${plugin.artifacts}</pluginArtifacts>
        <attachArtifactType implementation="java.lang.String" default-value="jar"/>
        <attachArtifactClassifier implementation="java.lang.String" default-value="small"/>
        <attach implementation="boolean" default-value="false"/>
      </configuration>
      <requirements>
        <requirement>
          <role>org.apache.maven.project.MavenProjectHelper</role>
          <field-name>projectHelper</field-name>
        </requirement>
        <requirement>
          <role>org.codehaus.plexus.archiver.Archiver</role>
          <role-hint>jar</role-hint>
          <field-name>jarArchiver</field-name>
        </requirement>
      </requirements>
    </mojo>
  </mojos>
  <dependencies/>
</plugin>