<plugin>
  <description>Maven 2 plugin to convert documents using JODConverter and OpenOffice.org</description>
  <groupId>com.artofsolving</groupId>
  <artifactId>jodconverter-maven-plugin</artifactId>
  <version>2.2.1</version>
  <goalPrefix>jodconverter</goalPrefix>
  <isolatedRealm>false</isolatedRealm>
  <inheritedByDefault>true</inheritedByDefault>
  <mojos>
    <mojo>
      <goal>convert</goal>
      <description>Convert documents using JODConverter and OpenOffice.org.
&lt;p&gt;
Sample configuration:
&lt;pre&gt;
&amp;lt;plugin&amp;gt;
&amp;lt;groupId&amp;gt;com.artofsolving&amp;lt;/groupId&amp;gt;
&amp;lt;artifactId&amp;gt;jodconverter-maven-plugin&amp;lt;/artifactId&amp;gt;
&amp;lt;configuration&amp;gt;
&amp;lt;sourceDirectory&amp;gt;${basedir}/src/site/resources&amp;lt;/sourceDirectory&amp;gt;
&amp;lt;include&amp;gt;**\*.odt&amp;lt;/include&amp;gt;
&amp;lt;outputDirectory&amp;gt;${basedir}/target/site&amp;lt;/outputDirectory&amp;gt;
&amp;lt;outputFormat&amp;gt;pdf&amp;lt;/outputFormat&amp;gt;
&amp;lt;/configuration&amp;gt;
&amp;lt;/plugin&amp;gt;
&lt;/pre&gt;</description>
      <requiresDirectInvocation>false</requiresDirectInvocation>
      <requiresProject>true</requiresProject>
      <requiresReports>false</requiresReports>
      <aggregator>false</aggregator>
      <requiresOnline>false</requiresOnline>
      <inheritedByDefault>true</inheritedByDefault>
      <implementation>com.artofsolving.jodconverter.maven.ConvertMojo</implementation>
      <language>java</language>
      <instantiationStrategy>per-lookup</instantiationStrategy>
      <executionStrategy>once-per-session</executionStrategy>
      <parameters>
        <parameter>
          <name>include</name>
          <type>java.lang.String</type>
          <required>true</required>
          <editable>true</editable>
          <description>Include</description>
        </parameter>
        <parameter>
          <name>outputDirectory</name>
          <type>java.io.File</type>
          <required>true</required>
          <editable>true</editable>
          <description>Output directory</description>
        </parameter>
        <parameter>
          <name>outputFormat</name>
          <type>java.lang.String</type>
          <required>true</required>
          <editable>true</editable>
          <description>Output format</description>
        </parameter>
        <parameter>
          <name>port</name>
          <type>int</type>
          <required>false</required>
          <editable>true</editable>
          <description>OpenOffice.org port number</description>
        </parameter>
        <parameter>
          <name>sourceDirectory</name>
          <type>java.io.File</type>
          <required>true</required>
          <editable>true</editable>
          <description>Source directory</description>
        </parameter>
      </parameters>
      <configuration>
        <port implementation="int" default-value="8100">${port}</port>
        <outputFormat implementation="java.lang.String">${outputFormat}</outputFormat>
        <sourceDirectory implementation="java.io.File">${sourceDirectory}</sourceDirectory>
        <outputDirectory implementation="java.io.File">${outputDirectory}</outputDirectory>
        <include implementation="java.lang.String">${include}</include>
      </configuration>
    </mojo>
  </mojos>
  <dependencies/>
</plugin>