<plugin>
  <description>Maven plugin to convert files to and from SweetXML.</description>
  <groupId>net.innig.sweetxml</groupId>
  <artifactId>sweetxml-maven</artifactId>
  <version>0.2</version>
  <goalPrefix>sweetxml</goalPrefix>
  <isolatedRealm>false</isolatedRealm>
  <inheritedByDefault>true</inheritedByDefault>
  <mojos>
    <mojo>
      <goal>convert-resources</goal>
      <description>Converts SweetXML files in the output directory to (or from) XML files.</description>
      <requiresDirectInvocation>false</requiresDirectInvocation>
      <requiresProject>true</requiresProject>
      <requiresReports>false</requiresReports>
      <aggregator>false</aggregator>
      <requiresOnline>false</requiresOnline>
      <inheritedByDefault>true</inheritedByDefault>
      <phase>process-resources</phase>
      <implementation>net.innig.sweetxml.maven.ConvertResourcesMojo</implementation>
      <language>java</language>
      <instantiationStrategy>per-lookup</instantiationStrategy>
      <executionStrategy>once-per-session</executionStrategy>
      <parameters>
        <parameter>
          <name>deleteSources</name>
          <type>boolean</type>
          <required>false</required>
          <editable>true</editable>
          <description>If true, the plugin will delete files from the output directory after converting them. False by default.</description>
        </parameter>
        <parameter>
          <name>inputDirectory</name>
          <type>java.lang.String</type>
          <required>true</required>
          <editable>true</editable>
          <description>The directory in which there are resources to be converted. By default, this is the project&apos;s outputDirectory.</description>
        </parameter>
        <parameter>
          <name>mode</name>
          <type>java.lang.String</type>
          <required>false</required>
          <editable>true</editable>
          <description>The conversion mode. May be &quot;s2x&quot; (the default) or &quot;x2s&quot;.</description>
        </parameter>
        <parameter>
          <name>outputDirectory</name>
          <type>java.lang.String</type>
          <required>false</required>
          <editable>true</editable>
          <description>The directory in which to place the converted resources. By default, this is the same as the inputDirectory.</description>
        </parameter>
        <parameter>
          <name>overwrite</name>
          <type>boolean</type>
          <required>false</required>
          <editable>true</editable>
          <description>If true, the plugin will overwrite existing output files. True by default.</description>
        </parameter>
        <parameter>
          <name>quiet</name>
          <type>boolean</type>
          <required>false</required>
          <editable>true</editable>
          <description>If true, the plugin will not print information about which files are being converted. True by default.</description>
        </parameter>
      </parameters>
      <configuration>
        <inputDirectory implementation="java.lang.String">${project.build.outputDirectory}</inputDirectory>
      </configuration>
    </mojo>
  </mojos>
  <dependencies>
    <dependency>
      <groupId>org.codehaus.plexus</groupId>
      <artifactId>plexus-utils</artifactId>
      <type>jar</type>
      <version>1.0.4</version>
    </dependency>
    <dependency>
      <groupId>junit</groupId>
      <artifactId>junit</artifactId>
      <type>jar</type>
      <version>3.8.1</version>
    </dependency>
    <dependency>
      <groupId>org.apache.maven</groupId>
      <artifactId>maven-model</artifactId>
      <type>jar</type>
      <version>2.0</version>
    </dependency>
    <dependency>
      <groupId>org.codehaus.plexus</groupId>
      <artifactId>plexus-container-default</artifactId>
      <type>jar</type>
      <version>1.0-alpha-8</version>
    </dependency>
    <dependency>
      <groupId>org.apache.maven</groupId>
      <artifactId>maven-profile</artifactId>
      <type>jar</type>
      <version>2.0</version>
    </dependency>
    <dependency>
      <groupId>classworlds</groupId>
      <artifactId>classworlds</artifactId>
      <type>jar</type>
      <version>1.1-alpha-2</version>
    </dependency>
    <dependency>
      <groupId>org.apache.maven</groupId>
      <artifactId>maven-repository-metadata</artifactId>
      <type>jar</type>
      <version>2.0</version>
    </dependency>
    <dependency>
      <groupId>org.apache.maven</groupId>
      <artifactId>maven-artifact-manager</artifactId>
      <type>jar</type>
      <version>2.0</version>
    </dependency>
    <dependency>
      <groupId>org.apache.maven.wagon</groupId>
      <artifactId>wagon-provider-api</artifactId>
      <type>jar</type>
      <version>1.0-alpha-5</version>
    </dependency>
    <dependency>
      <groupId>org.apache.maven</groupId>
      <artifactId>maven-project</artifactId>
      <type>jar</type>
      <version>2.0</version>
    </dependency>
    <dependency>
      <groupId>org.apache.maven</groupId>
      <artifactId>maven-artifact</artifactId>
      <type>jar</type>
      <version>2.0</version>
    </dependency>
    <dependency>
      <groupId>org.apache.maven</groupId>
      <artifactId>maven-plugin-api</artifactId>
      <type>jar</type>
      <version>2.0</version>
    </dependency>
    <dependency>
      <groupId>net.innig.sweetxml</groupId>
      <artifactId>sweetxml</artifactId>
      <type>jar</type>
      <version>0.2</version>
    </dependency>
  </dependencies>
</plugin>