<plugin>
  <description></description>
  <groupId>org.codehaus.plexus</groupId>
  <artifactId>plexus-maven-plugin</artifactId>
  <version>1.1.1</version>
  <goalPrefix>plexus</goalPrefix>
  <isolatedRealm>false</isolatedRealm>
  <inheritedByDefault>true</inheritedByDefault>
  <mojos>
    <mojo>
      <goal>add-app</goal>
      <description></description>
      <requiresDependencyResolution>runtime</requiresDependencyResolution>
      <requiresDirectInvocation>false</requiresDirectInvocation>
      <requiresProject>true</requiresProject>
      <requiresReports>false</requiresReports>
      <aggregator>false</aggregator>
      <requiresOnline>false</requiresOnline>
      <inheritedByDefault>true</inheritedByDefault>
      <phase>package</phase>
      <implementation>org.codehaus.plexus.maven.plugin.AddPlexusApplicationMojo</implementation>
      <language>java</language>
      <instantiationStrategy>per-lookup</instantiationStrategy>
      <executionStrategy>once-per-session</executionStrategy>
      <parameters>
        <parameter>
          <name>finalName</name>
          <type>java.lang.String</type>
          <required>true</required>
          <editable>true</editable>
          <description></description>
        </parameter>
        <parameter>
          <name>runtimePath</name>
          <type>java.io.File</type>
          <required>true</required>
          <editable>true</editable>
          <description></description>
        </parameter>
        <parameter>
          <name>target</name>
          <type>java.io.File</type>
          <required>true</required>
          <editable>true</editable>
          <description></description>
        </parameter>
      </parameters>
      <configuration>
        <runtimePath implementation="java.io.File">${project.build.directory}/plexus-test-runtime</runtimePath>
        <target implementation="java.io.File">${project.build.directory}</target>
        <finalName implementation="java.lang.String">${project.build.finalName}</finalName>
      </configuration>
      <requirements>
        <requirement>
          <role>org.codehaus.plexus.builder.runtime.PlexusRuntimeBuilder</role>
          <field-name>runtimeBuilder</field-name>
        </requirement>
      </requirements>
    </mojo>
    <mojo>
      <goal>add-services</goal>
      <description></description>
      <requiresDependencyResolution>runtime</requiresDependencyResolution>
      <requiresDirectInvocation>false</requiresDirectInvocation>
      <requiresProject>true</requiresProject>
      <requiresReports>false</requiresReports>
      <aggregator>false</aggregator>
      <requiresOnline>false</requiresOnline>
      <inheritedByDefault>true</inheritedByDefault>
      <phase>package</phase>
      <implementation>org.codehaus.plexus.maven.plugin.AddPlexusServicesMojo</implementation>
      <language>java</language>
      <instantiationStrategy>per-lookup</instantiationStrategy>
      <executionStrategy>once-per-session</executionStrategy>
      <parameters>
        <parameter>
          <name>projectArtifacts</name>
          <type>java.util.Set</type>
          <required>true</required>
          <editable>false</editable>
          <description></description>
        </parameter>
        <parameter>
          <name>runtimePath</name>
          <type>java.io.File</type>
          <required>true</required>
          <editable>true</editable>
          <description></description>
        </parameter>
        <parameter>
          <name>target</name>
          <type>java.io.File</type>
          <required>true</required>
          <editable>true</editable>
          <description></description>
        </parameter>
      </parameters>
      <configuration>
        <runtimePath implementation="java.io.File">${project.build.directory}/plexus-test-runtime</runtimePath>
        <projectArtifacts implementation="java.util.Set">${project.artifacts}</projectArtifacts>
        <target implementation="java.io.File">${project.build.directory}</target>
      </configuration>
      <requirements>
        <requirement>
          <role>org.codehaus.plexus.builder.runtime.PlexusRuntimeBuilder</role>
          <field-name>runtimeBuilder</field-name>
        </requirement>
      </requirements>
    </mojo>
    <mojo>
      <goal>app</goal>
      <description></description>
      <requiresDependencyResolution>runtime</requiresDependencyResolution>
      <requiresDirectInvocation>false</requiresDirectInvocation>
      <requiresProject>true</requiresProject>
      <requiresReports>false</requiresReports>
      <aggregator>false</aggregator>
      <requiresOnline>false</requiresOnline>
      <inheritedByDefault>true</inheritedByDefault>
      <phase>package</phase>
      <implementation>org.codehaus.plexus.maven.plugin.AssemblePlexusApplicationMojo</implementation>
      <language>java</language>
      <instantiationStrategy>per-lookup</instantiationStrategy>
      <executionStrategy>once-per-session</executionStrategy>
      <parameters>
        <parameter>
          <name>applicationArtifacts</name>
          <type>java.util.Set</type>
          <required>true</required>
          <editable>false</editable>
          <description></description>
        </parameter>
        <parameter>
          <name>applicationAssemblyDirectory</name>
          <type>java.io.File</type>
          <required>true</required>
          <editable>true</editable>
          <description></description>
        </parameter>
        <parameter>
          <name>applicationConfiguration</name>
          <type>java.io.File</type>
          <required>true</required>
          <editable>true</editable>
          <description></description>
        </parameter>
        <parameter>
          <name>applicationName</name>
          <type>java.lang.String</type>
          <required>true</required>
          <editable>true</editable>
          <description></description>
        </parameter>
        <parameter>
          <name>configurationProperties</name>
          <type>java.io.File</type>
          <required>false</required>
          <editable>true</editable>
          <description></description>
        </parameter>
        <parameter>
          <name>configurationsDirectory</name>
          <type>java.io.File</type>
          <required>false</required>
          <editable>true</editable>
          <description></description>
        </parameter>
        <parameter>
          <name>localRepository</name>
          <type>org.apache.maven.artifact.repository.ArtifactRepository</type>
          <required>true</required>
          <editable>true</editable>
          <description></description>
        </parameter>
        <parameter>
          <name>remoteRepositories</name>
          <type>java.util.List</type>
          <required>true</required>
          <editable>true</editable>
          <description></description>
        </parameter>
      </parameters>
      <configuration>
        <configurationsDirectory implementation="java.io.File">${configurationsDirectory}</configurationsDirectory>
        <configurationProperties implementation="java.io.File">${configurationProperties}</configurationProperties>
        <applicationConfiguration implementation="java.io.File">${applicationConfiguration}</applicationConfiguration>
        <applicationName implementation="java.lang.String">${applicationName}</applicationName>
        <applicationAssemblyDirectory implementation="java.io.File">${project.build.directory}/plexus-application</applicationAssemblyDirectory>
        <remoteRepositories implementation="java.util.List">${project.remoteArtifactRepositories}</remoteRepositories>
        <applicationArtifacts implementation="java.util.Set">${project.artifacts}</applicationArtifacts>
        <localRepository implementation="org.apache.maven.artifact.repository.ArtifactRepository">${localRepository}</localRepository>
      </configuration>
      <requirements>
        <requirement>
          <role>org.codehaus.plexus.builder.application.ApplicationBuilder</role>
          <field-name>builder</field-name>
        </requirement>
      </requirements>
    </mojo>
    <mojo>
      <goal>bundle-application</goal>
      <description></description>
      <requiresDependencyResolution>runtime</requiresDependencyResolution>
      <requiresDirectInvocation>false</requiresDirectInvocation>
      <requiresProject>true</requiresProject>
      <requiresReports>false</requiresReports>
      <aggregator>false</aggregator>
      <requiresOnline>false</requiresOnline>
      <inheritedByDefault>true</inheritedByDefault>
      <phase>package</phase>
      <implementation>org.codehaus.plexus.maven.plugin.BundlePlexusApplicationMojo</implementation>
      <language>java</language>
      <instantiationStrategy>per-lookup</instantiationStrategy>
      <executionStrategy>once-per-session</executionStrategy>
      <parameters>
        <parameter>
          <name>applicationAssemblyDirectory</name>
          <type>java.io.File</type>
          <required>true</required>
          <editable>true</editable>
          <description></description>
        </parameter>
        <parameter>
          <name>basedir</name>
          <type>java.io.File</type>
          <required>true</required>
          <editable>true</editable>
          <description></description>
        </parameter>
        <parameter>
          <name>finalName</name>
          <type>java.lang.String</type>
          <required>true</required>
          <editable>true</editable>
          <description></description>
        </parameter>
        <parameter>
          <name>project</name>
          <type>org.apache.maven.project.MavenProject</type>
          <required>true</required>
          <editable>false</editable>
          <description></description>
        </parameter>
        <parameter>
          <name>target</name>
          <type>java.io.File</type>
          <required>true</required>
          <editable>true</editable>
          <description></description>
        </parameter>
      </parameters>
      <configuration>
        <applicationAssemblyDirectory implementation="java.io.File">${project.build.directory}/plexus-application</applicationAssemblyDirectory>
        <target implementation="java.io.File">${project.build.directory}</target>
        <project implementation="org.apache.maven.project.MavenProject">${project}</project>
        <basedir implementation="java.io.File">${basedir}</basedir>
        <finalName implementation="java.lang.String">${project.build.finalName}</finalName>
      </configuration>
      <requirements>
        <requirement>
          <role>org.codehaus.plexus.builder.application.ApplicationBuilder</role>
          <field-name>builder</field-name>
        </requirement>
      </requirements>
    </mojo>
    <mojo>
      <goal>bundle-runtime</goal>
      <description></description>
      <requiresDependencyResolution>runtime</requiresDependencyResolution>
      <requiresDirectInvocation>false</requiresDirectInvocation>
      <requiresProject>true</requiresProject>
      <requiresReports>false</requiresReports>
      <aggregator>false</aggregator>
      <requiresOnline>false</requiresOnline>
      <inheritedByDefault>true</inheritedByDefault>
      <implementation>org.codehaus.plexus.maven.plugin.BundlePlexusRuntimeMojo</implementation>
      <language>java</language>
      <instantiationStrategy>per-lookup</instantiationStrategy>
      <executionStrategy>once-per-session</executionStrategy>
      <parameters>
        <parameter>
          <name>finalName</name>
          <type>java.lang.String</type>
          <required>true</required>
          <editable>true</editable>
          <description></description>
        </parameter>
        <parameter>
          <name>runtimePath</name>
          <type>java.io.File</type>
          <required>true</required>
          <editable>true</editable>
          <description></description>
        </parameter>
        <parameter>
          <name>target</name>
          <type>java.io.File</type>
          <required>true</required>
          <editable>true</editable>
          <description></description>
        </parameter>
      </parameters>
      <configuration>
        <runtimePath implementation="java.io.File">${project.build.directory}/plexus-runtime</runtimePath>
        <target implementation="java.io.File">${project.build.directory}</target>
        <finalName implementation="java.lang.String">${project.build.finalName}</finalName>
      </configuration>
      <requirements>
        <requirement>
          <role>org.codehaus.plexus.builder.runtime.PlexusRuntimeBuilder</role>
          <field-name>builder</field-name>
        </requirement>
      </requirements>
    </mojo>
    <mojo>
      <goal>runtime</goal>
      <description></description>
      <requiresDependencyResolution>runtime</requiresDependencyResolution>
      <requiresDirectInvocation>false</requiresDirectInvocation>
      <requiresProject>true</requiresProject>
      <requiresReports>false</requiresReports>
      <aggregator>false</aggregator>
      <requiresOnline>false</requiresOnline>
      <inheritedByDefault>true</inheritedByDefault>
      <phase>package</phase>
      <implementation>org.codehaus.plexus.maven.plugin.PlexusContainerGenerator</implementation>
      <language>java</language>
      <instantiationStrategy>per-lookup</instantiationStrategy>
      <executionStrategy>once-per-session</executionStrategy>
      <parameters>
        <parameter>
          <name>localRepository</name>
          <type>org.apache.maven.artifact.repository.ArtifactRepository</type>
          <required>true</required>
          <editable>false</editable>
          <description></description>
        </parameter>
        <parameter>
          <name>projectArtifacts</name>
          <type>java.util.Set</type>
          <required>true</required>
          <editable>false</editable>
          <description></description>
        </parameter>
        <parameter>
          <name>remoteRepositories</name>
          <type>java.util.List</type>
          <required>true</required>
          <editable>false</editable>
          <description></description>
        </parameter>
        <parameter>
          <name>runtimeConfiguration</name>
          <type>java.io.File</type>
          <required>true</required>
          <editable>true</editable>
          <description></description>
        </parameter>
        <parameter>
          <name>runtimeConfigurationProperties</name>
          <type>java.io.File</type>
          <required>true</required>
          <editable>true</editable>
          <description></description>
        </parameter>
        <parameter>
          <name>runtimePath</name>
          <type>java.io.File</type>
          <required>true</required>
          <editable>true</editable>
          <description></description>
        </parameter>
        <parameter>
          <name>target</name>
          <type>java.io.File</type>
          <required>true</required>
          <editable>true</editable>
          <description></description>
        </parameter>
      </parameters>
      <configuration>
        <runtimeConfigurationProperties implementation="java.io.File">${runtimeConfigurationProperties}</runtimeConfigurationProperties>
        <runtimePath implementation="java.io.File">${project.build.directory}/plexus-runtime</runtimePath>
        <projectArtifacts implementation="java.util.Set">${project.artifacts}</projectArtifacts>
        <remoteRepositories implementation="java.util.List">${project.remoteArtifactRepositories}</remoteRepositories>
        <target implementation="java.io.File">${project.build.directory}</target>
        <localRepository implementation="org.apache.maven.artifact.repository.ArtifactRepository">${localRepository}</localRepository>
        <runtimeConfiguration implementation="java.io.File">${runtimeConfiguration}</runtimeConfiguration>
      </configuration>
      <requirements>
        <requirement>
          <role>org.codehaus.plexus.builder.runtime.PlexusRuntimeBuilder</role>
          <field-name>builder</field-name>
        </requirement>
      </requirements>
    </mojo>
    <mojo>
      <goal>descriptor</goal>
      <description></description>
      <requiresDirectInvocation>false</requiresDirectInvocation>
      <requiresProject>true</requiresProject>
      <requiresReports>false</requiresReports>
      <aggregator>false</aggregator>
      <requiresOnline>false</requiresOnline>
      <inheritedByDefault>true</inheritedByDefault>
      <phase>process-sources</phase>
      <implementation>org.codehaus.plexus.maven.plugin.PlexusDescriptorMojo</implementation>
      <language>java</language>
      <instantiationStrategy>per-lookup</instantiationStrategy>
      <executionStrategy>once-per-session</executionStrategy>
      <parameters>
        <parameter>
          <name>output</name>
          <type>java.io.File</type>
          <required>true</required>
          <editable>true</editable>
          <description></description>
        </parameter>
        <parameter>
          <name>sourceDirectories</name>
          <type>java.util.List</type>
          <required>true</required>
          <editable>true</editable>
          <description></description>
        </parameter>
      </parameters>
      <configuration>
        <output implementation="java.io.File">${project.build.outputDirectory}</output>
        <sourceDirectories implementation="java.util.List">${project.compileSourceRoots}</sourceDirectories>
      </configuration>
      <requirements>
        <requirement>
          <role>org.codehaus.plexus.cdc.ComponentDescriptorCreator</role>
          <field-name>cdc</field-name>
        </requirement>
      </requirements>
    </mojo>
    <mojo>
      <goal>service</goal>
      <description></description>
      <requiresDependencyResolution>runtime</requiresDependencyResolution>
      <requiresDirectInvocation>false</requiresDirectInvocation>
      <requiresProject>true</requiresProject>
      <requiresReports>false</requiresReports>
      <aggregator>false</aggregator>
      <requiresOnline>false</requiresOnline>
      <inheritedByDefault>true</inheritedByDefault>
      <phase>package</phase>
      <implementation>org.codehaus.plexus.maven.plugin.PlexusServiceGenerator</implementation>
      <language>java</language>
      <instantiationStrategy>per-lookup</instantiationStrategy>
      <executionStrategy>once-per-session</executionStrategy>
      <parameters>
        <parameter>
          <name>classes</name>
          <type>java.io.File</type>
          <required>true</required>
          <editable>true</editable>
          <description></description>
        </parameter>
        <parameter>
          <name>configurationProperties</name>
          <type>java.io.File</type>
          <required>false</required>
          <editable>true</editable>
          <description></description>
        </parameter>
        <parameter>
          <name>configurationsDirectory</name>
          <type>java.io.File</type>
          <required>false</required>
          <editable>true</editable>
          <description></description>
        </parameter>
        <parameter>
          <name>finalName</name>
          <type>java.lang.String</type>
          <required>true</required>
          <editable>true</editable>
          <description></description>
        </parameter>
        <parameter>
          <name>localRepository</name>
          <type>org.apache.maven.artifact.repository.ArtifactRepository</type>
          <required>true</required>
          <editable>true</editable>
          <description></description>
        </parameter>
        <parameter>
          <name>project</name>
          <type>org.apache.maven.project.MavenProject</type>
          <required>true</required>
          <editable>false</editable>
          <description>The maven project.</description>
        </parameter>
        <parameter>
          <name>remoteRepositories</name>
          <type>java.util.List</type>
          <required>true</required>
          <editable>true</editable>
          <description></description>
        </parameter>
        <parameter>
          <name>serviceArtifacts</name>
          <type>java.util.Set</type>
          <required>true</required>
          <editable>true</editable>
          <description></description>
        </parameter>
        <parameter>
          <name>serviceAssemblyDirectory</name>
          <type>java.io.File</type>
          <required>true</required>
          <editable>true</editable>
          <description></description>
        </parameter>
        <parameter>
          <name>serviceConfiguration</name>
          <type>java.io.File</type>
          <required>true</required>
          <editable>true</editable>
          <description></description>
        </parameter>
        <parameter>
          <name>serviceName</name>
          <type>java.lang.String</type>
          <required>true</required>
          <editable>true</editable>
          <description></description>
        </parameter>
        <parameter>
          <name>target</name>
          <type>java.io.File</type>
          <required>true</required>
          <editable>true</editable>
          <description></description>
        </parameter>
      </parameters>
      <configuration>
        <configurationsDirectory implementation="java.io.File">${configurationsDirectory}</configurationsDirectory>
        <configurationProperties implementation="java.io.File">${configurationProperties}</configurationProperties>
        <remoteRepositories implementation="java.util.List">${project.remoteArtifactRepositories}</remoteRepositories>
        <target implementation="java.io.File">${project.build.directory}</target>
        <serviceName implementation="java.lang.String">${serviceName}</serviceName>
        <serviceArtifacts implementation="java.util.Set">${project.artifacts}</serviceArtifacts>
        <localRepository implementation="org.apache.maven.artifact.repository.ArtifactRepository">${localRepository}</localRepository>
        <project implementation="org.apache.maven.project.MavenProject">${project}</project>
        <classes implementation="java.io.File">${project.build.outputDirectory}</classes>
        <serviceConfiguration implementation="java.io.File">${serviceConfiguration}</serviceConfiguration>
        <serviceAssemblyDirectory implementation="java.io.File">${project.build.directory}/plexus-service</serviceAssemblyDirectory>
        <finalName implementation="java.lang.String">${project.build.finalName}</finalName>
      </configuration>
      <requirements>
        <requirement>
          <role>org.apache.maven.project.MavenProjectHelper</role>
          <field-name>projectHelper</field-name>
        </requirement>
        <requirement>
          <role>org.codehaus.plexus.builder.service.ServiceBuilder</role>
          <field-name>builder</field-name>
        </requirement>
      </requirements>
    </mojo>
  </mojos>
  <dependencies/>
</plugin>