<plugin>
  <description></description>
  <groupId>org.codehaus.plexus</groupId>
  <artifactId>plexus-maven-plugin</artifactId>
  <version>1.3.2</version>
  <goalPrefix>plexus</goalPrefix>
  <isolatedRealm>false</isolatedRealm>
  <inheritedByDefault>true</inheritedByDefault>
  <mojos>
    <mojo>
      <goal>components-report</goal>
      <description></description>
      <requiresDirectInvocation>false</requiresDirectInvocation>
      <requiresProject>true</requiresProject>
      <requiresReports>false</requiresReports>
      <aggregator>false</aggregator>
      <requiresOnline>false</requiresOnline>
      <inheritedByDefault>true</inheritedByDefault>
      <executePhase>process-resources</executePhase>
      <executeLifecycle>plexus-site</executeLifecycle>
      <implementation>org.codehaus.plexus.maven.plugin.PlexusComponentsReport</implementation>
      <language>java</language>
      <instantiationStrategy>per-lookup</instantiationStrategy>
      <executionStrategy>once-per-session</executionStrategy>
      <parameters>
        <parameter>
          <name>componentsXml</name>
          <type>java.io.File</type>
          <required>true</required>
          <editable>true</editable>
          <description></description>
        </parameter>
        <parameter>
          <name>outputDirectory</name>
          <type>java.lang.String</type>
          <required>false</required>
          <editable>true</editable>
          <description></description>
        </parameter>
        <parameter>
          <name>project</name>
          <type>org.apache.maven.project.MavenProject</type>
          <required>false</required>
          <editable>false</editable>
          <description></description>
        </parameter>
      </parameters>
      <configuration>
        <outputDirectory implementation="java.lang.String">${project.reporting.outputDirectory}</outputDirectory>
        <project implementation="org.apache.maven.project.MavenProject">${project}</project>
        <componentsXml implementation="java.io.File" default-value="${project.build.outputDirectory}/META-INF/plexus/components.xml"/>
      </configuration>
      <requirements>
        <requirement>
          <role>org.codehaus.doxia.site.renderer.SiteRenderer</role>
          <field-name>siteRenderer</field-name>
        </requirement>
      </requirements>
    </mojo>
    <mojo>
      <goal>descriptor</goal>
      <description></description>
      <requiresDirectInvocation>false</requiresDirectInvocation>
      <requiresProject>true</requiresProject>
      <requiresReports>false</requiresReports>
      <aggregator>false</aggregator>
      <requiresOnline>false</requiresOnline>
      <inheritedByDefault>true</inheritedByDefault>
      <phase>process-sources</phase>
      <implementation>org.codehaus.plexus.maven.plugin.PlexusDescriptorMojo</implementation>
      <language>java</language>
      <instantiationStrategy>per-lookup</instantiationStrategy>
      <executionStrategy>once-per-session</executionStrategy>
      <parameters>
        <parameter>
          <name>containerDescriptor</name>
          <type>boolean</type>
          <required>true</required>
          <editable>true</editable>
          <description>Whether to generate a Plexus Container descriptor instead of a component descriptor.</description>
        </parameter>
        <parameter>
          <name>fileName</name>
          <type>java.lang.String</type>
          <required>true</required>
          <editable>true</editable>
          <description></description>
        </parameter>
        <parameter>
          <name>mavenProject</name>
          <type>org.apache.maven.project.MavenProject</type>
          <required>true</required>
          <editable>true</editable>
          <description></description>
        </parameter>
        <parameter>
          <name>outputDirectory</name>
          <type>java.io.File</type>
          <required>true</required>
          <editable>true</editable>
          <description></description>
        </parameter>
        <parameter>
          <name>roleDefaults</name>
          <type>org.codehaus.plexus.component.repository.ComponentDescriptor</type>
          <required>false</required>
          <editable>true</editable>
          <description></description>
        </parameter>
        <parameter>
          <name>sourceDirectories</name>
          <type>java.util.List</type>
          <required>true</required>
          <editable>true</editable>
          <description></description>
        </parameter>
      </parameters>
      <configuration>
        <mavenProject implementation="org.apache.maven.project.MavenProject">${project}</mavenProject>
        <outputDirectory implementation="java.io.File">${project.build.directory}/generated-resources/plexus/</outputDirectory>
        <fileName implementation="java.lang.String">META-INF/plexus/components.xml</fileName>
        <sourceDirectories implementation="java.util.List">${project.compileSourceRoots}</sourceDirectories>
        <containerDescriptor implementation="boolean" default-value="false"/>
      </configuration>
      <requirements>
        <requirement>
          <role>org.apache.maven.project.MavenProjectHelper</role>
          <field-name>mavenProjectHelper</field-name>
        </requirement>
        <requirement>
          <role>org.codehaus.plexus.cdc.ComponentDescriptorCreator</role>
          <field-name>cdc</field-name>
        </requirement>
      </requirements>
    </mojo>
    <mojo>
      <goal>merge-descriptors</goal>
      <description></description>
      <requiresDirectInvocation>false</requiresDirectInvocation>
      <requiresProject>true</requiresProject>
      <requiresReports>false</requiresReports>
      <aggregator>false</aggregator>
      <requiresOnline>false</requiresOnline>
      <inheritedByDefault>true</inheritedByDefault>
      <phase>process-resources</phase>
      <implementation>org.codehaus.plexus.maven.plugin.PlexusMergeMojo</implementation>
      <language>java</language>
      <instantiationStrategy>per-lookup</instantiationStrategy>
      <executionStrategy>once-per-session</executionStrategy>
      <parameters>
        <parameter>
          <name>descriptors</name>
          <type>java.io.File</type>
          <required>false</required>
          <editable>true</editable>
          <description></description>
        </parameter>
        <parameter>
          <name>output</name>
          <type>java.io.File</type>
          <required>true</required>
          <editable>true</editable>
          <description></description>
        </parameter>
        <parameter>
          <name>resources</name>
          <type>java.util.List</type>
          <required>true</required>
          <editable>true</editable>
          <description></description>
        </parameter>
      </parameters>
      <configuration>
        <output implementation="java.io.File">${project.build.outputDirectory}/META-INF/plexus/components.xml</output>
        <resources implementation="java.util.List">${project.resources}</resources>
      </configuration>
      <requirements>
        <requirement>
          <role>org.codehaus.plexus.cdc.ComponentDescriptorCreator</role>
          <field-name>cdc</field-name>
        </requirement>
      </requirements>
    </mojo>
  </mojos>
  <dependencies/>
</plugin>