<plugin>
  <description>Cargo Maven 2 Plugin</description>
  <groupId>org.codehaus.cargo</groupId>
  <artifactId>cargo-maven2-plugin</artifactId>
  <version>0.2</version>
  <goalPrefix>cargo</goalPrefix>
  <isolatedRealm>false</isolatedRealm>
  <inheritedByDefault>true</inheritedByDefault>
  <mojos>
    <mojo>
      <goal>deploy</goal>
      <description>Class used uniquely to provide a goal alias for &lt;code&gt;deployer-deploy&lt;/code&gt;.</description>
      <requiresDependencyResolution>compile</requiresDependencyResolution>
      <requiresDirectInvocation>false</requiresDirectInvocation>
      <requiresProject>true</requiresProject>
      <requiresReports>false</requiresReports>
      <aggregator>false</aggregator>
      <requiresOnline>false</requiresOnline>
      <inheritedByDefault>true</inheritedByDefault>
      <implementation>org.codehaus.cargo.maven2.AliasedDeployerDeployMojo</implementation>
      <language>java</language>
      <instantiationStrategy>per-lookup</instantiationStrategy>
      <executionStrategy>once-per-session</executionStrategy>
      <parameters>
        <parameter>
          <name>configuration</name>
          <type>org.codehaus.cargo.maven2.Configuration</type>
          <required>false</required>
          <editable>true</editable>
          <description>Container configuration. &lt;p&gt; Example: &lt;pre&gt;&lt;xmp&gt; &lt;configuration&gt; &lt;type&gt;standalone&lt;/type&gt; &lt;dir&gt;${basedir}/target/resin&lt;/dir&gt; &lt;properties&gt; &lt;cargo.servlet.port&gt;8080&lt;/cargo.servlet.port&gt; &lt;cargo.logging&gt;high&lt;/cargo.logging&gt; &lt;/properties&gt; &lt;deployables&gt; &lt;deployable&gt; &lt;groupId&gt;war group id&lt;/groupId&gt; &lt;artifactId&gt;war artifact id&lt;/artifactId&gt; &lt;type&gt;war&lt;/type&gt; &lt;properties&gt; &lt;context&gt;optional root context&lt;/context&gt; &lt;/properties&gt; &lt;/deployable&gt; &lt;deployable&gt; &lt;groupId&gt;ear group id&lt;/groupId&gt; &lt;artifactId&gt;ear artifact id&lt;/artifactId&gt; &lt;type&gt;ear&lt;/type&gt; &lt;/deployable&gt; [...] &lt;/deployables&gt; &lt;/configuration&gt; &lt;/xmp&gt;&lt;/pre&gt;</description>
        </parameter>
        <parameter>
          <name>container</name>
          <type>org.codehaus.cargo.maven2.Container</type>
          <required>false</required>
          <editable>true</editable>
          <description>Container configuration. &lt;p&gt; Example: &lt;pre&gt;&lt;xmp&gt; &lt;container&gt; &lt;containerId&gt;resin3x&lt;/containerId&gt; &lt;zipUrlInstaller&gt; &lt;url&gt;http://www.caucho.com/download/resin-3.0.18.zip&lt;/url&gt; &lt;installDir&gt;${basedir}/target/install&lt;/installDir&gt; &lt;/zipUrlInstaller&gt; &lt;output&gt;${basedir}/target/resin-cargo.log&lt;/output&gt; &lt;append&gt;false&lt;/append&gt; &lt;log&gt;${basedir}/target/resin-log.log&lt;/log&gt; &lt;/container&gt; &lt;/xmp&gt;&lt;/pre&gt;</description>
        </parameter>
        <parameter>
          <name>deployer</name>
          <type>org.codehaus.cargo.maven2.Deployer</type>
          <required>false</required>
          <editable>true</editable>
          <description>Deployer configuration. Example: &lt;pre&gt;&lt;xmp&gt; &lt;container&gt; &lt;containerId&gt;tomcat5x&lt;/containerId&gt; &lt;type&gt;remote&lt;/type&gt; &lt;/container&gt; &lt;configuration&gt; &lt;properties&gt; &lt;cargo.tomcat.manager.url&gt;...&lt;/cargo.tomcat.manager.url&gt; &lt;cargo.tomcat.manager.username&gt;system&lt;/cargo.tomcat.manager.username&gt; &lt;cargo.tomcat.manager.password&gt;password&lt;/cargo.tomcat.manager.password&gt; &lt;/properties&gt; &lt;/configuration&gt; &lt;deployer&gt; &lt;containerId&gt;tomcat5x&lt;/container&gt; &lt;type&gt;runtime&lt;/type&gt; &lt;deployables&gt; &lt;deployable&gt; &lt;groupId&gt;war group id&lt;/groupId&gt; &lt;artifactId&gt;war artifact id&lt;/artifactId&gt; &lt;type&gt;war&lt;/type&gt; &lt;properties&gt; &lt;context&gt;optional root context&lt;/context&gt; &lt;/properties&gt; &lt;pingURL&gt;optional url to ping to know if deployable is done or not&lt;/pingURL&gt; &lt;/deployable&gt; &lt;deployable&gt; &lt;groupId&gt;ear group id&lt;/groupId&gt; &lt;artifactId&gt;ear artifact id&lt;/artifactId&gt; &lt;type&gt;ear&lt;/type&gt; &lt;pingURL&gt;optional url to ping to know if deployable is done or not&lt;/pingURL&gt; &lt;/deployable&gt; [...] &lt;/deployables&gt; &lt;/deployer&gt; &lt;/xmp&gt;&lt;/pre&gt;</description>
        </parameter>
        <parameter>
          <name>localRepository</name>
          <type>org.apache.maven.artifact.repository.ArtifactRepository</type>
          <required>false</required>
          <editable>true</editable>
          <description>The local repository.</description>
        </parameter>
        <parameter>
          <name>project</name>
          <type>org.apache.maven.project.MavenProject</type>
          <required>true</required>
          <editable>false</editable>
          <description>The Maven project.</description>
        </parameter>
        <parameter>
          <name>repositories</name>
          <type>java.util.List</type>
          <required>false</required>
          <editable>true</editable>
          <description>Remote repositories used for the project.</description>
        </parameter>
      </parameters>
      <configuration>
        <localRepository implementation="org.apache.maven.artifact.repository.ArtifactRepository">${localRepository}</localRepository>
        <repositories implementation="java.util.List">${project.remoteArtifactRepositories}</repositories>
        <project implementation="org.apache.maven.project.MavenProject">${project}</project>
      </configuration>
      <requirements>
        <requirement>
          <role>org.apache.maven.artifact.resolver.ArtifactResolver</role>
          <field-name>artifactResolver</field-name>
        </requirement>
        <requirement>
          <role>org.apache.maven.artifact.factory.ArtifactFactory</role>
          <field-name>artifactFactory</field-name>
        </requirement>
      </requirements>
    </mojo>
    <mojo>
      <goal>undeploy</goal>
      <description>Class used uniquely to provide a goal alias for &lt;code&gt;deployer-undeploy&lt;/code&gt;.</description>
      <requiresDependencyResolution>compile</requiresDependencyResolution>
      <requiresDirectInvocation>false</requiresDirectInvocation>
      <requiresProject>true</requiresProject>
      <requiresReports>false</requiresReports>
      <aggregator>false</aggregator>
      <requiresOnline>false</requiresOnline>
      <inheritedByDefault>true</inheritedByDefault>
      <implementation>org.codehaus.cargo.maven2.AliasedDeployerUndeployMojo</implementation>
      <language>java</language>
      <instantiationStrategy>per-lookup</instantiationStrategy>
      <executionStrategy>once-per-session</executionStrategy>
      <parameters>
        <parameter>
          <name>configuration</name>
          <type>org.codehaus.cargo.maven2.Configuration</type>
          <required>false</required>
          <editable>true</editable>
          <description>Container configuration. &lt;p&gt; Example: &lt;pre&gt;&lt;xmp&gt; &lt;configuration&gt; &lt;type&gt;standalone&lt;/type&gt; &lt;dir&gt;${basedir}/target/resin&lt;/dir&gt; &lt;properties&gt; &lt;cargo.servlet.port&gt;8080&lt;/cargo.servlet.port&gt; &lt;cargo.logging&gt;high&lt;/cargo.logging&gt; &lt;/properties&gt; &lt;deployables&gt; &lt;deployable&gt; &lt;groupId&gt;war group id&lt;/groupId&gt; &lt;artifactId&gt;war artifact id&lt;/artifactId&gt; &lt;type&gt;war&lt;/type&gt; &lt;properties&gt; &lt;context&gt;optional root context&lt;/context&gt; &lt;/properties&gt; &lt;/deployable&gt; &lt;deployable&gt; &lt;groupId&gt;ear group id&lt;/groupId&gt; &lt;artifactId&gt;ear artifact id&lt;/artifactId&gt; &lt;type&gt;ear&lt;/type&gt; &lt;/deployable&gt; [...] &lt;/deployables&gt; &lt;/configuration&gt; &lt;/xmp&gt;&lt;/pre&gt;</description>
        </parameter>
        <parameter>
          <name>container</name>
          <type>org.codehaus.cargo.maven2.Container</type>
          <required>false</required>
          <editable>true</editable>
          <description>Container configuration. &lt;p&gt; Example: &lt;pre&gt;&lt;xmp&gt; &lt;container&gt; &lt;containerId&gt;resin3x&lt;/containerId&gt; &lt;zipUrlInstaller&gt; &lt;url&gt;http://www.caucho.com/download/resin-3.0.18.zip&lt;/url&gt; &lt;installDir&gt;${basedir}/target/install&lt;/installDir&gt; &lt;/zipUrlInstaller&gt; &lt;output&gt;${basedir}/target/resin-cargo.log&lt;/output&gt; &lt;append&gt;false&lt;/append&gt; &lt;log&gt;${basedir}/target/resin-log.log&lt;/log&gt; &lt;/container&gt; &lt;/xmp&gt;&lt;/pre&gt;</description>
        </parameter>
        <parameter>
          <name>deployer</name>
          <type>org.codehaus.cargo.maven2.Deployer</type>
          <required>false</required>
          <editable>true</editable>
          <description>Deployer configuration. Example: &lt;pre&gt;&lt;xmp&gt; &lt;container&gt; &lt;containerId&gt;tomcat5x&lt;/containerId&gt; &lt;type&gt;remote&lt;/type&gt; &lt;/container&gt; &lt;configuration&gt; &lt;properties&gt; &lt;cargo.tomcat.manager.url&gt;...&lt;/cargo.tomcat.manager.url&gt; &lt;cargo.tomcat.manager.username&gt;system&lt;/cargo.tomcat.manager.username&gt; &lt;cargo.tomcat.manager.password&gt;password&lt;/cargo.tomcat.manager.password&gt; &lt;/properties&gt; &lt;/configuration&gt; &lt;deployer&gt; &lt;containerId&gt;tomcat5x&lt;/container&gt; &lt;type&gt;runtime&lt;/type&gt; &lt;deployables&gt; &lt;deployable&gt; &lt;groupId&gt;war group id&lt;/groupId&gt; &lt;artifactId&gt;war artifact id&lt;/artifactId&gt; &lt;type&gt;war&lt;/type&gt; &lt;properties&gt; &lt;context&gt;optional root context&lt;/context&gt; &lt;/properties&gt; &lt;pingURL&gt;optional url to ping to know if deployable is done or not&lt;/pingURL&gt; &lt;/deployable&gt; &lt;deployable&gt; &lt;groupId&gt;ear group id&lt;/groupId&gt; &lt;artifactId&gt;ear artifact id&lt;/artifactId&gt; &lt;type&gt;ear&lt;/type&gt; &lt;pingURL&gt;optional url to ping to know if deployable is done or not&lt;/pingURL&gt; &lt;/deployable&gt; [...] &lt;/deployables&gt; &lt;/deployer&gt; &lt;/xmp&gt;&lt;/pre&gt;</description>
        </parameter>
        <parameter>
          <name>localRepository</name>
          <type>org.apache.maven.artifact.repository.ArtifactRepository</type>
          <required>false</required>
          <editable>true</editable>
          <description>The local repository.</description>
        </parameter>
        <parameter>
          <name>project</name>
          <type>org.apache.maven.project.MavenProject</type>
          <required>true</required>
          <editable>false</editable>
          <description>The Maven project.</description>
        </parameter>
        <parameter>
          <name>repositories</name>
          <type>java.util.List</type>
          <required>false</required>
          <editable>true</editable>
          <description>Remote repositories used for the project.</description>
        </parameter>
      </parameters>
      <configuration>
        <localRepository implementation="org.apache.maven.artifact.repository.ArtifactRepository">${localRepository}</localRepository>
        <repositories implementation="java.util.List">${project.remoteArtifactRepositories}</repositories>
        <project implementation="org.apache.maven.project.MavenProject">${project}</project>
      </configuration>
      <requirements>
        <requirement>
          <role>org.apache.maven.artifact.resolver.ArtifactResolver</role>
          <field-name>artifactResolver</field-name>
        </requirement>
        <requirement>
          <role>org.apache.maven.artifact.factory.ArtifactFactory</role>
          <field-name>artifactFactory</field-name>
        </requirement>
      </requirements>
    </mojo>
    <mojo>
      <goal>configure</goal>
      <description>Mojo to create a local container standalone configuration at a specified directory.</description>
      <requiresDirectInvocation>false</requiresDirectInvocation>
      <requiresProject>true</requiresProject>
      <requiresReports>false</requiresReports>
      <aggregator>false</aggregator>
      <requiresOnline>false</requiresOnline>
      <inheritedByDefault>true</inheritedByDefault>
      <implementation>org.codehaus.cargo.maven2.ConfigureMojo</implementation>
      <language>java</language>
      <instantiationStrategy>per-lookup</instantiationStrategy>
      <executionStrategy>once-per-session</executionStrategy>
      <parameters>
        <parameter>
          <name>configuration</name>
          <type>org.codehaus.cargo.maven2.Configuration</type>
          <required>false</required>
          <editable>true</editable>
          <description>Container configuration. &lt;p&gt; Example: &lt;pre&gt;&lt;xmp&gt; &lt;configuration&gt; &lt;type&gt;standalone&lt;/type&gt; &lt;dir&gt;${basedir}/target/resin&lt;/dir&gt; &lt;properties&gt; &lt;cargo.servlet.port&gt;8080&lt;/cargo.servlet.port&gt; &lt;cargo.logging&gt;high&lt;/cargo.logging&gt; &lt;/properties&gt; &lt;deployables&gt; &lt;deployable&gt; &lt;groupId&gt;war group id&lt;/groupId&gt; &lt;artifactId&gt;war artifact id&lt;/artifactId&gt; &lt;type&gt;war&lt;/type&gt; &lt;properties&gt; &lt;context&gt;optional root context&lt;/context&gt; &lt;/properties&gt; &lt;/deployable&gt; &lt;deployable&gt; &lt;groupId&gt;ear group id&lt;/groupId&gt; &lt;artifactId&gt;ear artifact id&lt;/artifactId&gt; &lt;type&gt;ear&lt;/type&gt; &lt;/deployable&gt; [...] &lt;/deployables&gt; &lt;/configuration&gt; &lt;/xmp&gt;&lt;/pre&gt;</description>
        </parameter>
        <parameter>
          <name>container</name>
          <type>org.codehaus.cargo.maven2.Container</type>
          <required>false</required>
          <editable>true</editable>
          <description>Container configuration. &lt;p&gt; Example: &lt;pre&gt;&lt;xmp&gt; &lt;container&gt; &lt;containerId&gt;resin3x&lt;/containerId&gt; &lt;zipUrlInstaller&gt; &lt;url&gt;http://www.caucho.com/download/resin-3.0.18.zip&lt;/url&gt; &lt;installDir&gt;${basedir}/target/install&lt;/installDir&gt; &lt;/zipUrlInstaller&gt; &lt;output&gt;${basedir}/target/resin-cargo.log&lt;/output&gt; &lt;append&gt;false&lt;/append&gt; &lt;log&gt;${basedir}/target/resin-log.log&lt;/log&gt; &lt;/container&gt; &lt;/xmp&gt;&lt;/pre&gt;</description>
        </parameter>
        <parameter>
          <name>deployer</name>
          <type>org.codehaus.cargo.maven2.Deployer</type>
          <required>false</required>
          <editable>true</editable>
          <description>Deployer configuration. Example: &lt;pre&gt;&lt;xmp&gt; &lt;container&gt; &lt;containerId&gt;tomcat5x&lt;/containerId&gt; &lt;type&gt;remote&lt;/type&gt; &lt;/container&gt; &lt;configuration&gt; &lt;properties&gt; &lt;cargo.tomcat.manager.url&gt;...&lt;/cargo.tomcat.manager.url&gt; &lt;cargo.tomcat.manager.username&gt;system&lt;/cargo.tomcat.manager.username&gt; &lt;cargo.tomcat.manager.password&gt;password&lt;/cargo.tomcat.manager.password&gt; &lt;/properties&gt; &lt;/configuration&gt; &lt;deployer&gt; &lt;containerId&gt;tomcat5x&lt;/container&gt; &lt;type&gt;runtime&lt;/type&gt; &lt;deployables&gt; &lt;deployable&gt; &lt;groupId&gt;war group id&lt;/groupId&gt; &lt;artifactId&gt;war artifact id&lt;/artifactId&gt; &lt;type&gt;war&lt;/type&gt; &lt;properties&gt; &lt;context&gt;optional root context&lt;/context&gt; &lt;/properties&gt; &lt;pingURL&gt;optional url to ping to know if deployable is done or not&lt;/pingURL&gt; &lt;/deployable&gt; &lt;deployable&gt; &lt;groupId&gt;ear group id&lt;/groupId&gt; &lt;artifactId&gt;ear artifact id&lt;/artifactId&gt; &lt;type&gt;ear&lt;/type&gt; &lt;pingURL&gt;optional url to ping to know if deployable is done or not&lt;/pingURL&gt; &lt;/deployable&gt; [...] &lt;/deployables&gt; &lt;/deployer&gt; &lt;/xmp&gt;&lt;/pre&gt;</description>
        </parameter>
        <parameter>
          <name>localRepository</name>
          <type>org.apache.maven.artifact.repository.ArtifactRepository</type>
          <required>false</required>
          <editable>true</editable>
          <description>The local repository.</description>
        </parameter>
        <parameter>
          <name>project</name>
          <type>org.apache.maven.project.MavenProject</type>
          <required>true</required>
          <editable>false</editable>
          <description>The Maven project.</description>
        </parameter>
        <parameter>
          <name>repositories</name>
          <type>java.util.List</type>
          <required>false</required>
          <editable>true</editable>
          <description>Remote repositories used for the project.</description>
        </parameter>
      </parameters>
      <configuration>
        <localRepository implementation="org.apache.maven.artifact.repository.ArtifactRepository">${localRepository}</localRepository>
        <repositories implementation="java.util.List">${project.remoteArtifactRepositories}</repositories>
        <project implementation="org.apache.maven.project.MavenProject">${project}</project>
      </configuration>
      <requirements>
        <requirement>
          <role>org.apache.maven.artifact.resolver.ArtifactResolver</role>
          <field-name>artifactResolver</field-name>
        </requirement>
        <requirement>
          <role>org.apache.maven.artifact.factory.ArtifactFactory</role>
          <field-name>artifactFactory</field-name>
        </requirement>
      </requirements>
    </mojo>
    <mojo>
      <goal>start</goal>
      <description>Start a container using Cargo.</description>
      <requiresDependencyResolution>compile</requiresDependencyResolution>
      <requiresDirectInvocation>false</requiresDirectInvocation>
      <requiresProject>true</requiresProject>
      <requiresReports>false</requiresReports>
      <aggregator>false</aggregator>
      <requiresOnline>false</requiresOnline>
      <inheritedByDefault>true</inheritedByDefault>
      <implementation>org.codehaus.cargo.maven2.ContainerStartMojo</implementation>
      <language>java</language>
      <instantiationStrategy>per-lookup</instantiationStrategy>
      <executionStrategy>once-per-session</executionStrategy>
      <parameters>
        <parameter>
          <name>configuration</name>
          <type>org.codehaus.cargo.maven2.Configuration</type>
          <required>false</required>
          <editable>true</editable>
          <description>Container configuration. &lt;p&gt; Example: &lt;pre&gt;&lt;xmp&gt; &lt;configuration&gt; &lt;type&gt;standalone&lt;/type&gt; &lt;dir&gt;${basedir}/target/resin&lt;/dir&gt; &lt;properties&gt; &lt;cargo.servlet.port&gt;8080&lt;/cargo.servlet.port&gt; &lt;cargo.logging&gt;high&lt;/cargo.logging&gt; &lt;/properties&gt; &lt;deployables&gt; &lt;deployable&gt; &lt;groupId&gt;war group id&lt;/groupId&gt; &lt;artifactId&gt;war artifact id&lt;/artifactId&gt; &lt;type&gt;war&lt;/type&gt; &lt;properties&gt; &lt;context&gt;optional root context&lt;/context&gt; &lt;/properties&gt; &lt;/deployable&gt; &lt;deployable&gt; &lt;groupId&gt;ear group id&lt;/groupId&gt; &lt;artifactId&gt;ear artifact id&lt;/artifactId&gt; &lt;type&gt;ear&lt;/type&gt; &lt;/deployable&gt; [...] &lt;/deployables&gt; &lt;/configuration&gt; &lt;/xmp&gt;&lt;/pre&gt;</description>
        </parameter>
        <parameter>
          <name>container</name>
          <type>org.codehaus.cargo.maven2.Container</type>
          <required>false</required>
          <editable>true</editable>
          <description>Container configuration. &lt;p&gt; Example: &lt;pre&gt;&lt;xmp&gt; &lt;container&gt; &lt;containerId&gt;resin3x&lt;/containerId&gt; &lt;zipUrlInstaller&gt; &lt;url&gt;http://www.caucho.com/download/resin-3.0.18.zip&lt;/url&gt; &lt;installDir&gt;${basedir}/target/install&lt;/installDir&gt; &lt;/zipUrlInstaller&gt; &lt;output&gt;${basedir}/target/resin-cargo.log&lt;/output&gt; &lt;append&gt;false&lt;/append&gt; &lt;log&gt;${basedir}/target/resin-log.log&lt;/log&gt; &lt;/container&gt; &lt;/xmp&gt;&lt;/pre&gt;</description>
        </parameter>
        <parameter>
          <name>deployer</name>
          <type>org.codehaus.cargo.maven2.Deployer</type>
          <required>false</required>
          <editable>true</editable>
          <description>Deployer configuration. Example: &lt;pre&gt;&lt;xmp&gt; &lt;container&gt; &lt;containerId&gt;tomcat5x&lt;/containerId&gt; &lt;type&gt;remote&lt;/type&gt; &lt;/container&gt; &lt;configuration&gt; &lt;properties&gt; &lt;cargo.tomcat.manager.url&gt;...&lt;/cargo.tomcat.manager.url&gt; &lt;cargo.tomcat.manager.username&gt;system&lt;/cargo.tomcat.manager.username&gt; &lt;cargo.tomcat.manager.password&gt;password&lt;/cargo.tomcat.manager.password&gt; &lt;/properties&gt; &lt;/configuration&gt; &lt;deployer&gt; &lt;containerId&gt;tomcat5x&lt;/container&gt; &lt;type&gt;runtime&lt;/type&gt; &lt;deployables&gt; &lt;deployable&gt; &lt;groupId&gt;war group id&lt;/groupId&gt; &lt;artifactId&gt;war artifact id&lt;/artifactId&gt; &lt;type&gt;war&lt;/type&gt; &lt;properties&gt; &lt;context&gt;optional root context&lt;/context&gt; &lt;/properties&gt; &lt;pingURL&gt;optional url to ping to know if deployable is done or not&lt;/pingURL&gt; &lt;/deployable&gt; &lt;deployable&gt; &lt;groupId&gt;ear group id&lt;/groupId&gt; &lt;artifactId&gt;ear artifact id&lt;/artifactId&gt; &lt;type&gt;ear&lt;/type&gt; &lt;pingURL&gt;optional url to ping to know if deployable is done or not&lt;/pingURL&gt; &lt;/deployable&gt; [...] &lt;/deployables&gt; &lt;/deployer&gt; &lt;/xmp&gt;&lt;/pre&gt;</description>
        </parameter>
        <parameter>
          <name>localRepository</name>
          <type>org.apache.maven.artifact.repository.ArtifactRepository</type>
          <required>false</required>
          <editable>true</editable>
          <description>The local repository.</description>
        </parameter>
        <parameter>
          <name>project</name>
          <type>org.apache.maven.project.MavenProject</type>
          <required>true</required>
          <editable>false</editable>
          <description>The Maven project.</description>
        </parameter>
        <parameter>
          <name>repositories</name>
          <type>java.util.List</type>
          <required>false</required>
          <editable>true</editable>
          <description>Remote repositories used for the project.</description>
        </parameter>
        <parameter>
          <name>wait</name>
          <type>boolean</type>
          <required>true</required>
          <editable>true</editable>
          <description>Decides whether to wait after the container is started or to return the execution flow to the user.</description>
        </parameter>
      </parameters>
      <configuration>
        <localRepository implementation="org.apache.maven.artifact.repository.ArtifactRepository">${localRepository}</localRepository>
        <repositories implementation="java.util.List">${project.remoteArtifactRepositories}</repositories>
        <project implementation="org.apache.maven.project.MavenProject">${project}</project>
        <wait implementation="boolean" default-value="true"/>
      </configuration>
      <requirements>
        <requirement>
          <role>org.apache.maven.artifact.resolver.ArtifactResolver</role>
          <field-name>artifactResolver</field-name>
        </requirement>
        <requirement>
          <role>org.apache.maven.artifact.factory.ArtifactFactory</role>
          <field-name>artifactFactory</field-name>
        </requirement>
      </requirements>
    </mojo>
    <mojo>
      <goal>stop</goal>
      <description>Stop a running container using Cargo.</description>
      <requiresDirectInvocation>false</requiresDirectInvocation>
      <requiresProject>true</requiresProject>
      <requiresReports>false</requiresReports>
      <aggregator>false</aggregator>
      <requiresOnline>false</requiresOnline>
      <inheritedByDefault>true</inheritedByDefault>
      <implementation>org.codehaus.cargo.maven2.ContainerStopMojo</implementation>
      <language>java</language>
      <instantiationStrategy>per-lookup</instantiationStrategy>
      <executionStrategy>once-per-session</executionStrategy>
      <parameters>
        <parameter>
          <name>configuration</name>
          <type>org.codehaus.cargo.maven2.Configuration</type>
          <required>false</required>
          <editable>true</editable>
          <description>Container configuration. &lt;p&gt; Example: &lt;pre&gt;&lt;xmp&gt; &lt;configuration&gt; &lt;type&gt;standalone&lt;/type&gt; &lt;dir&gt;${basedir}/target/resin&lt;/dir&gt; &lt;properties&gt; &lt;cargo.servlet.port&gt;8080&lt;/cargo.servlet.port&gt; &lt;cargo.logging&gt;high&lt;/cargo.logging&gt; &lt;/properties&gt; &lt;deployables&gt; &lt;deployable&gt; &lt;groupId&gt;war group id&lt;/groupId&gt; &lt;artifactId&gt;war artifact id&lt;/artifactId&gt; &lt;type&gt;war&lt;/type&gt; &lt;properties&gt; &lt;context&gt;optional root context&lt;/context&gt; &lt;/properties&gt; &lt;/deployable&gt; &lt;deployable&gt; &lt;groupId&gt;ear group id&lt;/groupId&gt; &lt;artifactId&gt;ear artifact id&lt;/artifactId&gt; &lt;type&gt;ear&lt;/type&gt; &lt;/deployable&gt; [...] &lt;/deployables&gt; &lt;/configuration&gt; &lt;/xmp&gt;&lt;/pre&gt;</description>
        </parameter>
        <parameter>
          <name>container</name>
          <type>org.codehaus.cargo.maven2.Container</type>
          <required>false</required>
          <editable>true</editable>
          <description>Container configuration. &lt;p&gt; Example: &lt;pre&gt;&lt;xmp&gt; &lt;container&gt; &lt;containerId&gt;resin3x&lt;/containerId&gt; &lt;zipUrlInstaller&gt; &lt;url&gt;http://www.caucho.com/download/resin-3.0.18.zip&lt;/url&gt; &lt;installDir&gt;${basedir}/target/install&lt;/installDir&gt; &lt;/zipUrlInstaller&gt; &lt;output&gt;${basedir}/target/resin-cargo.log&lt;/output&gt; &lt;append&gt;false&lt;/append&gt; &lt;log&gt;${basedir}/target/resin-log.log&lt;/log&gt; &lt;/container&gt; &lt;/xmp&gt;&lt;/pre&gt;</description>
        </parameter>
        <parameter>
          <name>deployer</name>
          <type>org.codehaus.cargo.maven2.Deployer</type>
          <required>false</required>
          <editable>true</editable>
          <description>Deployer configuration. Example: &lt;pre&gt;&lt;xmp&gt; &lt;container&gt; &lt;containerId&gt;tomcat5x&lt;/containerId&gt; &lt;type&gt;remote&lt;/type&gt; &lt;/container&gt; &lt;configuration&gt; &lt;properties&gt; &lt;cargo.tomcat.manager.url&gt;...&lt;/cargo.tomcat.manager.url&gt; &lt;cargo.tomcat.manager.username&gt;system&lt;/cargo.tomcat.manager.username&gt; &lt;cargo.tomcat.manager.password&gt;password&lt;/cargo.tomcat.manager.password&gt; &lt;/properties&gt; &lt;/configuration&gt; &lt;deployer&gt; &lt;containerId&gt;tomcat5x&lt;/container&gt; &lt;type&gt;runtime&lt;/type&gt; &lt;deployables&gt; &lt;deployable&gt; &lt;groupId&gt;war group id&lt;/groupId&gt; &lt;artifactId&gt;war artifact id&lt;/artifactId&gt; &lt;type&gt;war&lt;/type&gt; &lt;properties&gt; &lt;context&gt;optional root context&lt;/context&gt; &lt;/properties&gt; &lt;pingURL&gt;optional url to ping to know if deployable is done or not&lt;/pingURL&gt; &lt;/deployable&gt; &lt;deployable&gt; &lt;groupId&gt;ear group id&lt;/groupId&gt; &lt;artifactId&gt;ear artifact id&lt;/artifactId&gt; &lt;type&gt;ear&lt;/type&gt; &lt;pingURL&gt;optional url to ping to know if deployable is done or not&lt;/pingURL&gt; &lt;/deployable&gt; [...] &lt;/deployables&gt; &lt;/deployer&gt; &lt;/xmp&gt;&lt;/pre&gt;</description>
        </parameter>
        <parameter>
          <name>localRepository</name>
          <type>org.apache.maven.artifact.repository.ArtifactRepository</type>
          <required>false</required>
          <editable>true</editable>
          <description>The local repository.</description>
        </parameter>
        <parameter>
          <name>project</name>
          <type>org.apache.maven.project.MavenProject</type>
          <required>true</required>
          <editable>false</editable>
          <description>The Maven project.</description>
        </parameter>
        <parameter>
          <name>repositories</name>
          <type>java.util.List</type>
          <required>false</required>
          <editable>true</editable>
          <description>Remote repositories used for the project.</description>
        </parameter>
      </parameters>
      <configuration>
        <localRepository implementation="org.apache.maven.artifact.repository.ArtifactRepository">${localRepository}</localRepository>
        <repositories implementation="java.util.List">${project.remoteArtifactRepositories}</repositories>
        <project implementation="org.apache.maven.project.MavenProject">${project}</project>
      </configuration>
      <requirements>
        <requirement>
          <role>org.apache.maven.artifact.resolver.ArtifactResolver</role>
          <field-name>artifactResolver</field-name>
        </requirement>
        <requirement>
          <role>org.apache.maven.artifact.factory.ArtifactFactory</role>
          <field-name>artifactFactory</field-name>
        </requirement>
      </requirements>
    </mojo>
    <mojo>
      <goal>deployer-deploy</goal>
      <description>Deploy a deployable to a container.</description>
      <requiresDependencyResolution>compile</requiresDependencyResolution>
      <requiresDirectInvocation>false</requiresDirectInvocation>
      <requiresProject>true</requiresProject>
      <requiresReports>false</requiresReports>
      <aggregator>false</aggregator>
      <requiresOnline>false</requiresOnline>
      <inheritedByDefault>true</inheritedByDefault>
      <implementation>org.codehaus.cargo.maven2.DeployerDeployMojo</implementation>
      <language>java</language>
      <instantiationStrategy>per-lookup</instantiationStrategy>
      <executionStrategy>once-per-session</executionStrategy>
      <parameters>
        <parameter>
          <name>configuration</name>
          <type>org.codehaus.cargo.maven2.Configuration</type>
          <required>false</required>
          <editable>true</editable>
          <description>Container configuration. &lt;p&gt; Example: &lt;pre&gt;&lt;xmp&gt; &lt;configuration&gt; &lt;type&gt;standalone&lt;/type&gt; &lt;dir&gt;${basedir}/target/resin&lt;/dir&gt; &lt;properties&gt; &lt;cargo.servlet.port&gt;8080&lt;/cargo.servlet.port&gt; &lt;cargo.logging&gt;high&lt;/cargo.logging&gt; &lt;/properties&gt; &lt;deployables&gt; &lt;deployable&gt; &lt;groupId&gt;war group id&lt;/groupId&gt; &lt;artifactId&gt;war artifact id&lt;/artifactId&gt; &lt;type&gt;war&lt;/type&gt; &lt;properties&gt; &lt;context&gt;optional root context&lt;/context&gt; &lt;/properties&gt; &lt;/deployable&gt; &lt;deployable&gt; &lt;groupId&gt;ear group id&lt;/groupId&gt; &lt;artifactId&gt;ear artifact id&lt;/artifactId&gt; &lt;type&gt;ear&lt;/type&gt; &lt;/deployable&gt; [...] &lt;/deployables&gt; &lt;/configuration&gt; &lt;/xmp&gt;&lt;/pre&gt;</description>
        </parameter>
        <parameter>
          <name>container</name>
          <type>org.codehaus.cargo.maven2.Container</type>
          <required>false</required>
          <editable>true</editable>
          <description>Container configuration. &lt;p&gt; Example: &lt;pre&gt;&lt;xmp&gt; &lt;container&gt; &lt;containerId&gt;resin3x&lt;/containerId&gt; &lt;zipUrlInstaller&gt; &lt;url&gt;http://www.caucho.com/download/resin-3.0.18.zip&lt;/url&gt; &lt;installDir&gt;${basedir}/target/install&lt;/installDir&gt; &lt;/zipUrlInstaller&gt; &lt;output&gt;${basedir}/target/resin-cargo.log&lt;/output&gt; &lt;append&gt;false&lt;/append&gt; &lt;log&gt;${basedir}/target/resin-log.log&lt;/log&gt; &lt;/container&gt; &lt;/xmp&gt;&lt;/pre&gt;</description>
        </parameter>
        <parameter>
          <name>deployer</name>
          <type>org.codehaus.cargo.maven2.Deployer</type>
          <required>false</required>
          <editable>true</editable>
          <description>Deployer configuration. Example: &lt;pre&gt;&lt;xmp&gt; &lt;container&gt; &lt;containerId&gt;tomcat5x&lt;/containerId&gt; &lt;type&gt;remote&lt;/type&gt; &lt;/container&gt; &lt;configuration&gt; &lt;properties&gt; &lt;cargo.tomcat.manager.url&gt;...&lt;/cargo.tomcat.manager.url&gt; &lt;cargo.tomcat.manager.username&gt;system&lt;/cargo.tomcat.manager.username&gt; &lt;cargo.tomcat.manager.password&gt;password&lt;/cargo.tomcat.manager.password&gt; &lt;/properties&gt; &lt;/configuration&gt; &lt;deployer&gt; &lt;containerId&gt;tomcat5x&lt;/container&gt; &lt;type&gt;runtime&lt;/type&gt; &lt;deployables&gt; &lt;deployable&gt; &lt;groupId&gt;war group id&lt;/groupId&gt; &lt;artifactId&gt;war artifact id&lt;/artifactId&gt; &lt;type&gt;war&lt;/type&gt; &lt;properties&gt; &lt;context&gt;optional root context&lt;/context&gt; &lt;/properties&gt; &lt;pingURL&gt;optional url to ping to know if deployable is done or not&lt;/pingURL&gt; &lt;/deployable&gt; &lt;deployable&gt; &lt;groupId&gt;ear group id&lt;/groupId&gt; &lt;artifactId&gt;ear artifact id&lt;/artifactId&gt; &lt;type&gt;ear&lt;/type&gt; &lt;pingURL&gt;optional url to ping to know if deployable is done or not&lt;/pingURL&gt; &lt;/deployable&gt; [...] &lt;/deployables&gt; &lt;/deployer&gt; &lt;/xmp&gt;&lt;/pre&gt;</description>
        </parameter>
        <parameter>
          <name>localRepository</name>
          <type>org.apache.maven.artifact.repository.ArtifactRepository</type>
          <required>false</required>
          <editable>true</editable>
          <description>The local repository.</description>
        </parameter>
        <parameter>
          <name>project</name>
          <type>org.apache.maven.project.MavenProject</type>
          <required>true</required>
          <editable>false</editable>
          <description>The Maven project.</description>
        </parameter>
        <parameter>
          <name>repositories</name>
          <type>java.util.List</type>
          <required>false</required>
          <editable>true</editable>
          <description>Remote repositories used for the project.</description>
        </parameter>
      </parameters>
      <configuration>
        <localRepository implementation="org.apache.maven.artifact.repository.ArtifactRepository">${localRepository}</localRepository>
        <repositories implementation="java.util.List">${project.remoteArtifactRepositories}</repositories>
        <project implementation="org.apache.maven.project.MavenProject">${project}</project>
      </configuration>
      <requirements>
        <requirement>
          <role>org.apache.maven.artifact.resolver.ArtifactResolver</role>
          <field-name>artifactResolver</field-name>
        </requirement>
        <requirement>
          <role>org.apache.maven.artifact.factory.ArtifactFactory</role>
          <field-name>artifactFactory</field-name>
        </requirement>
      </requirements>
    </mojo>
    <mojo>
      <goal>deployer-redeploy</goal>
      <description>Redeploy a deployable (i.e. undeploy and deploy it again) in a container.</description>
      <requiresDependencyResolution>compile</requiresDependencyResolution>
      <requiresDirectInvocation>false</requiresDirectInvocation>
      <requiresProject>true</requiresProject>
      <requiresReports>false</requiresReports>
      <aggregator>false</aggregator>
      <requiresOnline>false</requiresOnline>
      <inheritedByDefault>true</inheritedByDefault>
      <implementation>org.codehaus.cargo.maven2.DeployerRedeployMojo</implementation>
      <language>java</language>
      <instantiationStrategy>per-lookup</instantiationStrategy>
      <executionStrategy>once-per-session</executionStrategy>
      <parameters>
        <parameter>
          <name>configuration</name>
          <type>org.codehaus.cargo.maven2.Configuration</type>
          <required>false</required>
          <editable>true</editable>
          <description>Container configuration. &lt;p&gt; Example: &lt;pre&gt;&lt;xmp&gt; &lt;configuration&gt; &lt;type&gt;standalone&lt;/type&gt; &lt;dir&gt;${basedir}/target/resin&lt;/dir&gt; &lt;properties&gt; &lt;cargo.servlet.port&gt;8080&lt;/cargo.servlet.port&gt; &lt;cargo.logging&gt;high&lt;/cargo.logging&gt; &lt;/properties&gt; &lt;deployables&gt; &lt;deployable&gt; &lt;groupId&gt;war group id&lt;/groupId&gt; &lt;artifactId&gt;war artifact id&lt;/artifactId&gt; &lt;type&gt;war&lt;/type&gt; &lt;properties&gt; &lt;context&gt;optional root context&lt;/context&gt; &lt;/properties&gt; &lt;/deployable&gt; &lt;deployable&gt; &lt;groupId&gt;ear group id&lt;/groupId&gt; &lt;artifactId&gt;ear artifact id&lt;/artifactId&gt; &lt;type&gt;ear&lt;/type&gt; &lt;/deployable&gt; [...] &lt;/deployables&gt; &lt;/configuration&gt; &lt;/xmp&gt;&lt;/pre&gt;</description>
        </parameter>
        <parameter>
          <name>container</name>
          <type>org.codehaus.cargo.maven2.Container</type>
          <required>false</required>
          <editable>true</editable>
          <description>Container configuration. &lt;p&gt; Example: &lt;pre&gt;&lt;xmp&gt; &lt;container&gt; &lt;containerId&gt;resin3x&lt;/containerId&gt; &lt;zipUrlInstaller&gt; &lt;url&gt;http://www.caucho.com/download/resin-3.0.18.zip&lt;/url&gt; &lt;installDir&gt;${basedir}/target/install&lt;/installDir&gt; &lt;/zipUrlInstaller&gt; &lt;output&gt;${basedir}/target/resin-cargo.log&lt;/output&gt; &lt;append&gt;false&lt;/append&gt; &lt;log&gt;${basedir}/target/resin-log.log&lt;/log&gt; &lt;/container&gt; &lt;/xmp&gt;&lt;/pre&gt;</description>
        </parameter>
        <parameter>
          <name>deployer</name>
          <type>org.codehaus.cargo.maven2.Deployer</type>
          <required>false</required>
          <editable>true</editable>
          <description>Deployer configuration. Example: &lt;pre&gt;&lt;xmp&gt; &lt;container&gt; &lt;containerId&gt;tomcat5x&lt;/containerId&gt; &lt;type&gt;remote&lt;/type&gt; &lt;/container&gt; &lt;configuration&gt; &lt;properties&gt; &lt;cargo.tomcat.manager.url&gt;...&lt;/cargo.tomcat.manager.url&gt; &lt;cargo.tomcat.manager.username&gt;system&lt;/cargo.tomcat.manager.username&gt; &lt;cargo.tomcat.manager.password&gt;password&lt;/cargo.tomcat.manager.password&gt; &lt;/properties&gt; &lt;/configuration&gt; &lt;deployer&gt; &lt;containerId&gt;tomcat5x&lt;/container&gt; &lt;type&gt;runtime&lt;/type&gt; &lt;deployables&gt; &lt;deployable&gt; &lt;groupId&gt;war group id&lt;/groupId&gt; &lt;artifactId&gt;war artifact id&lt;/artifactId&gt; &lt;type&gt;war&lt;/type&gt; &lt;properties&gt; &lt;context&gt;optional root context&lt;/context&gt; &lt;/properties&gt; &lt;pingURL&gt;optional url to ping to know if deployable is done or not&lt;/pingURL&gt; &lt;/deployable&gt; &lt;deployable&gt; &lt;groupId&gt;ear group id&lt;/groupId&gt; &lt;artifactId&gt;ear artifact id&lt;/artifactId&gt; &lt;type&gt;ear&lt;/type&gt; &lt;pingURL&gt;optional url to ping to know if deployable is done or not&lt;/pingURL&gt; &lt;/deployable&gt; [...] &lt;/deployables&gt; &lt;/deployer&gt; &lt;/xmp&gt;&lt;/pre&gt;</description>
        </parameter>
        <parameter>
          <name>localRepository</name>
          <type>org.apache.maven.artifact.repository.ArtifactRepository</type>
          <required>false</required>
          <editable>true</editable>
          <description>The local repository.</description>
        </parameter>
        <parameter>
          <name>project</name>
          <type>org.apache.maven.project.MavenProject</type>
          <required>true</required>
          <editable>false</editable>
          <description>The Maven project.</description>
        </parameter>
        <parameter>
          <name>repositories</name>
          <type>java.util.List</type>
          <required>false</required>
          <editable>true</editable>
          <description>Remote repositories used for the project.</description>
        </parameter>
      </parameters>
      <configuration>
        <localRepository implementation="org.apache.maven.artifact.repository.ArtifactRepository">${localRepository}</localRepository>
        <repositories implementation="java.util.List">${project.remoteArtifactRepositories}</repositories>
        <project implementation="org.apache.maven.project.MavenProject">${project}</project>
      </configuration>
      <requirements>
        <requirement>
          <role>org.apache.maven.artifact.resolver.ArtifactResolver</role>
          <field-name>artifactResolver</field-name>
        </requirement>
        <requirement>
          <role>org.apache.maven.artifact.factory.ArtifactFactory</role>
          <field-name>artifactFactory</field-name>
        </requirement>
      </requirements>
    </mojo>
    <mojo>
      <goal>deployer-start</goal>
      <description>Start a deployable which is already installed in a container.</description>
      <requiresDependencyResolution>compile</requiresDependencyResolution>
      <requiresDirectInvocation>false</requiresDirectInvocation>
      <requiresProject>true</requiresProject>
      <requiresReports>false</requiresReports>
      <aggregator>false</aggregator>
      <requiresOnline>false</requiresOnline>
      <inheritedByDefault>true</inheritedByDefault>
      <implementation>org.codehaus.cargo.maven2.DeployerStartMojo</implementation>
      <language>java</language>
      <instantiationStrategy>per-lookup</instantiationStrategy>
      <executionStrategy>once-per-session</executionStrategy>
      <parameters>
        <parameter>
          <name>configuration</name>
          <type>org.codehaus.cargo.maven2.Configuration</type>
          <required>false</required>
          <editable>true</editable>
          <description>Container configuration. &lt;p&gt; Example: &lt;pre&gt;&lt;xmp&gt; &lt;configuration&gt; &lt;type&gt;standalone&lt;/type&gt; &lt;dir&gt;${basedir}/target/resin&lt;/dir&gt; &lt;properties&gt; &lt;cargo.servlet.port&gt;8080&lt;/cargo.servlet.port&gt; &lt;cargo.logging&gt;high&lt;/cargo.logging&gt; &lt;/properties&gt; &lt;deployables&gt; &lt;deployable&gt; &lt;groupId&gt;war group id&lt;/groupId&gt; &lt;artifactId&gt;war artifact id&lt;/artifactId&gt; &lt;type&gt;war&lt;/type&gt; &lt;properties&gt; &lt;context&gt;optional root context&lt;/context&gt; &lt;/properties&gt; &lt;/deployable&gt; &lt;deployable&gt; &lt;groupId&gt;ear group id&lt;/groupId&gt; &lt;artifactId&gt;ear artifact id&lt;/artifactId&gt; &lt;type&gt;ear&lt;/type&gt; &lt;/deployable&gt; [...] &lt;/deployables&gt; &lt;/configuration&gt; &lt;/xmp&gt;&lt;/pre&gt;</description>
        </parameter>
        <parameter>
          <name>container</name>
          <type>org.codehaus.cargo.maven2.Container</type>
          <required>false</required>
          <editable>true</editable>
          <description>Container configuration. &lt;p&gt; Example: &lt;pre&gt;&lt;xmp&gt; &lt;container&gt; &lt;containerId&gt;resin3x&lt;/containerId&gt; &lt;zipUrlInstaller&gt; &lt;url&gt;http://www.caucho.com/download/resin-3.0.18.zip&lt;/url&gt; &lt;installDir&gt;${basedir}/target/install&lt;/installDir&gt; &lt;/zipUrlInstaller&gt; &lt;output&gt;${basedir}/target/resin-cargo.log&lt;/output&gt; &lt;append&gt;false&lt;/append&gt; &lt;log&gt;${basedir}/target/resin-log.log&lt;/log&gt; &lt;/container&gt; &lt;/xmp&gt;&lt;/pre&gt;</description>
        </parameter>
        <parameter>
          <name>deployer</name>
          <type>org.codehaus.cargo.maven2.Deployer</type>
          <required>false</required>
          <editable>true</editable>
          <description>Deployer configuration. Example: &lt;pre&gt;&lt;xmp&gt; &lt;container&gt; &lt;containerId&gt;tomcat5x&lt;/containerId&gt; &lt;type&gt;remote&lt;/type&gt; &lt;/container&gt; &lt;configuration&gt; &lt;properties&gt; &lt;cargo.tomcat.manager.url&gt;...&lt;/cargo.tomcat.manager.url&gt; &lt;cargo.tomcat.manager.username&gt;system&lt;/cargo.tomcat.manager.username&gt; &lt;cargo.tomcat.manager.password&gt;password&lt;/cargo.tomcat.manager.password&gt; &lt;/properties&gt; &lt;/configuration&gt; &lt;deployer&gt; &lt;containerId&gt;tomcat5x&lt;/container&gt; &lt;type&gt;runtime&lt;/type&gt; &lt;deployables&gt; &lt;deployable&gt; &lt;groupId&gt;war group id&lt;/groupId&gt; &lt;artifactId&gt;war artifact id&lt;/artifactId&gt; &lt;type&gt;war&lt;/type&gt; &lt;properties&gt; &lt;context&gt;optional root context&lt;/context&gt; &lt;/properties&gt; &lt;pingURL&gt;optional url to ping to know if deployable is done or not&lt;/pingURL&gt; &lt;/deployable&gt; &lt;deployable&gt; &lt;groupId&gt;ear group id&lt;/groupId&gt; &lt;artifactId&gt;ear artifact id&lt;/artifactId&gt; &lt;type&gt;ear&lt;/type&gt; &lt;pingURL&gt;optional url to ping to know if deployable is done or not&lt;/pingURL&gt; &lt;/deployable&gt; [...] &lt;/deployables&gt; &lt;/deployer&gt; &lt;/xmp&gt;&lt;/pre&gt;</description>
        </parameter>
        <parameter>
          <name>localRepository</name>
          <type>org.apache.maven.artifact.repository.ArtifactRepository</type>
          <required>false</required>
          <editable>true</editable>
          <description>The local repository.</description>
        </parameter>
        <parameter>
          <name>project</name>
          <type>org.apache.maven.project.MavenProject</type>
          <required>true</required>
          <editable>false</editable>
          <description>The Maven project.</description>
        </parameter>
        <parameter>
          <name>repositories</name>
          <type>java.util.List</type>
          <required>false</required>
          <editable>true</editable>
          <description>Remote repositories used for the project.</description>
        </parameter>
      </parameters>
      <configuration>
        <localRepository implementation="org.apache.maven.artifact.repository.ArtifactRepository">${localRepository}</localRepository>
        <repositories implementation="java.util.List">${project.remoteArtifactRepositories}</repositories>
        <project implementation="org.apache.maven.project.MavenProject">${project}</project>
      </configuration>
      <requirements>
        <requirement>
          <role>org.apache.maven.artifact.resolver.ArtifactResolver</role>
          <field-name>artifactResolver</field-name>
        </requirement>
        <requirement>
          <role>org.apache.maven.artifact.factory.ArtifactFactory</role>
          <field-name>artifactFactory</field-name>
        </requirement>
      </requirements>
    </mojo>
    <mojo>
      <goal>deployer-stop</goal>
      <description>Stop a deployable which is already deployed in a container.</description>
      <requiresDependencyResolution>compile</requiresDependencyResolution>
      <requiresDirectInvocation>false</requiresDirectInvocation>
      <requiresProject>true</requiresProject>
      <requiresReports>false</requiresReports>
      <aggregator>false</aggregator>
      <requiresOnline>false</requiresOnline>
      <inheritedByDefault>true</inheritedByDefault>
      <implementation>org.codehaus.cargo.maven2.DeployerStopMojo</implementation>
      <language>java</language>
      <instantiationStrategy>per-lookup</instantiationStrategy>
      <executionStrategy>once-per-session</executionStrategy>
      <parameters>
        <parameter>
          <name>configuration</name>
          <type>org.codehaus.cargo.maven2.Configuration</type>
          <required>false</required>
          <editable>true</editable>
          <description>Container configuration. &lt;p&gt; Example: &lt;pre&gt;&lt;xmp&gt; &lt;configuration&gt; &lt;type&gt;standalone&lt;/type&gt; &lt;dir&gt;${basedir}/target/resin&lt;/dir&gt; &lt;properties&gt; &lt;cargo.servlet.port&gt;8080&lt;/cargo.servlet.port&gt; &lt;cargo.logging&gt;high&lt;/cargo.logging&gt; &lt;/properties&gt; &lt;deployables&gt; &lt;deployable&gt; &lt;groupId&gt;war group id&lt;/groupId&gt; &lt;artifactId&gt;war artifact id&lt;/artifactId&gt; &lt;type&gt;war&lt;/type&gt; &lt;properties&gt; &lt;context&gt;optional root context&lt;/context&gt; &lt;/properties&gt; &lt;/deployable&gt; &lt;deployable&gt; &lt;groupId&gt;ear group id&lt;/groupId&gt; &lt;artifactId&gt;ear artifact id&lt;/artifactId&gt; &lt;type&gt;ear&lt;/type&gt; &lt;/deployable&gt; [...] &lt;/deployables&gt; &lt;/configuration&gt; &lt;/xmp&gt;&lt;/pre&gt;</description>
        </parameter>
        <parameter>
          <name>container</name>
          <type>org.codehaus.cargo.maven2.Container</type>
          <required>false</required>
          <editable>true</editable>
          <description>Container configuration. &lt;p&gt; Example: &lt;pre&gt;&lt;xmp&gt; &lt;container&gt; &lt;containerId&gt;resin3x&lt;/containerId&gt; &lt;zipUrlInstaller&gt; &lt;url&gt;http://www.caucho.com/download/resin-3.0.18.zip&lt;/url&gt; &lt;installDir&gt;${basedir}/target/install&lt;/installDir&gt; &lt;/zipUrlInstaller&gt; &lt;output&gt;${basedir}/target/resin-cargo.log&lt;/output&gt; &lt;append&gt;false&lt;/append&gt; &lt;log&gt;${basedir}/target/resin-log.log&lt;/log&gt; &lt;/container&gt; &lt;/xmp&gt;&lt;/pre&gt;</description>
        </parameter>
        <parameter>
          <name>deployer</name>
          <type>org.codehaus.cargo.maven2.Deployer</type>
          <required>false</required>
          <editable>true</editable>
          <description>Deployer configuration. Example: &lt;pre&gt;&lt;xmp&gt; &lt;container&gt; &lt;containerId&gt;tomcat5x&lt;/containerId&gt; &lt;type&gt;remote&lt;/type&gt; &lt;/container&gt; &lt;configuration&gt; &lt;properties&gt; &lt;cargo.tomcat.manager.url&gt;...&lt;/cargo.tomcat.manager.url&gt; &lt;cargo.tomcat.manager.username&gt;system&lt;/cargo.tomcat.manager.username&gt; &lt;cargo.tomcat.manager.password&gt;password&lt;/cargo.tomcat.manager.password&gt; &lt;/properties&gt; &lt;/configuration&gt; &lt;deployer&gt; &lt;containerId&gt;tomcat5x&lt;/container&gt; &lt;type&gt;runtime&lt;/type&gt; &lt;deployables&gt; &lt;deployable&gt; &lt;groupId&gt;war group id&lt;/groupId&gt; &lt;artifactId&gt;war artifact id&lt;/artifactId&gt; &lt;type&gt;war&lt;/type&gt; &lt;properties&gt; &lt;context&gt;optional root context&lt;/context&gt; &lt;/properties&gt; &lt;pingURL&gt;optional url to ping to know if deployable is done or not&lt;/pingURL&gt; &lt;/deployable&gt; &lt;deployable&gt; &lt;groupId&gt;ear group id&lt;/groupId&gt; &lt;artifactId&gt;ear artifact id&lt;/artifactId&gt; &lt;type&gt;ear&lt;/type&gt; &lt;pingURL&gt;optional url to ping to know if deployable is done or not&lt;/pingURL&gt; &lt;/deployable&gt; [...] &lt;/deployables&gt; &lt;/deployer&gt; &lt;/xmp&gt;&lt;/pre&gt;</description>
        </parameter>
        <parameter>
          <name>localRepository</name>
          <type>org.apache.maven.artifact.repository.ArtifactRepository</type>
          <required>false</required>
          <editable>true</editable>
          <description>The local repository.</description>
        </parameter>
        <parameter>
          <name>project</name>
          <type>org.apache.maven.project.MavenProject</type>
          <required>true</required>
          <editable>false</editable>
          <description>The Maven project.</description>
        </parameter>
        <parameter>
          <name>repositories</name>
          <type>java.util.List</type>
          <required>false</required>
          <editable>true</editable>
          <description>Remote repositories used for the project.</description>
        </parameter>
      </parameters>
      <configuration>
        <localRepository implementation="org.apache.maven.artifact.repository.ArtifactRepository">${localRepository}</localRepository>
        <repositories implementation="java.util.List">${project.remoteArtifactRepositories}</repositories>
        <project implementation="org.apache.maven.project.MavenProject">${project}</project>
      </configuration>
      <requirements>
        <requirement>
          <role>org.apache.maven.artifact.resolver.ArtifactResolver</role>
          <field-name>artifactResolver</field-name>
        </requirement>
        <requirement>
          <role>org.apache.maven.artifact.factory.ArtifactFactory</role>
          <field-name>artifactFactory</field-name>
        </requirement>
      </requirements>
    </mojo>
    <mojo>
      <goal>deployer-undeploy</goal>
      <description>Undeploy a deployable from a container.</description>
      <requiresDependencyResolution>compile</requiresDependencyResolution>
      <requiresDirectInvocation>false</requiresDirectInvocation>
      <requiresProject>true</requiresProject>
      <requiresReports>false</requiresReports>
      <aggregator>false</aggregator>
      <requiresOnline>false</requiresOnline>
      <inheritedByDefault>true</inheritedByDefault>
      <implementation>org.codehaus.cargo.maven2.DeployerUndeployMojo</implementation>
      <language>java</language>
      <instantiationStrategy>per-lookup</instantiationStrategy>
      <executionStrategy>once-per-session</executionStrategy>
      <parameters>
        <parameter>
          <name>configuration</name>
          <type>org.codehaus.cargo.maven2.Configuration</type>
          <required>false</required>
          <editable>true</editable>
          <description>Container configuration. &lt;p&gt; Example: &lt;pre&gt;&lt;xmp&gt; &lt;configuration&gt; &lt;type&gt;standalone&lt;/type&gt; &lt;dir&gt;${basedir}/target/resin&lt;/dir&gt; &lt;properties&gt; &lt;cargo.servlet.port&gt;8080&lt;/cargo.servlet.port&gt; &lt;cargo.logging&gt;high&lt;/cargo.logging&gt; &lt;/properties&gt; &lt;deployables&gt; &lt;deployable&gt; &lt;groupId&gt;war group id&lt;/groupId&gt; &lt;artifactId&gt;war artifact id&lt;/artifactId&gt; &lt;type&gt;war&lt;/type&gt; &lt;properties&gt; &lt;context&gt;optional root context&lt;/context&gt; &lt;/properties&gt; &lt;/deployable&gt; &lt;deployable&gt; &lt;groupId&gt;ear group id&lt;/groupId&gt; &lt;artifactId&gt;ear artifact id&lt;/artifactId&gt; &lt;type&gt;ear&lt;/type&gt; &lt;/deployable&gt; [...] &lt;/deployables&gt; &lt;/configuration&gt; &lt;/xmp&gt;&lt;/pre&gt;</description>
        </parameter>
        <parameter>
          <name>container</name>
          <type>org.codehaus.cargo.maven2.Container</type>
          <required>false</required>
          <editable>true</editable>
          <description>Container configuration. &lt;p&gt; Example: &lt;pre&gt;&lt;xmp&gt; &lt;container&gt; &lt;containerId&gt;resin3x&lt;/containerId&gt; &lt;zipUrlInstaller&gt; &lt;url&gt;http://www.caucho.com/download/resin-3.0.18.zip&lt;/url&gt; &lt;installDir&gt;${basedir}/target/install&lt;/installDir&gt; &lt;/zipUrlInstaller&gt; &lt;output&gt;${basedir}/target/resin-cargo.log&lt;/output&gt; &lt;append&gt;false&lt;/append&gt; &lt;log&gt;${basedir}/target/resin-log.log&lt;/log&gt; &lt;/container&gt; &lt;/xmp&gt;&lt;/pre&gt;</description>
        </parameter>
        <parameter>
          <name>deployer</name>
          <type>org.codehaus.cargo.maven2.Deployer</type>
          <required>false</required>
          <editable>true</editable>
          <description>Deployer configuration. Example: &lt;pre&gt;&lt;xmp&gt; &lt;container&gt; &lt;containerId&gt;tomcat5x&lt;/containerId&gt; &lt;type&gt;remote&lt;/type&gt; &lt;/container&gt; &lt;configuration&gt; &lt;properties&gt; &lt;cargo.tomcat.manager.url&gt;...&lt;/cargo.tomcat.manager.url&gt; &lt;cargo.tomcat.manager.username&gt;system&lt;/cargo.tomcat.manager.username&gt; &lt;cargo.tomcat.manager.password&gt;password&lt;/cargo.tomcat.manager.password&gt; &lt;/properties&gt; &lt;/configuration&gt; &lt;deployer&gt; &lt;containerId&gt;tomcat5x&lt;/container&gt; &lt;type&gt;runtime&lt;/type&gt; &lt;deployables&gt; &lt;deployable&gt; &lt;groupId&gt;war group id&lt;/groupId&gt; &lt;artifactId&gt;war artifact id&lt;/artifactId&gt; &lt;type&gt;war&lt;/type&gt; &lt;properties&gt; &lt;context&gt;optional root context&lt;/context&gt; &lt;/properties&gt; &lt;pingURL&gt;optional url to ping to know if deployable is done or not&lt;/pingURL&gt; &lt;/deployable&gt; &lt;deployable&gt; &lt;groupId&gt;ear group id&lt;/groupId&gt; &lt;artifactId&gt;ear artifact id&lt;/artifactId&gt; &lt;type&gt;ear&lt;/type&gt; &lt;pingURL&gt;optional url to ping to know if deployable is done or not&lt;/pingURL&gt; &lt;/deployable&gt; [...] &lt;/deployables&gt; &lt;/deployer&gt; &lt;/xmp&gt;&lt;/pre&gt;</description>
        </parameter>
        <parameter>
          <name>localRepository</name>
          <type>org.apache.maven.artifact.repository.ArtifactRepository</type>
          <required>false</required>
          <editable>true</editable>
          <description>The local repository.</description>
        </parameter>
        <parameter>
          <name>project</name>
          <type>org.apache.maven.project.MavenProject</type>
          <required>true</required>
          <editable>false</editable>
          <description>The Maven project.</description>
        </parameter>
        <parameter>
          <name>repositories</name>
          <type>java.util.List</type>
          <required>false</required>
          <editable>true</editable>
          <description>Remote repositories used for the project.</description>
        </parameter>
      </parameters>
      <configuration>
        <localRepository implementation="org.apache.maven.artifact.repository.ArtifactRepository">${localRepository}</localRepository>
        <repositories implementation="java.util.List">${project.remoteArtifactRepositories}</repositories>
        <project implementation="org.apache.maven.project.MavenProject">${project}</project>
      </configuration>
      <requirements>
        <requirement>
          <role>org.apache.maven.artifact.resolver.ArtifactResolver</role>
          <field-name>artifactResolver</field-name>
        </requirement>
        <requirement>
          <role>org.apache.maven.artifact.factory.ArtifactFactory</role>
          <field-name>artifactFactory</field-name>
        </requirement>
      </requirements>
    </mojo>
    <mojo>
      <goal>uberwar</goal>
      <description>Build an uberwar</description>
      <requiresDependencyResolution>runtime</requiresDependencyResolution>
      <requiresDirectInvocation>false</requiresDirectInvocation>
      <requiresProject>true</requiresProject>
      <requiresReports>false</requiresReports>
      <aggregator>false</aggregator>
      <requiresOnline>false</requiresOnline>
      <inheritedByDefault>true</inheritedByDefault>
      <phase>package</phase>
      <implementation>org.codehaus.cargo.maven2.UberWarMojo</implementation>
      <language>java</language>
      <instantiationStrategy>per-lookup</instantiationStrategy>
      <executionStrategy>once-per-session</executionStrategy>
      <parameters>
        <parameter>
          <name>descriptor</name>
          <type>java.io.File</type>
          <required>false</required>
          <editable>true</editable>
          <description>The file name to use for the merge descriptor</description>
        </parameter>
        <parameter>
          <name>descriptorId</name>
          <type>java.lang.String</type>
          <required>false</required>
          <editable>true</editable>
          <description>The id to use for the merge descriptor</description>
        </parameter>
        <parameter>
          <name>outputDirectory</name>
          <type>java.lang.String</type>
          <required>true</required>
          <editable>true</editable>
          <description>The directory for the generated WAR.</description>
        </parameter>
        <parameter>
          <name>project</name>
          <type>org.apache.maven.project.MavenProject</type>
          <required>true</required>
          <editable>false</editable>
          <description>The maven project.</description>
        </parameter>
        <parameter>
          <name>settings</name>
          <type>org.codehaus.plexus.configuration.PlexusConfiguration</type>
          <required>false</required>
          <editable>true</editable>
          <description>The settings to use when building the uber war</description>
        </parameter>
        <parameter>
          <name>warName</name>
          <type>java.lang.String</type>
          <required>true</required>
          <editable>true</editable>
          <description>The name of the generated war.</description>
        </parameter>
        <parameter>
          <name>wars</name>
          <type>java.util.List</type>
          <required>false</required>
          <editable>true</editable>
          <description>The list of WAR files to use (in order)</description>
        </parameter>
      </parameters>
      <configuration>
        <outputDirectory implementation="java.lang.String">${project.build.directory}</outputDirectory>
        <warName implementation="java.lang.String">${project.build.finalName}</warName>
        <project implementation="org.apache.maven.project.MavenProject">${project}</project>
      </configuration>
    </mojo>
  </mojos>
  <dependencies/>
</plugin>