<plugin>
  <description>Maven Check-ADL Plugin checks statically fractal
    definitions.</description>
  <groupId>org.objectweb.dream.dreamadl</groupId>
  <artifactId>maven-check-adl-plugin</artifactId>
  <version>2.2</version>
  <goalPrefix>check-adl</goalPrefix>
  <isolatedRealm>false</isolatedRealm>
  <inheritedByDefault>true</inheritedByDefault>
  <mojos>
    <mojo>
      <goal>run</goal>
      <description>&lt;h4&gt;Maven Check ADL Plug-in.&lt;/h4&gt; &lt;br/&gt; The purpose of this plug-in is to check statically fractal definition. To use it, put these lines in your &lt;code&gt;pom.xml&lt;/code&gt; file &lt;pre&gt; &amp;lt;plugin&amp;gt; &amp;lt;groupId&amp;gt;org.objectweb.dream.dreamadl&amp;lt;/groupId&amp;gt; &amp;lt;artifactId&amp;gt;maven-check-adl-plugin&amp;lt;/artifactId&amp;gt; &amp;lt;version&amp;gt;&amp;lt;i&amp;gt;&amp;lt;b&amp;gt;optional_version_number&amp;lt;/b&amp;gt;&amp;lt;/i&amp;gt;&amp;lt;/version&amp;gt; &amp;lt;configuration&amp;gt; parameter &amp;lt;/configuration&amp;gt; &amp;lt;executions&amp;gt; &amp;lt;execution&amp;gt; &amp;lt;goals&amp;gt; &amp;lt;goal&amp;gt;run&amp;lt;/goal&amp;gt; &amp;lt;/goals&amp;gt; &amp;lt;/execution&amp;gt; &amp;lt;/executions&amp;gt; &amp;lt;/plugin&amp;gt; &lt;/pre&gt; The &lt;i&gt;&lt;b&gt;parameter&lt;/b&gt;&lt;/i&gt; can be, by priority order : &lt;br/&gt; &lt;br/&gt; &lt;ol&gt; &lt;li&gt;&lt;code&gt;&amp;lt;adls/&amp;gt;&lt;/code&gt; containing the fractal definition to check.&lt;/li&gt; &lt;pre&gt; &amp;lt;adls&amp;gt; &amp;lt;adl&amp;gt;adl_definition&amp;lt;/adl&amp;gt; &amp;lt;adl&amp;gt;adl_definition2&amp;lt;/adl&amp;gt; ... &amp;lt;/adls&amp;gt; &lt;/pre&gt; &lt;li&gt;&lt;code&gt;&amp;lt;adlList/&amp;gt;&lt;/code&gt; containing the path to the file containing a list of fractal definition separated by newline. To write comment in this file, start each lines of your comment by #&lt;/li&gt; &lt;li&gt;&lt;code&gt;&amp;lt;includes/&amp;gt;&lt;/code&gt; and/or &lt;code&gt;&amp;lt;excludes/&amp;gt;&lt;/code&gt; to specify the fractal file to check. &lt;pre&gt; lt;excludes&amp;gt; &amp;lt;exclude&amp;gt;*Type.fractal&amp;lt;/exclude&amp;gt; lt;/excludes&amp;gt; &lt;/pre&gt; This will excludes all fractal files which name ends by &lt;code&gt;Type.fractal&lt;/code&gt; &lt;/li&gt; &lt;/oL&gt;</description>
      <requiresDependencyResolution>compile</requiresDependencyResolution>
      <requiresDirectInvocation>false</requiresDirectInvocation>
      <requiresProject>true</requiresProject>
      <requiresReports>false</requiresReports>
      <aggregator>false</aggregator>
      <requiresOnline>false</requiresOnline>
      <inheritedByDefault>true</inheritedByDefault>
      <phase>package</phase>
      <implementation>org.objectweb.fractal.fractaladl.CheckAdlMojo</implementation>
      <language>java</language>
      <instantiationStrategy>per-lookup</instantiationStrategy>
      <executionStrategy>once-per-session</executionStrategy>
      <parameters>
        <parameter>
          <name>adlList</name>
          <type>java.io.File</type>
          <required>false</required>
          <editable>true</editable>
          <description>The adl to check if an adl if specified</description>
        </parameter>
        <parameter>
          <name>adls</name>
          <type>java.util.List</type>
          <required>false</required>
          <editable>true</editable>
          <description>The adl to check if an adl if specified</description>
        </parameter>
        <parameter>
          <name>classpathElements</name>
          <type>java.util.List</type>
          <required>true</required>
          <editable>false</editable>
          <description>Project classpath for compilation.</description>
        </parameter>
        <parameter>
          <name>excludes</name>
          <type>java.util.List</type>
          <required>false</required>
          <editable>true</editable>
          <description>List of patterns (separated by commas) used to specify fractal files that should be excluded in checking. When not specified and when the &lt;code&gt;adl&lt;/code&gt; parameter is not specified, the default excludes will be &lt;code&gt;none&lt;/code&gt;</description>
        </parameter>
        <parameter>
          <name>includes</name>
          <type>java.util.List</type>
          <required>false</required>
          <editable>true</editable>
          <description>List of patterns (separated by commas) used to specify the fractal files that should be included in checking. When not specified and when the &lt;code&gt;adl&lt;/code&gt; parameter is not specified, the default includes will be &lt;code&gt;*.fractal&lt;/code&gt;</description>
        </parameter>
        <parameter>
          <name>projectBaseDir</name>
          <type>java.lang.String</type>
          <required>false</required>
          <editable>false</editable>
          <description>The source directories containing the sources to be compiled.</description>
        </parameter>
      </parameters>
      <configuration>
        <classpathElements implementation="java.util.List">${project.compileClasspathElements}</classpathElements>
        <projectBaseDir implementation="java.lang.String">${basedir}</projectBaseDir>
      </configuration>
    </mojo>
  </mojos>
  <dependencies/>
</plugin>