<plugin>
  <description>Sonar database embedder plugin, can be used to start the embedded database for the dev env</description>
  <groupId>ch.hortis.sonar</groupId>
  <artifactId>db-maven-plugin</artifactId>
  <version>1.0.2</version>
  <goalPrefix>db</goalPrefix>
  <isolatedRealm>false</isolatedRealm>
  <inheritedByDefault>true</inheritedByDefault>
  <mojos>
    <mojo>
      <goal>run</goal>
      <description>Sonar embedded database runner plugin</description>
      <requiresDirectInvocation>false</requiresDirectInvocation>
      <requiresProject>true</requiresProject>
      <requiresReports>false</requiresReports>
      <aggregator>false</aggregator>
      <requiresOnline>false</requiresOnline>
      <inheritedByDefault>true</inheritedByDefault>
      <implementation>ch.hortis.sonar.mvn.DBMojo</implementation>
      <language>java</language>
      <instantiationStrategy>per-lookup</instantiationStrategy>
      <executionStrategy>once-per-session</executionStrategy>
      <parameters>
        <parameter>
          <name>dbHome</name>
          <alias>sonar.db.home</alias>
          <type>java.io.File</type>
          <required>false</required>
          <editable>true</editable>
          <description>DBHome</description>
        </parameter>
      </parameters>
      <configuration>
        <dbHome implementation="java.io.File" default-value="./derby">${sonar.db.home}</dbHome>
      </configuration>
    </mojo>
  </mojos>
  <dependencies>
    <dependency>
      <groupId>ch.hortis.sonar</groupId>
      <artifactId>sonar-db-embedder</artifactId>
      <type>jar</type>
      <version>1.0.2</version>
    </dependency>
    <dependency>
      <groupId>org.apache.derby</groupId>
      <artifactId>derby</artifactId>
      <type>jar</type>
      <version>10.3.1.4</version>
    </dependency>
    <dependency>
      <groupId>org.apache.derby</groupId>
      <artifactId>derbynet</artifactId>
      <type>jar</type>
      <version>10.3.1.4</version>
    </dependency>
  </dependencies>
</plugin>