<plugin>
  <description>Sonar Maven2 plugin collects measures for Quality metrics.</description>
  <groupId>ch.hortis.sonar</groupId>
  <artifactId>sonar-maven-plugin</artifactId>
  <version>1.0.2</version>
  <goalPrefix>sonar</goalPrefix>
  <isolatedRealm>false</isolatedRealm>
  <inheritedByDefault>true</inheritedByDefault>
  <mojos>
    <mojo>
      <goal>light</goal>
      <description>Light sonar plugin reports for plugins metrics parsing and historic generation</description>
      <requiresDirectInvocation>false</requiresDirectInvocation>
      <requiresProject>true</requiresProject>
      <requiresReports>false</requiresReports>
      <aggregator>false</aggregator>
      <requiresOnline>false</requiresOnline>
      <inheritedByDefault>true</inheritedByDefault>
      <executeGoal>prepare-light</executeGoal>
      <implementation>ch.hortis.sonar.mvn.LightMojo</implementation>
      <language>java</language>
      <instantiationStrategy>per-lookup</instantiationStrategy>
      <executionStrategy>once-per-session</executionStrategy>
      <parameters>
        <parameter>
          <name>branch</name>
          <alias>branch</alias>
          <type>java.lang.String</type>
          <required>false</required>
          <editable>true</editable>
          <description>Project branch</description>
        </parameter>
        <parameter>
          <name>jdbcDriverClassName</name>
          <alias>sonar.jdbc.driver</alias>
          <type>java.lang.String</type>
          <required>false</required>
          <editable>true</editable>
          <description>JDBC driver class</description>
        </parameter>
        <parameter>
          <name>jdbcPassword</name>
          <alias>sonar.jdbc.password</alias>
          <type>java.lang.String</type>
          <required>false</required>
          <editable>true</editable>
          <description>JDBC password</description>
        </parameter>
        <parameter>
          <name>jdbcURL</name>
          <alias>sonar.jdbc.url</alias>
          <type>java.lang.String</type>
          <required>false</required>
          <editable>true</editable>
          <description>JDBC URL</description>
        </parameter>
        <parameter>
          <name>jdbcUserName</name>
          <alias>sonar.jdbc.username</alias>
          <type>java.lang.String</type>
          <required>false</required>
          <editable>true</editable>
          <description>JDBC user name</description>
        </parameter>
        <parameter>
          <name>mavenProject</name>
          <type>org.apache.maven.project.MavenProject</type>
          <required>true</required>
          <editable>false</editable>
          <description>The maven project running this plugin</description>
        </parameter>
        <parameter>
          <name>sonarHostURL</name>
          <alias>sonar.host.url</alias>
          <type>java.lang.String</type>
          <required>false</required>
          <editable>true</editable>
          <description>Sonar host URL</description>
        </parameter>
      </parameters>
      <configuration>
        <jdbcUserName implementation="java.lang.String" default-value="sonar">${sonar.jdbc.username}</jdbcUserName>
        <mavenProject implementation="org.apache.maven.project.MavenProject">${project}</mavenProject>
        <sonarHostURL implementation="java.lang.String" default-value="http://localhost:9000">${sonar.host.url}</sonarHostURL>
        <branch implementation="java.lang.String" default-value="HEAD">${branch}</branch>
        <jdbcURL implementation="java.lang.String" default-value="jdbc:derby://localhost:1527/sonar;create=true">${sonar.jdbc.url}</jdbcURL>
        <jdbcDriverClassName implementation="java.lang.String" default-value="org.apache.derby.jdbc.ClientDriver">${sonar.jdbc.driver}</jdbcDriverClassName>
        <jdbcPassword implementation="java.lang.String" default-value="sonar">${sonar.jdbc.password}</jdbcPassword>
      </configuration>
    </mojo>
    <mojo>
      <goal>prepare-light</goal>
      <description></description>
      <requiresDirectInvocation>false</requiresDirectInvocation>
      <requiresProject>true</requiresProject>
      <requiresReports>false</requiresReports>
      <aggregator>false</aggregator>
      <requiresOnline>false</requiresOnline>
      <inheritedByDefault>true</inheritedByDefault>
      <implementation>ch.hortis.sonar.mvn.PrepareLightMojo</implementation>
      <language>java</language>
      <instantiationStrategy>per-lookup</instantiationStrategy>
      <executionStrategy>once-per-session</executionStrategy>
      <parameters>
        <parameter>
          <name>mavenProject</name>
          <type>org.apache.maven.project.MavenProject</type>
          <required>true</required>
          <editable>false</editable>
          <description>The maven project running this plugin</description>
        </parameter>
        <parameter>
          <name>sonarHostURL</name>
          <alias>sonar.host.url</alias>
          <type>java.lang.String</type>
          <required>false</required>
          <editable>true</editable>
          <description>Sonar host URL</description>
        </parameter>
      </parameters>
      <configuration>
        <mavenProject implementation="org.apache.maven.project.MavenProject">${project}</mavenProject>
        <sonarHostURL implementation="java.lang.String" default-value="http://localhost:9000">${sonar.host.url}</sonarHostURL>
      </configuration>
    </mojo>
    <mojo>
      <goal>prepare</goal>
      <description></description>
      <requiresDirectInvocation>false</requiresDirectInvocation>
      <requiresProject>true</requiresProject>
      <requiresReports>false</requiresReports>
      <aggregator>false</aggregator>
      <requiresOnline>false</requiresOnline>
      <inheritedByDefault>true</inheritedByDefault>
      <implementation>ch.hortis.sonar.mvn.PrepareMojo</implementation>
      <language>java</language>
      <instantiationStrategy>per-lookup</instantiationStrategy>
      <executionStrategy>once-per-session</executionStrategy>
      <parameters>
        <parameter>
          <name>mavenProject</name>
          <type>org.apache.maven.project.MavenProject</type>
          <required>true</required>
          <editable>false</editable>
          <description>The maven project running this plugin</description>
        </parameter>
        <parameter>
          <name>sonarHostURL</name>
          <alias>sonar.host.url</alias>
          <type>java.lang.String</type>
          <required>false</required>
          <editable>true</editable>
          <description>Sonar host URL</description>
        </parameter>
      </parameters>
      <configuration>
        <mavenProject implementation="org.apache.maven.project.MavenProject">${project}</mavenProject>
        <sonarHostURL implementation="java.lang.String" default-value="http://localhost:9000">${sonar.host.url}</sonarHostURL>
      </configuration>
    </mojo>
    <mojo>
      <goal>sonar</goal>
      <description>Main sonar plugin reports for plugins metrics parsing and historic generation</description>
      <requiresDirectInvocation>false</requiresDirectInvocation>
      <requiresProject>true</requiresProject>
      <requiresReports>false</requiresReports>
      <aggregator>false</aggregator>
      <requiresOnline>false</requiresOnline>
      <inheritedByDefault>true</inheritedByDefault>
      <executeGoal>prepare</executeGoal>
      <implementation>ch.hortis.sonar.mvn.SonarMojo</implementation>
      <language>java</language>
      <instantiationStrategy>per-lookup</instantiationStrategy>
      <executionStrategy>once-per-session</executionStrategy>
      <parameters>
        <parameter>
          <name>branch</name>
          <alias>branch</alias>
          <type>java.lang.String</type>
          <required>false</required>
          <editable>true</editable>
          <description>Project branch</description>
        </parameter>
        <parameter>
          <name>jdbcDriverClassName</name>
          <alias>sonar.jdbc.driver</alias>
          <type>java.lang.String</type>
          <required>false</required>
          <editable>true</editable>
          <description>JDBC driver class</description>
        </parameter>
        <parameter>
          <name>jdbcPassword</name>
          <alias>sonar.jdbc.password</alias>
          <type>java.lang.String</type>
          <required>false</required>
          <editable>true</editable>
          <description>JDBC password</description>
        </parameter>
        <parameter>
          <name>jdbcURL</name>
          <alias>sonar.jdbc.url</alias>
          <type>java.lang.String</type>
          <required>false</required>
          <editable>true</editable>
          <description>JDBC URL</description>
        </parameter>
        <parameter>
          <name>jdbcUserName</name>
          <alias>sonar.jdbc.username</alias>
          <type>java.lang.String</type>
          <required>false</required>
          <editable>true</editable>
          <description>JDBC user name</description>
        </parameter>
        <parameter>
          <name>mavenProject</name>
          <type>org.apache.maven.project.MavenProject</type>
          <required>true</required>
          <editable>false</editable>
          <description>The maven project running this plugin</description>
        </parameter>
        <parameter>
          <name>sonarHostURL</name>
          <alias>sonar.host.url</alias>
          <type>java.lang.String</type>
          <required>false</required>
          <editable>true</editable>
          <description>Sonar host URL</description>
        </parameter>
      </parameters>
      <configuration>
        <jdbcUserName implementation="java.lang.String" default-value="sonar">${sonar.jdbc.username}</jdbcUserName>
        <mavenProject implementation="org.apache.maven.project.MavenProject">${project}</mavenProject>
        <sonarHostURL implementation="java.lang.String" default-value="http://localhost:9000">${sonar.host.url}</sonarHostURL>
        <branch implementation="java.lang.String" default-value="HEAD">${branch}</branch>
        <jdbcURL implementation="java.lang.String" default-value="jdbc:derby://localhost:1527/sonar;create=true">${sonar.jdbc.url}</jdbcURL>
        <jdbcDriverClassName implementation="java.lang.String" default-value="org.apache.derby.jdbc.ClientDriver">${sonar.jdbc.driver}</jdbcDriverClassName>
        <jdbcPassword implementation="java.lang.String" default-value="sonar">${sonar.jdbc.password}</jdbcPassword>
      </configuration>
    </mojo>
  </mojos>
  <dependencies>
    <dependency>
      <groupId>org.apache.commons</groupId>
      <artifactId>commons-io</artifactId>
      <type>jar</type>
      <version>1.3.2</version>
    </dependency>
    <dependency>
      <groupId>org.apache.derby</groupId>
      <artifactId>derbyclient</artifactId>
      <type>jar</type>
      <version>10.3.1.4</version>
    </dependency>
    <dependency>
      <groupId>commons-lang</groupId>
      <artifactId>commons-lang</artifactId>
      <type>jar</type>
      <version>2.3</version>
    </dependency>
    <dependency>
      <groupId>org.apache.maven</groupId>
      <artifactId>maven-settings</artifactId>
      <type>jar</type>
      <version>2.0.4</version>
    </dependency>
    <dependency>
      <groupId>org.apache.maven</groupId>
      <artifactId>maven-model</artifactId>
      <type>jar</type>
      <version>2.0.4</version>
    </dependency>
    <dependency>
      <groupId>org.codehaus.plexus</groupId>
      <artifactId>plexus-utils</artifactId>
      <type>jar</type>
      <version>1.4.2</version>
    </dependency>
    <dependency>
      <groupId>org.codehaus.plexus</groupId>
      <artifactId>plexus-container-default</artifactId>
      <type>jar</type>
      <version>1.0-alpha-9</version>
    </dependency>
    <dependency>
      <groupId>classworlds</groupId>
      <artifactId>classworlds</artifactId>
      <type>jar</type>
      <version>1.1</version>
    </dependency>
    <dependency>
      <groupId>org.apache.maven</groupId>
      <artifactId>maven-profile</artifactId>
      <type>jar</type>
      <version>2.0.4</version>
    </dependency>
    <dependency>
      <groupId>org.apache.maven</groupId>
      <artifactId>maven-artifact-manager</artifactId>
      <type>jar</type>
      <version>2.0.4</version>
    </dependency>
    <dependency>
      <groupId>org.apache.maven</groupId>
      <artifactId>maven-repository-metadata</artifactId>
      <type>jar</type>
      <version>2.0.4</version>
    </dependency>
    <dependency>
      <groupId>org.apache.maven</groupId>
      <artifactId>maven-artifact</artifactId>
      <type>jar</type>
      <version>2.0.4</version>
    </dependency>
    <dependency>
      <groupId>org.apache.maven.wagon</groupId>
      <artifactId>wagon-provider-api</artifactId>
      <type>jar</type>
      <version>1.0-alpha-6</version>
    </dependency>
    <dependency>
      <groupId>mysql</groupId>
      <artifactId>mysql-connector-java</artifactId>
      <type>jar</type>
      <version>5.0.5</version>
    </dependency>
    <dependency>
      <groupId>xerces</groupId>
      <artifactId>xercesImpl</artifactId>
      <type>jar</type>
      <version>2.8.1</version>
    </dependency>
    <dependency>
      <groupId>xml-apis</groupId>
      <artifactId>xml-apis</artifactId>
      <type>jar</type>
      <version>1.3.03</version>
    </dependency>
    <dependency>
      <groupId>org.apache.maven</groupId>
      <artifactId>maven-embedder</artifactId>
      <type>jar</type>
      <version>2.0.4</version>
    </dependency>
    <dependency>
      <groupId>org.apache.maven</groupId>
      <artifactId>maven-core</artifactId>
      <type>jar</type>
      <version>2.0.4</version>
    </dependency>
    <dependency>
      <groupId>org.apache.maven</groupId>
      <artifactId>maven-plugin-parameter-documenter</artifactId>
      <type>jar</type>
      <version>2.0.4</version>
    </dependency>
    <dependency>
      <groupId>org.apache.maven.reporting</groupId>
      <artifactId>maven-reporting-api</artifactId>
      <type>jar</type>
      <version>2.0.4</version>
    </dependency>
    <dependency>
      <groupId>org.apache.maven.doxia</groupId>
      <artifactId>doxia-sink-api</artifactId>
      <type>jar</type>
      <version>1.0-alpha-7</version>
    </dependency>
    <dependency>
      <groupId>org.apache.maven</groupId>
      <artifactId>maven-error-diagnostics</artifactId>
      <type>jar</type>
      <version>2.0.4</version>
    </dependency>
    <dependency>
      <groupId>org.apache.maven</groupId>
      <artifactId>maven-plugin-registry</artifactId>
      <type>jar</type>
      <version>2.0.4</version>
    </dependency>
    <dependency>
      <groupId>commons-cli</groupId>
      <artifactId>commons-cli</artifactId>
      <type>jar</type>
      <version>1.0</version>
    </dependency>
    <dependency>
      <groupId>org.apache.maven</groupId>
      <artifactId>maven-plugin-descriptor</artifactId>
      <type>jar</type>
      <version>2.0.4</version>
    </dependency>
    <dependency>
      <groupId>org.codehaus.plexus</groupId>
      <artifactId>plexus-interactivity-api</artifactId>
      <type>jar</type>
      <version>1.0-alpha-4</version>
    </dependency>
    <dependency>
      <groupId>org.apache.maven</groupId>
      <artifactId>maven-monitor</artifactId>
      <type>jar</type>
      <version>2.0.4</version>
    </dependency>
    <dependency>
      <groupId>commons-collections</groupId>
      <artifactId>commons-collections</artifactId>
      <type>jar</type>
      <version>2.1.1</version>
    </dependency>
    <dependency>
      <groupId>ch.hortis.sonar</groupId>
      <artifactId>sonar-commons</artifactId>
      <type>jar</type>
      <version>1.0.2</version>
    </dependency>
    <dependency>
      <groupId>org.hibernate</groupId>
      <artifactId>hibernate-commons-annotations</artifactId>
      <type>jar</type>
      <version>3.3.0.ga</version>
    </dependency>
    <dependency>
      <groupId>org.hibernate</groupId>
      <artifactId>hibernate</artifactId>
      <type>jar</type>
      <version>3.2.5.ga</version>
    </dependency>
    <dependency>
      <groupId>net.sf.ehcache</groupId>
      <artifactId>ehcache</artifactId>
      <type>jar</type>
      <version>1.2.3</version>
    </dependency>
    <dependency>
      <groupId>asm</groupId>
      <artifactId>asm-attrs</artifactId>
      <type>jar</type>
      <version>1.5.3</version>
    </dependency>
    <dependency>
      <groupId>dom4j</groupId>
      <artifactId>dom4j</artifactId>
      <type>jar</type>
      <version>1.6.1</version>
    </dependency>
    <dependency>
      <groupId>antlr</groupId>
      <artifactId>antlr</artifactId>
      <type>jar</type>
      <version>2.7.6</version>
    </dependency>
    <dependency>
      <groupId>cglib</groupId>
      <artifactId>cglib</artifactId>
      <type>jar</type>
      <version>2.1_3</version>
    </dependency>
    <dependency>
      <groupId>asm</groupId>
      <artifactId>asm</artifactId>
      <type>jar</type>
      <version>1.5.3</version>
    </dependency>
    <dependency>
      <groupId>javax.persistence</groupId>
      <artifactId>persistence-api</artifactId>
      <type>jar</type>
      <version>1.0</version>
    </dependency>
    <dependency>
      <groupId>org.slf4j</groupId>
      <artifactId>jcl104-over-slf4j</artifactId>
      <type>jar</type>
      <version>1.4.3</version>
    </dependency>
    <dependency>
      <groupId>org.hibernate</groupId>
      <artifactId>hibernate-annotations</artifactId>
      <type>jar</type>
      <version>3.3.0.ga</version>
    </dependency>
    <dependency>
      <groupId>ch.qos.logback</groupId>
      <artifactId>logback-classic</artifactId>
      <type>jar</type>
      <version>0.9.8</version>
    </dependency>
    <dependency>
      <groupId>ch.qos.logback</groupId>
      <artifactId>logback-core</artifactId>
      <type>jar</type>
      <version>0.9.8</version>
    </dependency>
    <dependency>
      <groupId>org.slf4j</groupId>
      <artifactId>slf4j-api</artifactId>
      <type>jar</type>
      <version>1.4.3</version>
    </dependency>
    <dependency>
      <groupId>org.hibernate</groupId>
      <artifactId>hibernate-entitymanager</artifactId>
      <type>jar</type>
      <version>3.3.1.ga</version>
    </dependency>
    <dependency>
      <groupId>org.hibernate</groupId>
      <artifactId>hibernate-validator</artifactId>
      <type>jar</type>
      <version>3.0.0.ga</version>
    </dependency>
    <dependency>
      <groupId>jboss</groupId>
      <artifactId>javassist</artifactId>
      <type>jar</type>
      <version>3.3.ga</version>
    </dependency>
    <dependency>
      <groupId>jboss</groupId>
      <artifactId>jboss-common-core</artifactId>
      <type>jar</type>
      <version>2.0.4.GA</version>
    </dependency>
    <dependency>
      <groupId>geronimo-spec</groupId>
      <artifactId>geronimo-spec-jta</artifactId>
      <type>jar</type>
      <version>1.0-M1</version>
    </dependency>
  </dependencies>
</plugin>