<plugin>
  <description>Sonar Maven2 plugin collects measures for Quality metrics.</description>
  <groupId>ch.hortis.sonar</groupId>
  <artifactId>sonar-maven-plugin</artifactId>
  <version>1.0.1</version>
  <goalPrefix>sonar</goalPrefix>
  <isolatedRealm>false</isolatedRealm>
  <inheritedByDefault>true</inheritedByDefault>
  <mojos>
    <mojo>
      <goal>prepare</goal>
      <description></description>
      <requiresDirectInvocation>false</requiresDirectInvocation>
      <requiresProject>true</requiresProject>
      <requiresReports>false</requiresReports>
      <aggregator>false</aggregator>
      <requiresOnline>false</requiresOnline>
      <inheritedByDefault>true</inheritedByDefault>
      <implementation>ch.hortis.sonar.mvn.PrepareMojo</implementation>
      <language>java</language>
      <instantiationStrategy>per-lookup</instantiationStrategy>
      <executionStrategy>once-per-session</executionStrategy>
      <parameters>
        <parameter>
          <name>mavenProject</name>
          <type>org.apache.maven.project.MavenProject</type>
          <required>true</required>
          <editable>false</editable>
          <description>The maven project running this plugin</description>
        </parameter>
        <parameter>
          <name>sonarHostURL</name>
          <alias>sonar.host.url</alias>
          <type>java.lang.String</type>
          <required>false</required>
          <editable>true</editable>
          <description>Sonar host URL</description>
        </parameter>
      </parameters>
      <configuration>
        <mavenProject implementation="org.apache.maven.project.MavenProject">${project}</mavenProject>
        <sonarHostURL implementation="java.lang.String" default-value="http://localhost:9000">${sonar.host.url}</sonarHostURL>
      </configuration>
    </mojo>
    <mojo>
      <goal>sonar</goal>
      <description>Main sonar plugin reports for plugins metrics parsing and historic generation</description>
      <requiresDirectInvocation>false</requiresDirectInvocation>
      <requiresProject>true</requiresProject>
      <requiresReports>false</requiresReports>
      <aggregator>false</aggregator>
      <requiresOnline>false</requiresOnline>
      <inheritedByDefault>true</inheritedByDefault>
      <executeGoal>prepare</executeGoal>
      <implementation>ch.hortis.sonar.mvn.SonarMojo</implementation>
      <language>java</language>
      <instantiationStrategy>per-lookup</instantiationStrategy>
      <executionStrategy>once-per-session</executionStrategy>
      <parameters>
        <parameter>
          <name>branch</name>
          <alias>branch</alias>
          <type>java.lang.String</type>
          <required>false</required>
          <editable>true</editable>
          <description>Project branch</description>
        </parameter>
        <parameter>
          <name>jdbcDriverClassName</name>
          <alias>sonar.jdbc.driver</alias>
          <type>java.lang.String</type>
          <required>false</required>
          <editable>true</editable>
          <description>JDBC driver class</description>
        </parameter>
        <parameter>
          <name>jdbcPassword</name>
          <alias>sonar.jdbc.password</alias>
          <type>java.lang.String</type>
          <required>false</required>
          <editable>true</editable>
          <description>JDBC password</description>
        </parameter>
        <parameter>
          <name>jdbcURL</name>
          <alias>sonar.jdbc.url</alias>
          <type>java.lang.String</type>
          <required>false</required>
          <editable>true</editable>
          <description>JDBC URL</description>
        </parameter>
        <parameter>
          <name>jdbcUserName</name>
          <alias>sonar.jdbc.username</alias>
          <type>java.lang.String</type>
          <required>false</required>
          <editable>true</editable>
          <description>JDBC user name</description>
        </parameter>
        <parameter>
          <name>mavenProject</name>
          <type>org.apache.maven.project.MavenProject</type>
          <required>true</required>
          <editable>false</editable>
          <description>The maven project running this plugin</description>
        </parameter>
        <parameter>
          <name>sonarHostURL</name>
          <alias>sonar.host.url</alias>
          <type>java.lang.String</type>
          <required>false</required>
          <editable>true</editable>
          <description>Sonar host URL</description>
        </parameter>
      </parameters>
      <configuration>
        <jdbcUserName implementation="java.lang.String" default-value="sonar">${sonar.jdbc.username}</jdbcUserName>
        <mavenProject implementation="org.apache.maven.project.MavenProject">${project}</mavenProject>
        <sonarHostURL implementation="java.lang.String" default-value="http://localhost:9000">${sonar.host.url}</sonarHostURL>
        <branch implementation="java.lang.String" default-value="HEAD">${branch}</branch>
        <jdbcURL implementation="java.lang.String" default-value="jdbc:derby://localhost:1527/sonar;create=true">${sonar.jdbc.url}</jdbcURL>
        <jdbcDriverClassName implementation="java.lang.String" default-value="org.apache.derby.jdbc.ClientDriver">${sonar.jdbc.driver}</jdbcDriverClassName>
        <jdbcPassword implementation="java.lang.String" default-value="sonar">${sonar.jdbc.password}</jdbcPassword>
      </configuration>
    </mojo>
  </mojos>
  <dependencies/>
</plugin>