<plugin>
  <description>Maven plugin modules.</description>
  <groupId>org.ow2.util.maven</groupId>
  <artifactId>maven-jbuilding-plugin</artifactId>
  <version>1.0.3</version>
  <goalPrefix>jbuilding</goalPrefix>
  <isolatedRealm>false</isolatedRealm>
  <inheritedByDefault>true</inheritedByDefault>
  <mojos>
    <mojo>
      <goal>generate-list</goal>
      <description>Get the declared files and copy them in the given directory.</description>
      <requiresDirectInvocation>false</requiresDirectInvocation>
      <requiresProject>true</requiresProject>
      <requiresReports>false</requiresReports>
      <aggregator>false</aggregator>
      <requiresOnline>false</requiresOnline>
      <inheritedByDefault>true</inheritedByDefault>
      <implementation>org.ow2.util.maven.jbuilding.GenerateBundleListMojo</implementation>
      <language>java</language>
      <instantiationStrategy>per-lookup</instantiationStrategy>
      <executionStrategy>once-per-session</executionStrategy>
      <parameters>
        <parameter>
          <name>bundles</name>
          <alias>bundles</alias>
          <type>org.ow2.util.maven.jbuilding.BundleItem[]</type>
          <required>true</required>
          <editable>true</editable>
          <description></description>
        </parameter>
        <parameter>
          <name>local</name>
          <type>org.apache.maven.artifact.repository.ArtifactRepository</type>
          <required>true</required>
          <editable>false</editable>
          <description>Location of the local repository.</description>
        </parameter>
        <parameter>
          <name>location</name>
          <type>java.lang.String</type>
          <required>true</required>
          <editable>true</editable>
          <description>Where do I place my file ?</description>
        </parameter>
        <parameter>
          <name>output</name>
          <type>java.io.File</type>
          <required>true</required>
          <editable>true</editable>
          <description>Location new resources directory.</description>
        </parameter>
        <parameter>
          <name>project</name>
          <type>org.apache.maven.project.MavenProject</type>
          <required>true</required>
          <editable>false</editable>
          <description></description>
        </parameter>
        <parameter>
          <name>remoteRepositories</name>
          <type>java.util.List</type>
          <required>true</required>
          <editable>false</editable>
          <description>List of Remote Repositories used by the resolver.</description>
        </parameter>
      </parameters>
      <configuration>
        <remoteRepositories implementation="java.util.List">${project.remoteArtifactRepositories}</remoteRepositories>
        <output implementation="java.io.File">${project.build.directory}/generated-resources</output>
        <local implementation="org.apache.maven.artifact.repository.ArtifactRepository">${localRepository}</local>
        <project implementation="org.apache.maven.project.MavenProject">${project}</project>
        <location implementation="java.lang.String">org/ow2/jonas/launcher/felix/jonas-autodeploy-bundles.properties</location>
      </configuration>
      <requirements>
        <requirement>
          <role>org.apache.maven.artifact.resolver.ArtifactResolver</role>
          <field-name>resolver</field-name>
        </requirement>
        <requirement>
          <role>org.apache.maven.artifact.factory.ArtifactFactory</role>
          <field-name>factory</field-name>
        </requirement>
      </requirements>
    </mojo>
    <mojo>
      <goal>assemble</goal>
      <description>Get the declared files and copy them in the given directory.</description>
      <requiresDirectInvocation>false</requiresDirectInvocation>
      <requiresProject>true</requiresProject>
      <requiresReports>false</requiresReports>
      <aggregator>false</aggregator>
      <requiresOnline>false</requiresOnline>
      <inheritedByDefault>true</inheritedByDefault>
      <phase>process-sources</phase>
      <implementation>org.ow2.util.maven.jbuilding.AssembleBundleMojo</implementation>
      <language>java</language>
      <instantiationStrategy>per-lookup</instantiationStrategy>
      <executionStrategy>once-per-session</executionStrategy>
      <parameters>
        <parameter>
          <name>bundles</name>
          <alias>bundles</alias>
          <type>org.ow2.util.maven.jbuilding.BundleItem[]</type>
          <required>true</required>
          <editable>true</editable>
          <description></description>
        </parameter>
        <parameter>
          <name>directory</name>
          <type>java.lang.String</type>
          <required>true</required>
          <editable>true</editable>
          <description>Where do I place my artifacts ?</description>
        </parameter>
        <parameter>
          <name>local</name>
          <type>org.apache.maven.artifact.repository.ArtifactRepository</type>
          <required>true</required>
          <editable>false</editable>
          <description>Location of the local repository.</description>
        </parameter>
        <parameter>
          <name>output</name>
          <type>java.io.File</type>
          <required>true</required>
          <editable>true</editable>
          <description>Location new resources directory.</description>
        </parameter>
        <parameter>
          <name>project</name>
          <type>org.apache.maven.project.MavenProject</type>
          <required>true</required>
          <editable>false</editable>
          <description></description>
        </parameter>
        <parameter>
          <name>remoteRepositories</name>
          <type>java.util.List</type>
          <required>true</required>
          <editable>false</editable>
          <description>List of Remote Repositories used by the resolver.</description>
        </parameter>
      </parameters>
      <configuration>
        <directory implementation="java.lang.String">lib/bundles</directory>
        <remoteRepositories implementation="java.util.List">${project.remoteArtifactRepositories}</remoteRepositories>
        <output implementation="java.io.File">${project.build.directory}/assemble-resources</output>
        <local implementation="org.apache.maven.artifact.repository.ArtifactRepository">${localRepository}</local>
        <project implementation="org.apache.maven.project.MavenProject">${project}</project>
      </configuration>
      <requirements>
        <requirement>
          <role>org.apache.maven.artifact.resolver.ArtifactResolver</role>
          <field-name>resolver</field-name>
        </requirement>
        <requirement>
          <role>org.apache.maven.artifact.factory.ArtifactFactory</role>
          <field-name>factory</field-name>
        </requirement>
      </requirements>
    </mojo>
    <mojo>
      <goal>client-jar</goal>
      <description>Create a big jar archive from the listed bundles content.</description>
      <requiresDirectInvocation>false</requiresDirectInvocation>
      <requiresProject>true</requiresProject>
      <requiresReports>false</requiresReports>
      <aggregator>false</aggregator>
      <requiresOnline>false</requiresOnline>
      <inheritedByDefault>true</inheritedByDefault>
      <phase>process-sources</phase>
      <implementation>org.ow2.util.maven.jbuilding.GenerateClientJarMojo</implementation>
      <language>java</language>
      <instantiationStrategy>per-lookup</instantiationStrategy>
      <executionStrategy>once-per-session</executionStrategy>
      <parameters>
        <parameter>
          <name>bundles</name>
          <alias>bundles</alias>
          <type>org.ow2.util.maven.jbuilding.BundleItem[]</type>
          <required>true</required>
          <editable>true</editable>
          <description></description>
        </parameter>
        <parameter>
          <name>directory</name>
          <type>java.lang.String</type>
          <required>true</required>
          <editable>true</editable>
          <description>Where do I place my artifacts ?</description>
        </parameter>
        <parameter>
          <name>jarName</name>
          <type>java.lang.String</type>
          <required>true</required>
          <editable>true</editable>
          <description>Generated jar name.</description>
        </parameter>
        <parameter>
          <name>local</name>
          <type>org.apache.maven.artifact.repository.ArtifactRepository</type>
          <required>true</required>
          <editable>false</editable>
          <description>Location of the local repository.</description>
        </parameter>
        <parameter>
          <name>output</name>
          <type>java.io.File</type>
          <required>true</required>
          <editable>true</editable>
          <description>Location new resources directory.</description>
        </parameter>
        <parameter>
          <name>project</name>
          <type>org.apache.maven.project.MavenProject</type>
          <required>true</required>
          <editable>false</editable>
          <description></description>
        </parameter>
        <parameter>
          <name>remoteRepositories</name>
          <type>java.util.List</type>
          <required>true</required>
          <editable>false</editable>
          <description>List of Remote Repositories used by the resolver.</description>
        </parameter>
      </parameters>
      <configuration>
        <directory implementation="java.lang.String">lib</directory>
        <remoteRepositories implementation="java.util.List">${project.remoteArtifactRepositories}</remoteRepositories>
        <output implementation="java.io.File">${project.build.directory}/assemble-resources</output>
        <local implementation="org.apache.maven.artifact.repository.ArtifactRepository">${localRepository}</local>
        <project implementation="org.apache.maven.project.MavenProject">${project}</project>
        <jarName implementation="java.lang.String">client.jar</jarName>
      </configuration>
      <requirements>
        <requirement>
          <role>org.apache.maven.artifact.resolver.ArtifactResolver</role>
          <field-name>resolver</field-name>
        </requirement>
        <requirement>
          <role>org.apache.maven.artifact.factory.ArtifactFactory</role>
          <field-name>factory</field-name>
        </requirement>
      </requirements>
    </mojo>
  </mojos>
  <dependencies>
    <dependency>
      <groupId>junit</groupId>
      <artifactId>junit</artifactId>
      <type>jar</type>
      <version>3.8.1</version>
    </dependency>
    <dependency>
      <groupId>org.ow2.util</groupId>
      <artifactId>util-xml</artifactId>
      <type>jar</type>
      <version>1.0.3</version>
    </dependency>
    <dependency>
      <groupId>classworlds</groupId>
      <artifactId>classworlds</artifactId>
      <type>jar</type>
      <version>1.1-alpha-2</version>
    </dependency>
    <dependency>
      <groupId>org.apache.maven</groupId>
      <artifactId>maven-plugin-registry</artifactId>
      <type>jar</type>
      <version>2.0.7</version>
    </dependency>
    <dependency>
      <groupId>org.apache.maven</groupId>
      <artifactId>maven-model</artifactId>
      <type>jar</type>
      <version>2.0.7</version>
    </dependency>
    <dependency>
      <groupId>org.apache.maven</groupId>
      <artifactId>maven-project</artifactId>
      <type>jar</type>
      <version>2.0.7</version>
    </dependency>
    <dependency>
      <groupId>org.apache.maven</groupId>
      <artifactId>maven-profile</artifactId>
      <type>jar</type>
      <version>2.0.7</version>
    </dependency>
    <dependency>
      <groupId>org.codehaus.plexus</groupId>
      <artifactId>plexus-container-default</artifactId>
      <type>jar</type>
      <version>1.0-alpha-9-stable-1</version>
    </dependency>
    <dependency>
      <groupId>org.codehaus.plexus</groupId>
      <artifactId>plexus-utils</artifactId>
      <type>jar</type>
      <version>1.4.8</version>
    </dependency>
    <dependency>
      <groupId>org.apache.maven</groupId>
      <artifactId>maven-repository-metadata</artifactId>
      <type>jar</type>
      <version>2.0.7</version>
    </dependency>
    <dependency>
      <groupId>org.ow2.util</groupId>
      <artifactId>util-i18n</artifactId>
      <type>jar</type>
      <version>1.0.3</version>
    </dependency>
    <dependency>
      <groupId>commons-logging</groupId>
      <artifactId>commons-logging-api</artifactId>
      <type>jar</type>
      <version>1.1</version>
    </dependency>
    <dependency>
      <groupId>org.apache.maven</groupId>
      <artifactId>maven-artifact-manager</artifactId>
      <type>jar</type>
      <version>2.0.7</version>
    </dependency>
    <dependency>
      <groupId>org.apache.maven</groupId>
      <artifactId>maven-plugin-api</artifactId>
      <type>jar</type>
      <version>2.0.7</version>
    </dependency>
    <dependency>
      <groupId>org.ow2.util</groupId>
      <artifactId>util-file</artifactId>
      <type>jar</type>
      <version>1.0.3</version>
    </dependency>
    <dependency>
      <groupId>org.ow2.util</groupId>
      <artifactId>util-ee-deploy-api</artifactId>
      <type>jar</type>
      <version>1.0.3</version>
    </dependency>
    <dependency>
      <groupId>org.ow2.util</groupId>
      <artifactId>util-log</artifactId>
      <type>jar</type>
      <version>1.0.3</version>
    </dependency>
    <dependency>
      <groupId>org.ow2.util</groupId>
      <artifactId>util-ee-deploy-impl</artifactId>
      <type>jar</type>
      <version>1.0.3</version>
    </dependency>
    <dependency>
      <groupId>org.ow2.util</groupId>
      <artifactId>util-url</artifactId>
      <type>jar</type>
      <version>1.0.3</version>
    </dependency>
    <dependency>
      <groupId>org.apache.maven</groupId>
      <artifactId>maven-artifact</artifactId>
      <type>jar</type>
      <version>2.0.7</version>
    </dependency>
    <dependency>
      <groupId>org.apache.maven</groupId>
      <artifactId>maven-settings</artifactId>
      <type>jar</type>
      <version>2.0.7</version>
    </dependency>
    <dependency>
      <groupId>org.apache.maven.wagon</groupId>
      <artifactId>wagon-provider-api</artifactId>
      <type>jar</type>
      <version>1.0-beta-2</version>
    </dependency>
  </dependencies>
</plugin>