<plugin>
  <description></description>
  <groupId>org.jibx</groupId>
  <artifactId>maven-jibx-plugin</artifactId>
  <version>1.0</version>
  <goalPrefix>jibx</goalPrefix>
  <isolatedRealm>false</isolatedRealm>
  <inheritedByDefault>true</inheritedByDefault>
  <mojos>
    <mojo>
      <goal>bind</goal>
      <description>Maven plugin for the JiBX XML binding framework.</description>
      <requiresDependencyResolution>compile</requiresDependencyResolution>
      <requiresDirectInvocation>false</requiresDirectInvocation>
      <requiresProject>true</requiresProject>
      <requiresReports>false</requiresReports>
      <aggregator>false</aggregator>
      <requiresOnline>false</requiresOnline>
      <inheritedByDefault>true</inheritedByDefault>
      <phase>process-classes</phase>
      <implementation>org.jibx.maven.JibxMojo</implementation>
      <language>java</language>
      <instantiationStrategy>per-lookup</instantiationStrategy>
      <executionStrategy>once-per-session</executionStrategy>
      <parameters>
        <parameter>
          <name>bindings</name>
          <type>java.lang.String</type>
          <required>true</required>
          <editable>true</editable>
          <description>Comma-seperated list of binding definitions.</description>
        </parameter>
        <parameter>
          <name>classpathElements</name>
          <type>java.util.List</type>
          <required>true</required>
          <editable>false</editable>
          <description>Project classpath.</description>
        </parameter>
        <parameter>
          <name>load</name>
          <type>boolean</type>
          <required>true</required>
          <editable>true</editable>
          <description>Control flag for test loading generated/modified classes.</description>
        </parameter>
        <parameter>
          <name>sourceDirectory</name>
          <type>java.lang.String</type>
          <required>true</required>
          <editable>true</editable>
          <description></description>
        </parameter>
        <parameter>
          <name>validate</name>
          <type>boolean</type>
          <required>true</required>
          <editable>true</editable>
          <description>Control flag for test loading generated/modified classes.</description>
        </parameter>
        <parameter>
          <name>verbose</name>
          <type>boolean</type>
          <required>true</required>
          <editable>true</editable>
          <description>Control flag for verbose processing reports.</description>
        </parameter>
        <parameter>
          <name>verify</name>
          <type>boolean</type>
          <required>true</required>
          <editable>true</editable>
          <description>Control flag for verifying generated/modified classes with BCEL.</description>
        </parameter>
      </parameters>
      <configuration>
        <load implementation="boolean" default-value="false">${load}</load>
        <validate implementation="boolean" default-value="true">${validate}</validate>
        <classpathElements implementation="java.util.List">${project.compileClasspathElements}</classpathElements>
        <sourceDirectory implementation="java.lang.String">${basedir}/src/main/config</sourceDirectory>
        <bindings implementation="java.lang.String" default-value="binding.xml">${bindings}</bindings>
        <verbose implementation="boolean" default-value="false">${verbose}</verbose>
        <verify implementation="boolean" default-value="false">${verify}</verify>
      </configuration>
    </mojo>
  </mojos>
  <dependencies/>
</plugin>