<plugin>
  <description>A plugin for Maven 2 to run the JiBX binding compiler.</description>
  <groupId>org.jibx</groupId>
  <artifactId>maven-jibx-plugin</artifactId>
  <version>1.1.5</version>
  <goalPrefix>jibx</goalPrefix>
  <isolatedRealm>false</isolatedRealm>
  <inheritedByDefault>true</inheritedByDefault>
  <mojos>
    <mojo>
      <goal>bind</goal>
      <description>Maven plugin for the JiBX XML binding framework.</description>
      <requiresDependencyResolution>compile</requiresDependencyResolution>
      <requiresDirectInvocation>false</requiresDirectInvocation>
      <requiresProject>true</requiresProject>
      <requiresReports>false</requiresReports>
      <aggregator>false</aggregator>
      <requiresOnline>false</requiresOnline>
      <inheritedByDefault>true</inheritedByDefault>
      <phase>process-classes</phase>
      <implementation>org.jibx.maven.JibxMojo</implementation>
      <language>java</language>
      <instantiationStrategy>per-lookup</instantiationStrategy>
      <executionStrategy>once-per-session</executionStrategy>
      <parameters>
        <parameter>
          <name>directory</name>
          <type>java.lang.String</type>
          <required>true</required>
          <editable>true</editable>
          <description>The directory which contains binding files.</description>
        </parameter>
        <parameter>
          <name>excludes</name>
          <type>java.util.ArrayList</type>
          <required>false</required>
          <editable>true</editable>
          <description>Exclude pattern for binding files.</description>
        </parameter>
        <parameter>
          <name>includes</name>
          <type>java.util.ArrayList</type>
          <required>false</required>
          <editable>true</editable>
          <description>Include pattern for binding files.</description>
        </parameter>
        <parameter>
          <name>load</name>
          <type>boolean</type>
          <required>true</required>
          <editable>true</editable>
          <description>Control flag for test loading generated/modified classes.</description>
        </parameter>
        <parameter>
          <name>modules</name>
          <type>java.util.HashSet</type>
          <required>false</required>
          <editable>true</editable>
          <description>A list of modules to search for binding files in the format: groupID:artifactID</description>
        </parameter>
        <parameter>
          <name>multimodule</name>
          <type>boolean</type>
          <required>true</required>
          <editable>true</editable>
          <description>Control flag multi-module mode.</description>
        </parameter>
        <parameter>
          <name>project</name>
          <type>org.apache.maven.project.MavenProject</type>
          <required>true</required>
          <editable>false</editable>
          <description>The maven project.</description>
        </parameter>
        <parameter>
          <name>validate</name>
          <type>boolean</type>
          <required>true</required>
          <editable>true</editable>
          <description>Control flag for test loading generated/modified classes.</description>
        </parameter>
        <parameter>
          <name>verbose</name>
          <type>boolean</type>
          <required>true</required>
          <editable>true</editable>
          <description>Control flag for verbose processing reports.</description>
        </parameter>
        <parameter>
          <name>verify</name>
          <type>boolean</type>
          <required>true</required>
          <editable>true</editable>
          <description>Control flag for verifying generated/modified classes with BCEL.</description>
        </parameter>
      </parameters>
      <configuration>
        <directory implementation="java.lang.String" default-value="src/main/config">${directory}</directory>
        <excludes implementation="java.util.ArrayList">${excludes}</excludes>
        <load implementation="boolean" default-value="false">${load}</load>
        <includes implementation="java.util.ArrayList">${includes}</includes>
        <validate implementation="boolean" default-value="true">${validate}</validate>
        <verbose implementation="boolean" default-value="false">${verbose}</verbose>
        <project implementation="org.apache.maven.project.MavenProject">${project}</project>
        <multimodule implementation="boolean" default-value="false">${multi-module}</multimodule>
        <verify implementation="boolean" default-value="false">${verify}</verify>
        <modules implementation="java.util.HashSet">${modules}</modules>
      </configuration>
    </mojo>
  </mojos>
  <dependencies/>
</plugin>