<plugin>
  <description>Ant Builder component for the xml Bind framework.</description>
  <groupId>org.safris.xml</groupId>
  <artifactId>bind-builder-maven</artifactId>
  <version>2.0</version>
  <goalPrefix>bind-builder</goalPrefix>
  <isolatedRealm>false</isolatedRealm>
  <inheritedByDefault>true</inheritedByDefault>
  <mojos>
    <mojo>
      <goal>generator</goal>
      <description></description>
      <requiresDirectInvocation>false</requiresDirectInvocation>
      <requiresProject>true</requiresProject>
      <requiresReports>false</requiresReports>
      <aggregator>false</aggregator>
      <requiresOnline>false</requiresOnline>
      <inheritedByDefault>true</inheritedByDefault>
      <implementation>org.safris.xml.bind.builder.maven.lang.GeneratorMojo</implementation>
      <language>java</language>
      <instantiationStrategy>per-lookup</instantiationStrategy>
      <executionStrategy>once-per-session</executionStrategy>
      <parameters>
        <parameter>
          <name>bindings</name>
          <type>java.util.List</type>
          <required>false</required>
          <editable>true</editable>
          <description>My List.</description>
        </parameter>
        <parameter>
          <name>destdir</name>
          <type>java.lang.String</type>
          <required>false</required>
          <editable>true</editable>
          <description>Source destination directory.</description>
        </parameter>
      </parameters>
      <configuration>
        <destdir implementation="java.lang.String" default-value="${project.build.sourceDirectory}"/>
      </configuration>
    </mojo>
  </mojos>
  <dependencies/>
</plugin>