<plugin>
  <description>A Maven plug-in supporting the Blammo way of
  logging.</description>
  <groupId>com.agilejava.blammo</groupId>
  <artifactId>blammo-maven-plugin</artifactId>
  <version>0.2</version>
  <goalPrefix>blammo</goalPrefix>
  <isolatedRealm>false</isolatedRealm>
  <inheritedByDefault>true</inheritedByDefault>
  <mojos>
    <mojo>
      <goal>report</goal>
      <description>Generates a report including all messages, and additional comments.</description>
      <requiresDirectInvocation>false</requiresDirectInvocation>
      <requiresProject>true</requiresProject>
      <requiresReports>false</requiresReports>
      <aggregator>false</aggregator>
      <requiresOnline>false</requiresOnline>
      <inheritedByDefault>true</inheritedByDefault>
      <implementation>com.agilejava.blammo.mojo.BlammoReportMojo</implementation>
      <language>java</language>
      <instantiationStrategy>per-lookup</instantiationStrategy>
      <executionStrategy>once-per-session</executionStrategy>
      <parameters>
        <parameter>
          <name>includeComments</name>
          <type>boolean</type>
          <required>false</required>
          <editable>true</editable>
          <description></description>
        </parameter>
        <parameter>
          <name>javaSourcesDir</name>
          <type>java.io.File</type>
          <required>false</required>
          <editable>true</editable>
          <description>The directory containing your Java sources.</description>
        </parameter>
        <parameter>
          <name>messageIdOffset</name>
          <type>int</type>
          <required>false</required>
          <editable>true</editable>
          <description>The message id offset.</description>
        </parameter>
        <parameter>
          <name>messageIdPrefix</name>
          <type>java.lang.String</type>
          <required>false</required>
          <editable>true</editable>
          <description>The message id prefix.</description>
        </parameter>
        <parameter>
          <name>outputDirectory</name>
          <type>java.lang.String</type>
          <required>false</required>
          <editable>true</editable>
          <description>Location where generated html will be created.</description>
        </parameter>
        <parameter>
          <name>project</name>
          <type>org.apache.maven.project.MavenProject</type>
          <required>false</required>
          <editable>true</editable>
          <description></description>
        </parameter>
        <parameter>
          <name>targetDirectory</name>
          <type>java.io.File</type>
          <required>false</required>
          <editable>true</editable>
          <description>The directory to which the catalog will be generated.</description>
        </parameter>
      </parameters>
      <configuration>
        <outputDirectory implementation="java.lang.String">${project.build.directory}/site </outputDirectory>
        <targetDirectory implementation="java.io.File">${basedir}/target/generated-sources</targetDirectory>
        <messageIdPrefix implementation="java.lang.String">E</messageIdPrefix>
        <project implementation="org.apache.maven.project.MavenProject">${project}</project>
        <javaSourcesDir implementation="java.io.File">${basedir}/src/main/java</javaSourcesDir>
        <messageIdOffset implementation="int">1</messageIdOffset>
        <includeComments implementation="boolean">true</includeComments>
      </configuration>
      <requirements>
        <requirement>
          <role>org.codehaus.doxia.site.renderer.SiteRenderer</role>
          <field-name>siteRenderer</field-name>
        </requirement>
      </requirements>
    </mojo>
    <mojo>
      <goal>generate</goal>
      <description>The Mojo turning Blammo annotations into resource files and implementation
classes.</description>
      <requiresDirectInvocation>false</requiresDirectInvocation>
      <requiresProject>true</requiresProject>
      <requiresReports>false</requiresReports>
      <aggregator>false</aggregator>
      <requiresOnline>false</requiresOnline>
      <inheritedByDefault>true</inheritedByDefault>
      <phase>generate-sources</phase>
      <implementation>com.agilejava.blammo.mojo.BlammoGeneratorMojo</implementation>
      <language>java</language>
      <instantiationStrategy>per-lookup</instantiationStrategy>
      <executionStrategy>once-per-session</executionStrategy>
      <parameters>
        <parameter>
          <name>includeId</name>
          <type>boolean</type>
          <required>false</required>
          <editable>true</editable>
          <description>Include the message identifier.</description>
        </parameter>
        <parameter>
          <name>javaSourcesDir</name>
          <type>java.io.File</type>
          <required>false</required>
          <editable>true</editable>
          <description>The directory containing your Java sources.</description>
        </parameter>
        <parameter>
          <name>messageIdOffset</name>
          <type>int</type>
          <required>false</required>
          <editable>true</editable>
          <description>The message id offset.</description>
        </parameter>
        <parameter>
          <name>messageIdPrefix</name>
          <type>java.lang.String</type>
          <required>false</required>
          <editable>true</editable>
          <description>The message id prefix.</description>
        </parameter>
        <parameter>
          <name>project</name>
          <type>org.apache.maven.project.MavenProject</type>
          <required>false</required>
          <editable>true</editable>
          <description></description>
        </parameter>
        <parameter>
          <name>renderClass</name>
          <type>java.lang.String</type>
          <required>false</required>
          <editable>true</editable>
          <description>The Class defining the static transformer function.</description>
        </parameter>
        <parameter>
          <name>renderFunction</name>
          <type>java.lang.String</type>
          <required>false</required>
          <editable>true</editable>
          <description>The transformer function, that accepts an object and renders a String.</description>
        </parameter>
        <parameter>
          <name>targetDirectory</name>
          <type>java.io.File</type>
          <required>false</required>
          <editable>true</editable>
          <description>The directory to which the catalog will be generated.</description>
        </parameter>
      </parameters>
      <configuration>
        <includeId implementation="boolean">true</includeId>
        <targetDirectory implementation="java.io.File">${basedir}/target/generated-sources</targetDirectory>
        <messageIdPrefix implementation="java.lang.String">E</messageIdPrefix>
        <project implementation="org.apache.maven.project.MavenProject">${project}</project>
        <javaSourcesDir implementation="java.io.File">${basedir}/src/main/java</javaSourcesDir>
        <messageIdOffset implementation="int">1</messageIdOffset>
      </configuration>
    </mojo>
  </mojos>
  <dependencies>
    <dependency>
      <groupId>org.codehaus.plexus</groupId>
      <artifactId>plexus-utils</artifactId>
      <type>jar</type>
      <version>1.0.4</version>
    </dependency>
    <dependency>
      <groupId>org.apache.maven</groupId>
      <artifactId>maven-model</artifactId>
      <type>jar</type>
      <version>2.0</version>
    </dependency>
    <dependency>
      <groupId>org.codehaus.plexus</groupId>
      <artifactId>plexus-container-default</artifactId>
      <type>jar</type>
      <version>1.0-alpha-8</version>
    </dependency>
    <dependency>
      <groupId>oro</groupId>
      <artifactId>oro</artifactId>
      <type>jar</type>
      <version>2.0.7</version>
    </dependency>
    <dependency>
      <groupId>org.apache.maven</groupId>
      <artifactId>maven-profile</artifactId>
      <type>jar</type>
      <version>2.0</version>
    </dependency>
    <dependency>
      <groupId>doxia</groupId>
      <artifactId>doxia-core</artifactId>
      <type>jar</type>
      <version>1.0-alpha-4</version>
    </dependency>
    <dependency>
      <groupId>classworlds</groupId>
      <artifactId>classworlds</artifactId>
      <type>jar</type>
      <version>1.1-alpha-2</version>
    </dependency>
    <dependency>
      <groupId>antlr</groupId>
      <artifactId>stringtemplate</artifactId>
      <type>jar</type>
      <version>2.2</version>
    </dependency>
    <dependency>
      <groupId>org.apache.maven</groupId>
      <artifactId>maven-repository-metadata</artifactId>
      <type>jar</type>
      <version>2.0</version>
    </dependency>
    <dependency>
      <groupId>commons-lang</groupId>
      <artifactId>commons-lang</artifactId>
      <type>jar</type>
      <version>2.1</version>
    </dependency>
    <dependency>
      <groupId>commons-validator</groupId>
      <artifactId>commons-validator</artifactId>
      <type>jar</type>
      <version>1.1.4</version>
    </dependency>
    <dependency>
      <groupId>com.agilejava.blammo</groupId>
      <artifactId>blammo-core</artifactId>
      <type>jar</type>
      <version>0.2</version>
    </dependency>
    <dependency>
      <groupId>org.apache.maven</groupId>
      <artifactId>maven-artifact-manager</artifactId>
      <type>jar</type>
      <version>2.0</version>
    </dependency>
    <dependency>
      <groupId>qdox</groupId>
      <artifactId>qdox</artifactId>
      <type>jar</type>
      <version>1.6.1</version>
    </dependency>
    <dependency>
      <groupId>org.apache.maven.wagon</groupId>
      <artifactId>wagon-provider-api</artifactId>
      <type>jar</type>
      <version>1.0-alpha-5</version>
    </dependency>
    <dependency>
      <groupId>doxia</groupId>
      <artifactId>doxia-sink-api</artifactId>
      <type>jar</type>
      <version>1.0-alpha-5</version>
    </dependency>
    <dependency>
      <groupId>org.apache.maven</groupId>
      <artifactId>maven-project</artifactId>
      <type>jar</type>
      <version>2.0</version>
    </dependency>
    <dependency>
      <groupId>org.apache.maven.reporting</groupId>
      <artifactId>maven-reporting-api</artifactId>
      <type>jar</type>
      <version>2.0</version>
    </dependency>
    <dependency>
      <groupId>org.apache.maven</groupId>
      <artifactId>maven-artifact</artifactId>
      <type>jar</type>
      <version>2.0</version>
    </dependency>
    <dependency>
      <groupId>org.apache.maven</groupId>
      <artifactId>maven-plugin-api</artifactId>
      <type>jar</type>
      <version>2.0</version>
    </dependency>
    <dependency>
      <groupId>commons-io</groupId>
      <artifactId>commons-io</artifactId>
      <type>jar</type>
      <version>1.1</version>
    </dependency>
    <dependency>
      <groupId>antlr</groupId>
      <artifactId>antlr</artifactId>
      <type>jar</type>
      <version>2.7.2</version>
    </dependency>
    <dependency>
      <groupId>org.apache.maven.reporting</groupId>
      <artifactId>maven-reporting-impl</artifactId>
      <type>jar</type>
      <version>2.0</version>
    </dependency>
  </dependencies>
</plugin>