<plugin>
  <description>Sonar Maven2 plugin.</description>
  <groupId>org.codehaus.sonar</groupId>
  <artifactId>sonar-maven-plugin</artifactId>
  <version>1.1</version>
  <goalPrefix>sonar</goalPrefix>
  <isolatedRealm>false</isolatedRealm>
  <inheritedByDefault>true</inheritedByDefault>
  <mojos>
    <mojo>
      <goal>sonar</goal>
      <description>Main sonar bootstrap plugin</description>
      <requiresDirectInvocation>false</requiresDirectInvocation>
      <requiresProject>true</requiresProject>
      <requiresReports>false</requiresReports>
      <aggregator>true</aggregator>
      <requiresOnline>false</requiresOnline>
      <inheritedByDefault>true</inheritedByDefault>
      <implementation>ch.hortis.sonar.mvn.SonarMojo</implementation>
      <language>java</language>
      <instantiationStrategy>per-lookup</instantiationStrategy>
      <executionStrategy>once-per-session</executionStrategy>
      <parameters>
        <parameter>
          <name>light</name>
          <alias>sonar.light</alias>
          <type>java.lang.Boolean</type>
          <required>false</required>
          <editable>true</editable>
          <description>Sonar light mode. Default is false.</description>
        </parameter>
        <parameter>
          <name>reactorProjects</name>
          <type>java.util.List</type>
          <required>false</required>
          <editable>false</editable>
          <description>The projects in the reactor.</description>
        </parameter>
        <parameter>
          <name>settings</name>
          <type>org.apache.maven.settings.Settings</type>
          <required>true</required>
          <editable>false</editable>
          <description>The maven settings this project is using</description>
        </parameter>
        <parameter>
          <name>skipInstall</name>
          <alias>sonar.skipInstall</alias>
          <type>java.lang.Boolean</type>
          <required>false</required>
          <editable>true</editable>
          <description>Do not execute the &apos;install&apos; goal if set to true. Default is false.</description>
        </parameter>
        <parameter>
          <name>sonarHostURL</name>
          <alias>sonar.host.url</alias>
          <type>java.lang.String</type>
          <required>false</required>
          <editable>true</editable>
          <description>Sonar host URL</description>
        </parameter>
      </parameters>
      <configuration>
        <skipInstall implementation="java.lang.Boolean" default-value="false">${sonar.skipInstall}</skipInstall>
        <sonarHostURL implementation="java.lang.String" default-value="http://localhost:9000">${sonar.host.url}</sonarHostURL>
        <settings implementation="org.apache.maven.settings.Settings">${settings}</settings>
        <reactorProjects implementation="java.util.List">${reactorProjects}</reactorProjects>
        <light implementation="java.lang.Boolean" default-value="false">${sonar.light}</light>
      </configuration>
    </mojo>
  </mojos>
  <dependencies/>
</plugin>