<plugin>
  <description>Sonar Maven2 plugins for internal use.</description>
  <groupId>org.codehaus.sonar</groupId>
  <artifactId>sonar-core-maven-plugin</artifactId>
  <version>1.1</version>
  <goalPrefix>sonar-core</goalPrefix>
  <isolatedRealm>false</isolatedRealm>
  <inheritedByDefault>true</inheritedByDefault>
  <mojos>
    <mojo>
      <goal>batch</goal>
      <description>Creates the snapshots hierarchy and launch the batch on the sonar server side</description>
      <requiresDirectInvocation>false</requiresDirectInvocation>
      <requiresProject>true</requiresProject>
      <requiresReports>false</requiresReports>
      <aggregator>true</aggregator>
      <requiresOnline>false</requiresOnline>
      <inheritedByDefault>true</inheritedByDefault>
      <implementation>ch.hortis.sonar.mvn.BatchLaunchMojo</implementation>
      <language>java</language>
      <instantiationStrategy>per-lookup</instantiationStrategy>
      <executionStrategy>once-per-session</executionStrategy>
      <parameters>
        <parameter>
          <name>branch</name>
          <alias>branch</alias>
          <type>java.lang.String</type>
          <required>false</required>
          <editable>true</editable>
          <description>Project branch</description>
        </parameter>
        <parameter>
          <name>jdbcDriverClassName</name>
          <alias>sonar.jdbc.driver</alias>
          <type>java.lang.String</type>
          <required>false</required>
          <editable>true</editable>
          <description>JDBC driver class</description>
        </parameter>
        <parameter>
          <name>jdbcPassword</name>
          <alias>sonar.jdbc.password</alias>
          <type>java.lang.String</type>
          <required>false</required>
          <editable>true</editable>
          <description>JDBC password</description>
        </parameter>
        <parameter>
          <name>jdbcURL</name>
          <alias>sonar.jdbc.url</alias>
          <type>java.lang.String</type>
          <required>false</required>
          <editable>true</editable>
          <description>JDBC URL</description>
        </parameter>
        <parameter>
          <name>jdbcUserName</name>
          <alias>sonar.jdbc.username</alias>
          <type>java.lang.String</type>
          <required>false</required>
          <editable>true</editable>
          <description>JDBC user name</description>
        </parameter>
        <parameter>
          <name>light</name>
          <alias>sonar.light</alias>
          <type>java.lang.Boolean</type>
          <required>false</required>
          <editable>true</editable>
          <description>Sonar light mode. Default is false.</description>
        </parameter>
        <parameter>
          <name>mavenProject</name>
          <type>org.apache.maven.project.MavenProject</type>
          <required>true</required>
          <editable>false</editable>
          <description>The maven project running this plugin</description>
        </parameter>
        <parameter>
          <name>reactorProjects</name>
          <type>java.util.List</type>
          <required>false</required>
          <editable>false</editable>
          <description>The projects in the reactor.</description>
        </parameter>
        <parameter>
          <name>sonarHostURL</name>
          <alias>sonar.host.url</alias>
          <type>java.lang.String</type>
          <required>false</required>
          <editable>true</editable>
          <description>Sonar host URL</description>
        </parameter>
      </parameters>
      <configuration>
        <jdbcPassword implementation="java.lang.String" default-value="sonar">${sonar.jdbc.password}</jdbcPassword>
        <sonarHostURL implementation="java.lang.String" default-value="http://localhost:9000">${sonar.host.url}</sonarHostURL>
        <jdbcURL implementation="java.lang.String" default-value="jdbc:derby://localhost:1527/sonar">${sonar.jdbc.url}</jdbcURL>
        <mavenProject implementation="org.apache.maven.project.MavenProject">${project}</mavenProject>
        <jdbcUserName implementation="java.lang.String" default-value="sonar">${sonar.jdbc.username}</jdbcUserName>
        <branch implementation="java.lang.String" default-value="HEAD">${branch}</branch>
        <jdbcDriverClassName implementation="java.lang.String" default-value="org.apache.derby.jdbc.ClientDriver">${sonar.jdbc.driver}</jdbcDriverClassName>
        <reactorProjects implementation="java.util.List">${reactorProjects}</reactorProjects>
        <light implementation="java.lang.Boolean" default-value="false">${sonar.light}</light>
      </configuration>
    </mojo>
    <mojo>
      <goal>collect</goal>
      <description>Main sonar plugin reports for plugins metrics parsing and historic generation</description>
      <requiresDirectInvocation>false</requiresDirectInvocation>
      <requiresProject>true</requiresProject>
      <requiresReports>false</requiresReports>
      <aggregator>false</aggregator>
      <requiresOnline>false</requiresOnline>
      <inheritedByDefault>true</inheritedByDefault>
      <implementation>ch.hortis.sonar.mvn.CollectMojo</implementation>
      <language>java</language>
      <instantiationStrategy>per-lookup</instantiationStrategy>
      <executionStrategy>once-per-session</executionStrategy>
      <parameters>
        <parameter>
          <name>branch</name>
          <alias>branch</alias>
          <type>java.lang.String</type>
          <required>false</required>
          <editable>true</editable>
          <description>Project branch</description>
        </parameter>
        <parameter>
          <name>jdbcDriverClassName</name>
          <alias>sonar.jdbc.driver</alias>
          <type>java.lang.String</type>
          <required>false</required>
          <editable>true</editable>
          <description>JDBC driver class</description>
        </parameter>
        <parameter>
          <name>jdbcPassword</name>
          <alias>sonar.jdbc.password</alias>
          <type>java.lang.String</type>
          <required>false</required>
          <editable>true</editable>
          <description>JDBC password</description>
        </parameter>
        <parameter>
          <name>jdbcURL</name>
          <alias>sonar.jdbc.url</alias>
          <type>java.lang.String</type>
          <required>false</required>
          <editable>true</editable>
          <description>JDBC URL</description>
        </parameter>
        <parameter>
          <name>jdbcUserName</name>
          <alias>sonar.jdbc.username</alias>
          <type>java.lang.String</type>
          <required>false</required>
          <editable>true</editable>
          <description>JDBC user name</description>
        </parameter>
        <parameter>
          <name>light</name>
          <alias>sonar.light</alias>
          <type>java.lang.Boolean</type>
          <required>false</required>
          <editable>true</editable>
          <description>Sonar light mode. Default is false.</description>
        </parameter>
        <parameter>
          <name>mavenProject</name>
          <type>org.apache.maven.project.MavenProject</type>
          <required>true</required>
          <editable>false</editable>
          <description>The maven project running this plugin</description>
        </parameter>
        <parameter>
          <name>reactorProjects</name>
          <type>java.util.List</type>
          <required>false</required>
          <editable>false</editable>
          <description>The projects in the reactor.</description>
        </parameter>
      </parameters>
      <configuration>
        <jdbcPassword implementation="java.lang.String" default-value="sonar">${sonar.jdbc.password}</jdbcPassword>
        <jdbcURL implementation="java.lang.String" default-value="jdbc:derby://localhost:1527/sonar">${sonar.jdbc.url}</jdbcURL>
        <mavenProject implementation="org.apache.maven.project.MavenProject">${project}</mavenProject>
        <jdbcUserName implementation="java.lang.String" default-value="sonar">${sonar.jdbc.username}</jdbcUserName>
        <branch implementation="java.lang.String" default-value="HEAD">${branch}</branch>
        <jdbcDriverClassName implementation="java.lang.String" default-value="org.apache.derby.jdbc.ClientDriver">${sonar.jdbc.driver}</jdbcDriverClassName>
        <reactorProjects implementation="java.util.List">${reactorProjects}</reactorProjects>
        <light implementation="java.lang.Boolean" default-value="false">${sonar.light}</light>
      </configuration>
    </mojo>
    <mojo>
      <goal>install</goal>
      <description>Goal to launch in a new lifecycle the maven install goal</description>
      <requiresDirectInvocation>false</requiresDirectInvocation>
      <requiresProject>true</requiresProject>
      <requiresReports>false</requiresReports>
      <aggregator>false</aggregator>
      <requiresOnline>false</requiresOnline>
      <inheritedByDefault>true</inheritedByDefault>
      <executePhase>install</executePhase>
      <executeLifecycle>sonar</executeLifecycle>
      <implementation>ch.hortis.sonar.mvn.InstallMojo</implementation>
      <language>java</language>
      <instantiationStrategy>per-lookup</instantiationStrategy>
      <executionStrategy>once-per-session</executionStrategy>
      <parameters/>
    </mojo>
    <mojo>
      <goal>prepare</goal>
      <description></description>
      <requiresDirectInvocation>false</requiresDirectInvocation>
      <requiresProject>true</requiresProject>
      <requiresReports>false</requiresReports>
      <aggregator>false</aggregator>
      <requiresOnline>false</requiresOnline>
      <inheritedByDefault>true</inheritedByDefault>
      <implementation>ch.hortis.sonar.mvn.PrepareMojo</implementation>
      <language>java</language>
      <instantiationStrategy>per-lookup</instantiationStrategy>
      <executionStrategy>once-per-session</executionStrategy>
      <parameters>
        <parameter>
          <name>light</name>
          <alias>sonar.light</alias>
          <type>java.lang.Boolean</type>
          <required>false</required>
          <editable>true</editable>
          <description>Sonar light mode. Default is false.</description>
        </parameter>
        <parameter>
          <name>mavenProject</name>
          <type>org.apache.maven.project.MavenProject</type>
          <required>true</required>
          <editable>false</editable>
          <description>The maven project running this plugin</description>
        </parameter>
        <parameter>
          <name>sonarHostURL</name>
          <alias>sonar.host.url</alias>
          <type>java.lang.String</type>
          <required>false</required>
          <editable>true</editable>
          <description>Sonar host URL</description>
        </parameter>
        <parameter>
          <name>sonarServerVersion</name>
          <alias>sonar.server.version</alias>
          <type>java.lang.String</type>
          <required>false</required>
          <editable>true</editable>
          <description>Sonar server version</description>
        </parameter>
      </parameters>
      <configuration>
        <sonarHostURL implementation="java.lang.String" default-value="http://localhost:9000">${sonar.host.url}</sonarHostURL>
        <mavenProject implementation="org.apache.maven.project.MavenProject">${project}</mavenProject>
        <sonarServerVersion implementation="java.lang.String">${sonar.server.version}</sonarServerVersion>
        <light implementation="java.lang.Boolean" default-value="false">${sonar.light}</light>
      </configuration>
    </mojo>
    <mojo>
      <goal>project</goal>
      <description>This plugin will create the project hierarchy in the database and create the
snapshot group to use for measures collection</description>
      <requiresDirectInvocation>false</requiresDirectInvocation>
      <requiresProject>true</requiresProject>
      <requiresReports>false</requiresReports>
      <aggregator>true</aggregator>
      <requiresOnline>false</requiresOnline>
      <inheritedByDefault>true</inheritedByDefault>
      <implementation>ch.hortis.sonar.mvn.ProjectMojo</implementation>
      <language>java</language>
      <instantiationStrategy>per-lookup</instantiationStrategy>
      <executionStrategy>once-per-session</executionStrategy>
      <parameters>
        <parameter>
          <name>branch</name>
          <alias>branch</alias>
          <type>java.lang.String</type>
          <required>false</required>
          <editable>true</editable>
          <description>Project branch</description>
        </parameter>
        <parameter>
          <name>jdbcDriverClassName</name>
          <alias>sonar.jdbc.driver</alias>
          <type>java.lang.String</type>
          <required>false</required>
          <editable>true</editable>
          <description>JDBC driver class</description>
        </parameter>
        <parameter>
          <name>jdbcPassword</name>
          <alias>sonar.jdbc.password</alias>
          <type>java.lang.String</type>
          <required>false</required>
          <editable>true</editable>
          <description>JDBC password</description>
        </parameter>
        <parameter>
          <name>jdbcURL</name>
          <alias>sonar.jdbc.url</alias>
          <type>java.lang.String</type>
          <required>false</required>
          <editable>true</editable>
          <description>JDBC URL</description>
        </parameter>
        <parameter>
          <name>jdbcUserName</name>
          <alias>sonar.jdbc.username</alias>
          <type>java.lang.String</type>
          <required>false</required>
          <editable>true</editable>
          <description>JDBC user name</description>
        </parameter>
        <parameter>
          <name>light</name>
          <alias>sonar.light</alias>
          <type>java.lang.Boolean</type>
          <required>false</required>
          <editable>true</editable>
          <description>Sonar light mode. Default is false.</description>
        </parameter>
        <parameter>
          <name>mavenProject</name>
          <type>org.apache.maven.project.MavenProject</type>
          <required>true</required>
          <editable>false</editable>
          <description>The maven project running this plugin</description>
        </parameter>
        <parameter>
          <name>reactorProjects</name>
          <type>java.util.List</type>
          <required>false</required>
          <editable>false</editable>
          <description>The projects in the reactor.</description>
        </parameter>
      </parameters>
      <configuration>
        <jdbcPassword implementation="java.lang.String" default-value="sonar">${sonar.jdbc.password}</jdbcPassword>
        <jdbcURL implementation="java.lang.String" default-value="jdbc:derby://localhost:1527/sonar">${sonar.jdbc.url}</jdbcURL>
        <mavenProject implementation="org.apache.maven.project.MavenProject">${project}</mavenProject>
        <jdbcUserName implementation="java.lang.String" default-value="sonar">${sonar.jdbc.username}</jdbcUserName>
        <branch implementation="java.lang.String" default-value="HEAD">${branch}</branch>
        <jdbcDriverClassName implementation="java.lang.String" default-value="org.apache.derby.jdbc.ClientDriver">${sonar.jdbc.driver}</jdbcDriverClassName>
        <reactorProjects implementation="java.util.List">${reactorProjects}</reactorProjects>
        <light implementation="java.lang.Boolean" default-value="false">${sonar.light}</light>
      </configuration>
    </mojo>
  </mojos>
  <dependencies/>
</plugin>