<plugin>
  <description>Execute rmic ant task with com.sun classes</description>
  <groupId>org.ow2.util</groupId>
  <artifactId>util-maven-plugin-antrmic</artifactId>
  <version>1.0.3</version>
  <goalPrefix>utilantrmic</goalPrefix>
  <isolatedRealm>false</isolatedRealm>
  <inheritedByDefault>true</inheritedByDefault>
  <mojos>
    <mojo>
      <goal>rmic</goal>
      <description>Maven Rmic Mojo.</description>
      <requiresDirectInvocation>false</requiresDirectInvocation>
      <requiresProject>true</requiresProject>
      <requiresReports>false</requiresReports>
      <aggregator>false</aggregator>
      <requiresOnline>false</requiresOnline>
      <inheritedByDefault>true</inheritedByDefault>
      <phase>process-classes</phase>
      <implementation>org.ow2.util.maven.plugin.rmic.RmicMojo</implementation>
      <language>java</language>
      <instantiationStrategy>per-lookup</instantiationStrategy>
      <executionStrategy>once-per-session</executionStrategy>
      <parameters>
        <parameter>
          <name>artifacts</name>
          <type>java.util.List</type>
          <required>true</required>
          <editable>false</editable>
          <description>The plugin dependencies.</description>
        </parameter>
        <parameter>
          <name>baseDir</name>
          <type>java.io.File</type>
          <required>true</required>
          <editable>false</editable>
          <description>Ant rmic task param.</description>
        </parameter>
        <parameter>
          <name>classname</name>
          <type>java.lang.String</type>
          <required>true</required>
          <editable>true</editable>
          <description>Ant rmic task param.</description>
        </parameter>
        <parameter>
          <name>compiler</name>
          <type>java.lang.String</type>
          <required>false</required>
          <editable>false</editable>
          <description>Compiler.</description>
        </parameter>
        <parameter>
          <name>compilerarg</name>
          <type>java.lang.String</type>
          <required>false</required>
          <editable>true</editable>
          <description>Compiler args.</description>
        </parameter>
        <parameter>
          <name>debug</name>
          <type>boolean</type>
          <required>false</required>
          <editable>true</editable>
          <description>Ant rmic task param.</description>
        </parameter>
        <parameter>
          <name>filtering</name>
          <type>boolean</type>
          <required>false</required>
          <editable>true</editable>
          <description>Ant rmic task param.</description>
        </parameter>
        <parameter>
          <name>idl</name>
          <type>boolean</type>
          <required>false</required>
          <editable>true</editable>
          <description>Ant rmic task param.</description>
        </parameter>
        <parameter>
          <name>idlOpts</name>
          <type>java.lang.String</type>
          <required>false</required>
          <editable>true</editable>
          <description>Ant rmic task param.</description>
        </parameter>
        <parameter>
          <name>iiop</name>
          <type>boolean</type>
          <required>false</required>
          <editable>true</editable>
          <description>Ant rmic task param.</description>
        </parameter>
        <parameter>
          <name>iiopOpts</name>
          <type>java.lang.String</type>
          <required>false</required>
          <editable>true</editable>
          <description>Ant rmic task param.</description>
        </parameter>
        <parameter>
          <name>mavenProject</name>
          <type>org.apache.maven.project.MavenProject</type>
          <required>true</required>
          <editable>false</editable>
          <description></description>
        </parameter>
        <parameter>
          <name>sourceRoot</name>
          <type>java.io.File</type>
          <required>false</required>
          <editable>true</editable>
          <description>This folder is added to the list of those folders containing source to be
compiled. Use this if your ant script generates source code.</description>
        </parameter>
        <parameter>
          <name>stubVersion</name>
          <type>java.lang.String</type>
          <required>false</required>
          <editable>true</editable>
          <description>Ant rmic task param.</description>
        </parameter>
        <parameter>
          <name>testSourceRoot</name>
          <type>java.io.File</type>
          <required>false</required>
          <editable>true</editable>
          <description>This folder is added to the list of those folders containing source to be
compiled for testing. Use this if your ant script generates test source
code.</description>
        </parameter>
        <parameter>
          <name>verify</name>
          <type>boolean</type>
          <required>false</required>
          <editable>true</editable>
          <description>Ant rmic task param.</description>
        </parameter>
      </parameters>
      <configuration>
        <classname implementation="java.lang.String">${classname}</classname>
        <stubVersion implementation="java.lang.String">${stubVersion}</stubVersion>
        <iiop implementation="boolean" default-value="false">${iiop}</iiop>
        <filtering implementation="boolean" default-value="false">${filtering}</filtering>
        <compilerarg implementation="java.lang.String">${compilerarg}</compilerarg>
        <testSourceRoot implementation="java.io.File">${testSourceRoot}</testSourceRoot>
        <idl implementation="boolean" default-value="false">${idl}</idl>
        <debug implementation="boolean" default-value="false">${debug}</debug>
        <mavenProject implementation="org.apache.maven.project.MavenProject">${project}</mavenProject>
        <sourceRoot implementation="java.io.File">${sourceRoot}</sourceRoot>
        <baseDir implementation="java.io.File">${project.build.outputDirectory}</baseDir>
        <idlOpts implementation="java.lang.String">${idlOpts}</idlOpts>
        <compiler implementation="java.lang.String">${compiler}</compiler>
        <iiopOpts implementation="java.lang.String">${iiopOpts}</iiopOpts>
        <verify implementation="boolean" default-value="false">${verify}</verify>
        <artifacts implementation="java.util.List">${plugin.artifacts}</artifacts>
      </configuration>
    </mojo>
    <mojo>
      <goal>testRmic</goal>
      <description>Maven Rmic Mojo.</description>
      <requiresDirectInvocation>false</requiresDirectInvocation>
      <requiresProject>true</requiresProject>
      <requiresReports>false</requiresReports>
      <aggregator>false</aggregator>
      <requiresOnline>false</requiresOnline>
      <inheritedByDefault>true</inheritedByDefault>
      <phase>test-compile</phase>
      <implementation>org.ow2.util.maven.plugin.rmic.TestRmicMojo</implementation>
      <language>java</language>
      <instantiationStrategy>per-lookup</instantiationStrategy>
      <executionStrategy>once-per-session</executionStrategy>
      <parameters>
        <parameter>
          <name>artifacts</name>
          <type>java.util.List</type>
          <required>true</required>
          <editable>false</editable>
          <description>The plugin dependencies.</description>
        </parameter>
        <parameter>
          <name>baseDir</name>
          <type>java.io.File</type>
          <required>true</required>
          <editable>false</editable>
          <description>Ant rmic task param.</description>
        </parameter>
        <parameter>
          <name>classname</name>
          <type>java.lang.String</type>
          <required>true</required>
          <editable>true</editable>
          <description>Ant rmic task param.</description>
        </parameter>
        <parameter>
          <name>compiler</name>
          <type>java.lang.String</type>
          <required>false</required>
          <editable>false</editable>
          <description>Compiler.</description>
        </parameter>
        <parameter>
          <name>compilerarg</name>
          <type>java.lang.String</type>
          <required>false</required>
          <editable>true</editable>
          <description>Compiler args.</description>
        </parameter>
        <parameter>
          <name>debug</name>
          <type>boolean</type>
          <required>false</required>
          <editable>true</editable>
          <description>Ant rmic task param.</description>
        </parameter>
        <parameter>
          <name>filtering</name>
          <type>boolean</type>
          <required>false</required>
          <editable>true</editable>
          <description>Ant rmic task param.</description>
        </parameter>
        <parameter>
          <name>idl</name>
          <type>boolean</type>
          <required>false</required>
          <editable>true</editable>
          <description>Ant rmic task param.</description>
        </parameter>
        <parameter>
          <name>idlOpts</name>
          <type>java.lang.String</type>
          <required>false</required>
          <editable>true</editable>
          <description>Ant rmic task param.</description>
        </parameter>
        <parameter>
          <name>iiop</name>
          <type>boolean</type>
          <required>false</required>
          <editable>true</editable>
          <description>Ant rmic task param.</description>
        </parameter>
        <parameter>
          <name>iiopOpts</name>
          <type>java.lang.String</type>
          <required>false</required>
          <editable>true</editable>
          <description>Ant rmic task param.</description>
        </parameter>
        <parameter>
          <name>mavenProject</name>
          <type>org.apache.maven.project.MavenProject</type>
          <required>true</required>
          <editable>false</editable>
          <description></description>
        </parameter>
        <parameter>
          <name>sourceRoot</name>
          <type>java.io.File</type>
          <required>false</required>
          <editable>true</editable>
          <description>This folder is added to the list of those folders containing source to be
compiled. Use this if your ant script generates source code.</description>
        </parameter>
        <parameter>
          <name>stubVersion</name>
          <type>java.lang.String</type>
          <required>false</required>
          <editable>true</editable>
          <description>Ant rmic task param.</description>
        </parameter>
        <parameter>
          <name>testSourceRoot</name>
          <type>java.io.File</type>
          <required>false</required>
          <editable>true</editable>
          <description>This folder is added to the list of those folders containing source to be
compiled for testing. Use this if your ant script generates test source
code.</description>
        </parameter>
        <parameter>
          <name>verify</name>
          <type>boolean</type>
          <required>false</required>
          <editable>true</editable>
          <description>Ant rmic task param.</description>
        </parameter>
      </parameters>
      <configuration>
        <classname implementation="java.lang.String">${classname}</classname>
        <stubVersion implementation="java.lang.String">${stubVersion}</stubVersion>
        <iiop implementation="boolean" default-value="false">${iiop}</iiop>
        <filtering implementation="boolean" default-value="false">${filtering}</filtering>
        <compilerarg implementation="java.lang.String">${compilerarg}</compilerarg>
        <testSourceRoot implementation="java.io.File">${testSourceRoot}</testSourceRoot>
        <idl implementation="boolean" default-value="false">${idl}</idl>
        <debug implementation="boolean" default-value="false">${debug}</debug>
        <mavenProject implementation="org.apache.maven.project.MavenProject">${project}</mavenProject>
        <sourceRoot implementation="java.io.File">${sourceRoot}</sourceRoot>
        <baseDir implementation="java.io.File">${project.build.testOutputDirectory}</baseDir>
        <idlOpts implementation="java.lang.String">${idlOpts}</idlOpts>
        <compiler implementation="java.lang.String">${compiler}</compiler>
        <iiopOpts implementation="java.lang.String">${iiopOpts}</iiopOpts>
        <verify implementation="boolean" default-value="false">${verify}</verify>
        <artifacts implementation="java.util.List">${plugin.artifacts}</artifacts>
      </configuration>
    </mojo>
  </mojos>
  <dependencies>
    <dependency>
      <groupId>junit</groupId>
      <artifactId>junit</artifactId>
      <type>jar</type>
      <version>3.8.1</version>
    </dependency>
    <dependency>
      <groupId>classworlds</groupId>
      <artifactId>classworlds</artifactId>
      <type>jar</type>
      <version>1.1-alpha-2</version>
    </dependency>
    <dependency>
      <groupId>ant</groupId>
      <artifactId>ant</artifactId>
      <type>jar</type>
      <version>1.6.5</version>
    </dependency>
    <dependency>
      <groupId>org.apache.maven</groupId>
      <artifactId>maven-plugin-registry</artifactId>
      <type>jar</type>
      <version>2.0.7</version>
    </dependency>
    <dependency>
      <groupId>org.apache.maven</groupId>
      <artifactId>maven-model</artifactId>
      <type>jar</type>
      <version>2.0.7</version>
    </dependency>
    <dependency>
      <groupId>org.apache.maven</groupId>
      <artifactId>maven-project</artifactId>
      <type>jar</type>
      <version>2.0.7</version>
    </dependency>
    <dependency>
      <groupId>org.apache.maven</groupId>
      <artifactId>maven-profile</artifactId>
      <type>jar</type>
      <version>2.0.7</version>
    </dependency>
    <dependency>
      <groupId>org.codehaus.plexus</groupId>
      <artifactId>plexus-container-default</artifactId>
      <type>jar</type>
      <version>1.0-alpha-9-stable-1</version>
    </dependency>
    <dependency>
      <groupId>org.codehaus.plexus</groupId>
      <artifactId>plexus-utils</artifactId>
      <type>jar</type>
      <version>1.4.8</version>
    </dependency>
    <dependency>
      <groupId>org.apache.maven</groupId>
      <artifactId>maven-repository-metadata</artifactId>
      <type>jar</type>
      <version>2.0.7</version>
    </dependency>
    <dependency>
      <groupId>org.apache.maven</groupId>
      <artifactId>maven-artifact-manager</artifactId>
      <type>jar</type>
      <version>2.0.7</version>
    </dependency>
    <dependency>
      <groupId>org.apache.maven</groupId>
      <artifactId>maven-plugin-api</artifactId>
      <type>jar</type>
      <version>2.0.7</version>
    </dependency>
    <dependency>
      <groupId>org.apache.maven</groupId>
      <artifactId>maven-artifact</artifactId>
      <type>jar</type>
      <version>2.0.7</version>
    </dependency>
    <dependency>
      <groupId>org.apache.maven</groupId>
      <artifactId>maven-settings</artifactId>
      <type>jar</type>
      <version>2.0.7</version>
    </dependency>
    <dependency>
      <groupId>org.apache.maven.wagon</groupId>
      <artifactId>wagon-provider-api</artifactId>
      <type>jar</type>
      <version>1.0-beta-2</version>
    </dependency>
  </dependencies>
</plugin>