<plugin>
  <description>Deploy and start a Fractal application using the Julia runtime.</description>
  <groupId>org.objectweb.fractal.fractaladl</groupId>
  <artifactId>maven-fractaladl-plugin</artifactId>
  <version>2.3</version>
  <goalPrefix>fractaladl</goalPrefix>
  <isolatedRealm>false</isolatedRealm>
  <inheritedByDefault>true</inheritedByDefault>
  <mojos>
    <mojo>
      <goal>generate</goal>
      <description>Executes the fractaladl Java static generator with the enclosing project&apos;s
runtime dependencies as classpath + the mojo dependencies. This plugin lets
you specify:
&lt;ul&gt;
&lt;li&gt;the ADL definition to be compiled&lt;/li&gt;
&lt;li&gt;the output directory&lt;/li&gt;
&lt;li&gt;the factory to use to generate the component instantiation source code&lt;/li&gt;
&lt;li&gt;the backend used by the factory&lt;/li&gt;
&lt;/ul&gt;</description>
      <requiresDependencyResolution>runtime</requiresDependencyResolution>
      <requiresDirectInvocation>false</requiresDirectInvocation>
      <requiresProject>true</requiresProject>
      <requiresReports>false</requiresReports>
      <aggregator>false</aggregator>
      <requiresOnline>false</requiresOnline>
      <inheritedByDefault>true</inheritedByDefault>
      <phase>generate-sources</phase>
      <implementation>org.objectweb.fractal.adl.mojo.StaticJavaGeneratorMojo</implementation>
      <language>java</language>
      <instantiationStrategy>per-lookup</instantiationStrategy>
      <executionStrategy>once-per-session</executionStrategy>
      <parameters>
        <parameter>
          <name>adls</name>
          <type>java.io.File</type>
          <required>false</required>
          <editable>true</editable>
          <description>The file that contains a list of component definition to generate (these
definitions must be in the classpath).</description>
        </parameter>
        <parameter>
          <name>backend</name>
          <type>java.lang.String</type>
          <required>false</required>
          <editable>true</editable>
          <description>The fully qualified name of the backend to use (the corresponding .fractal
file must be in the classpath).</description>
        </parameter>
        <parameter>
          <name>definitions</name>
          <type>java.lang.String[]</type>
          <required>false</required>
          <editable>true</editable>
          <description>The fully qualified name of the component definitions to generate (must be
in the classpath).</description>
        </parameter>
        <parameter>
          <name>factory</name>
          <type>java.lang.String</type>
          <required>false</required>
          <editable>true</editable>
          <description>The fully qualified name of the factory to use (the corresponding .fractal
file must be in the classpath).</description>
        </parameter>
        <parameter>
          <name>outputDirectory</name>
          <type>java.io.File</type>
          <required>true</required>
          <editable>true</editable>
          <description>Directory where the output Java Files will be located.</description>
        </parameter>
        <parameter>
          <name>project</name>
          <type>org.apache.maven.project.MavenProject</type>
          <required>true</required>
          <editable>true</editable>
          <description>The Maven project reference.</description>
        </parameter>
      </parameters>
      <configuration>
        <outputDirectory implementation="java.io.File">${project.build.directory}/generated-sources/fractaladl</outputDirectory>
        <project implementation="org.apache.maven.project.MavenProject">${project}</project>
        <factory implementation="java.lang.String">org.objectweb.fractal.adl.StaticJavaGeneratorFactory</factory>
      </configuration>
    </mojo>
    <mojo>
      <goal>generate-test</goal>
      <description>Executes the fractaladl Java static generator with the enclosing project&apos;s
runtime dependencies as classpath + the mojo dependencies. This plugin lets
you specify:
&lt;ul&gt;
&lt;li&gt;the ADL definition to be compiled&lt;/li&gt;
&lt;li&gt;the output directory&lt;/li&gt;
&lt;li&gt;the factory to use to generate the component instantiation source code&lt;/li&gt;
&lt;li&gt;the backend used by the factory&lt;/li&gt;
&lt;/ul&gt;</description>
      <requiresDependencyResolution>test</requiresDependencyResolution>
      <requiresDirectInvocation>false</requiresDirectInvocation>
      <requiresProject>true</requiresProject>
      <requiresReports>false</requiresReports>
      <aggregator>false</aggregator>
      <requiresOnline>false</requiresOnline>
      <inheritedByDefault>true</inheritedByDefault>
      <phase>generate-test-sources</phase>
      <implementation>org.objectweb.fractal.adl.mojo.StaticJavaGeneratorTestMojo</implementation>
      <language>java</language>
      <instantiationStrategy>per-lookup</instantiationStrategy>
      <executionStrategy>once-per-session</executionStrategy>
      <parameters>
        <parameter>
          <name>adls</name>
          <type>java.io.File</type>
          <required>false</required>
          <editable>true</editable>
          <description>The file that contains a list of component definition to generate (these
definitions must be in the classpath).</description>
        </parameter>
        <parameter>
          <name>backend</name>
          <type>java.lang.String</type>
          <required>false</required>
          <editable>true</editable>
          <description>The fully qualified name of the backend to use (the corresponding .fractal
file must be in the classpath).</description>
        </parameter>
        <parameter>
          <name>definitions</name>
          <type>java.lang.String[]</type>
          <required>false</required>
          <editable>true</editable>
          <description>The fully qualified name of the component definitions to generate (must be
in the classpath).</description>
        </parameter>
        <parameter>
          <name>factory</name>
          <type>java.lang.String</type>
          <required>false</required>
          <editable>true</editable>
          <description>The fully qualified name of the factory to use (the corresponding .fractal
file must be in the classpath).</description>
        </parameter>
        <parameter>
          <name>outputDirectory</name>
          <type>java.io.File</type>
          <required>true</required>
          <editable>true</editable>
          <description>Directory where the output Java Files will be located.</description>
        </parameter>
        <parameter>
          <name>project</name>
          <type>org.apache.maven.project.MavenProject</type>
          <required>true</required>
          <editable>true</editable>
          <description>The Maven project reference.</description>
        </parameter>
      </parameters>
      <configuration>
        <outputDirectory implementation="java.io.File">${project.build.directory}/generated-test-sources/fractaladl</outputDirectory>
        <project implementation="org.apache.maven.project.MavenProject">${project}</project>
        <factory implementation="java.lang.String">org.objectweb.fractal.adl.StaticJavaGeneratorFactory</factory>
      </configuration>
    </mojo>
    <mojo>
      <goal>run</goal>
      <description>Executes the fractaladl Launcher in the current VM with the enclosing project&apos;s
runtime dependencies as classpath + the mojo dependencies.

This plugin lets you specify:
&lt;ul&gt;
&lt;li&gt;the ADL file containing the top level component definition&lt;/li&gt;
&lt;li&gt;the name of the Runnable interface to run on the top level component&lt;/li&gt;
&lt;li&gt;the factory to use to instantiate the component&lt;/li&gt;
&lt;li&gt;the backend used by the factory&lt;/li&gt;
&lt;/ul&gt;


Requires the enclosing project (runtime) dependencies
The compile phase must be / have been run before the MOJO
Associate the MOJO with the goal run</description>
      <requiresDependencyResolution>runtime</requiresDependencyResolution>
      <requiresDirectInvocation>false</requiresDirectInvocation>
      <requiresProject>true</requiresProject>
      <requiresReports>false</requiresReports>
      <aggregator>false</aggregator>
      <requiresOnline>false</requiresOnline>
      <inheritedByDefault>true</inheritedByDefault>
      <executePhase>compile</executePhase>
      <implementation>org.objectweb.fractal.adl.JuliaLauncherMojo</implementation>
      <language>java</language>
      <instantiationStrategy>per-lookup</instantiationStrategy>
      <executionStrategy>once-per-session</executionStrategy>
      <parameters>
        <parameter>
          <name>backend</name>
          <type>java.lang.String</type>
          <required>false</required>
          <editable>true</editable>
          <description>The fully qualified name of the backend to use (the corresponding .fractal file must be in the classpath).</description>
        </parameter>
        <parameter>
          <name>daemon</name>
          <type>boolean</type>
          <required>false</required>
          <editable>true</editable>
          <description></description>
        </parameter>
        <parameter>
          <name>definition</name>
          <type>java.lang.String</type>
          <required>false</required>
          <editable>true</editable>
          <description>The fully qualified name of the component definition to load (must be in the classpath).</description>
        </parameter>
        <parameter>
          <name>factory</name>
          <type>java.lang.String</type>
          <required>false</required>
          <editable>true</editable>
          <description>The fully qualified name of the factory to use (the corresponding .fractal file must be in the classpath).</description>
        </parameter>
        <parameter>
          <name>juliaConfig</name>
          <type>java.lang.String</type>
          <required>false</required>
          <editable>true</editable>
          <description>A comma separated value of Julia config files.</description>
        </parameter>
        <parameter>
          <name>project</name>
          <type>org.apache.maven.project.MavenProject</type>
          <required>true</required>
          <editable>true</editable>
          <description>The Maven project reference.</description>
        </parameter>
        <parameter>
          <name>runnableItf</name>
          <type>java.lang.String</type>
          <required>false</required>
          <editable>true</editable>
          <description></description>
        </parameter>
      </parameters>
      <configuration>
        <daemon implementation="boolean">true</daemon>
        <backend implementation="java.lang.String">org.objectweb.fractal.adl.FractalBackend</backend>
        <project implementation="org.apache.maven.project.MavenProject">${project}</project>
        <runnableItf implementation="java.lang.String">r</runnableItf>
        <factory implementation="java.lang.String">org.objectweb.fractal.adl.BasicFactory</factory>
      </configuration>
    </mojo>
  </mojos>
  <dependencies>
    <dependency>
      <groupId>org.apache.maven</groupId>
      <artifactId>maven-project</artifactId>
      <type>jar</type>
      <version>2.0</version>
    </dependency>
    <dependency>
      <groupId>org.apache.maven</groupId>
      <artifactId>maven-profile</artifactId>
      <type>jar</type>
      <version>2.0</version>
    </dependency>
    <dependency>
      <groupId>org.apache.maven</groupId>
      <artifactId>maven-model</artifactId>
      <type>jar</type>
      <version>2.0</version>
    </dependency>
    <dependency>
      <groupId>org.codehaus.plexus</groupId>
      <artifactId>plexus-utils</artifactId>
      <type>jar</type>
      <version>1.0.4</version>
    </dependency>
    <dependency>
      <groupId>org.codehaus.plexus</groupId>
      <artifactId>plexus-container-default</artifactId>
      <type>jar</type>
      <version>1.0-alpha-8</version>
    </dependency>
    <dependency>
      <groupId>junit</groupId>
      <artifactId>junit</artifactId>
      <type>jar</type>
      <version>3.8.1</version>
    </dependency>
    <dependency>
      <groupId>classworlds</groupId>
      <artifactId>classworlds</artifactId>
      <type>jar</type>
      <version>1.1-alpha-2</version>
    </dependency>
    <dependency>
      <groupId>org.apache.maven</groupId>
      <artifactId>maven-artifact-manager</artifactId>
      <type>jar</type>
      <version>2.0</version>
    </dependency>
    <dependency>
      <groupId>org.apache.maven</groupId>
      <artifactId>maven-repository-metadata</artifactId>
      <type>jar</type>
      <version>2.0</version>
    </dependency>
    <dependency>
      <groupId>org.apache.maven</groupId>
      <artifactId>maven-artifact</artifactId>
      <type>jar</type>
      <version>2.0</version>
    </dependency>
    <dependency>
      <groupId>org.apache.maven.wagon</groupId>
      <artifactId>wagon-provider-api</artifactId>
      <type>jar</type>
      <version>1.0-alpha-5</version>
    </dependency>
    <dependency>
      <groupId>org.objectweb.fractal.julia</groupId>
      <artifactId>julia-asm</artifactId>
      <type>jar</type>
      <version>2.5.2</version>
    </dependency>
    <dependency>
      <groupId>org.objectweb.monolog</groupId>
      <artifactId>monolog</artifactId>
      <type>jar</type>
      <version>1.8</version>
    </dependency>
    <dependency>
      <groupId>org.objectweb.fractal</groupId>
      <artifactId>fractal-api</artifactId>
      <type>jar</type>
      <version>2.0.2</version>
    </dependency>
    <dependency>
      <groupId>asm</groupId>
      <artifactId>asm</artifactId>
      <type>jar</type>
      <version>3.0</version>
    </dependency>
    <dependency>
      <groupId>org.objectweb.fractal.julia</groupId>
      <artifactId>julia-runtime</artifactId>
      <type>jar</type>
      <version>2.5.2</version>
    </dependency>
    <dependency>
      <groupId>org.objectweb.fractal.fractaladl</groupId>
      <artifactId>fractal-adl</artifactId>
      <type>jar</type>
      <version>2.3</version>
    </dependency>
    <dependency>
      <groupId>org.objectweb.fractal.fractaladl</groupId>
      <artifactId>task-deployment</artifactId>
      <type>jar</type>
      <version>2.3</version>
    </dependency>
    <dependency>
      <groupId>org.objectweb.fractal.fractaladl</groupId>
      <artifactId>task-framework</artifactId>
      <type>jar</type>
      <version>2.3</version>
    </dependency>
    <dependency>
      <groupId>org.objectweb.fractal</groupId>
      <artifactId>fractal-util</artifactId>
      <type>jar</type>
      <version>1.0</version>
    </dependency>
    <dependency>
      <groupId>org.objectweb.fractal.fractaladl</groupId>
      <artifactId>ast-core</artifactId>
      <type>jar</type>
      <version>2.3</version>
    </dependency>
    <dependency>
      <groupId>dtdparser</groupId>
      <artifactId>dtdparser</artifactId>
      <type>jar</type>
      <version>1.21</version>
    </dependency>
    <dependency>
      <groupId>org.objectweb.monolog</groupId>
      <artifactId>monolog-api</artifactId>
      <type>jar</type>
      <version>1.8</version>
    </dependency>
    <dependency>
      <groupId>org.apache.maven</groupId>
      <artifactId>maven-plugin-api</artifactId>
      <type>jar</type>
      <version>2.0</version>
    </dependency>
    <dependency>
      <groupId>org.objectweb.fractal.julia</groupId>
      <artifactId>julia-mixins</artifactId>
      <type>jar</type>
      <version>2.5.2</version>
    </dependency>
  </dependencies>
</plugin>