<plugin>
  <description>This project is Maven 2 plugin used to make a JBI archive of a
		JBI component project.</description>
  <groupId>org.objectweb.petals</groupId>
  <artifactId>maven-petals-plugin</artifactId>
  <version>1.2.0-beta-1</version>
  <goalPrefix>petals</goalPrefix>
  <isolatedRealm>false</isolatedRealm>
  <inheritedByDefault>true</inheritedByDefault>
  <mojos>
    <mojo>
      <goal>jbi-install</goal>
      <description>Install a JBI Archive</description>
      <requiresDirectInvocation>false</requiresDirectInvocation>
      <requiresProject>true</requiresProject>
      <requiresReports>false</requiresReports>
      <aggregator>false</aggregator>
      <requiresOnline>false</requiresOnline>
      <inheritedByDefault>true</inheritedByDefault>
      <implementation>org.objectweb.petals.plugin.jbiplugin.JBIInstallMojo</implementation>
      <language>java</language>
      <instantiationStrategy>per-lookup</instantiationStrategy>
      <executionStrategy>once-per-session</executionStrategy>
      <parameters>
        <parameter>
          <name>force</name>
          <type>java.lang.Boolean</type>
          <required>false</required>
          <editable>true</editable>
          <description>Flag to force the goal processing, if needed.</description>
        </parameter>
        <parameter>
          <name>host</name>
          <type>java.lang.String</type>
          <required>true</required>
          <editable>true</editable>
          <description>Hostname of the Petals server</description>
        </parameter>
        <parameter>
          <name>installMissingSharedLibraries</name>
          <type>java.lang.Boolean</type>
          <required>false</required>
          <editable>true</editable>
          <description>When installing a component, if some shared-libaries are not installed,
they can be installed from Maven repositories if this flag value is
&lt;code&gt;true&lt;/code&gt;. This parameter is mainly used to install the
shared-libraries that are not in the Maven reactor. A shared-library
inside the Maven reactor will be installed before its components by the
ordering of Maven dependency mechanism.</description>
        </parameter>
        <parameter>
          <name>jbiDirectory</name>
          <type>java.io.File</type>
          <required>true</required>
          <editable>true</editable>
          <description>JBI conf directory</description>
        </parameter>
        <parameter>
          <name>jbiName</name>
          <type>java.lang.String</type>
          <required>true</required>
          <editable>true</editable>
          <description>JBI archive name (will be suffixed by .zip).</description>
        </parameter>
        <parameter>
          <name>localRepository</name>
          <type>org.apache.maven.artifact.repository.ArtifactRepository</type>
          <required>true</required>
          <editable>false</editable>
          <description>Local maven repository.</description>
        </parameter>
        <parameter>
          <name>outputDirectory</name>
          <type>java.io.File</type>
          <required>true</required>
          <editable>true</editable>
          <description>Output directory</description>
        </parameter>
        <parameter>
          <name>packaging</name>
          <type>java.lang.String</type>
          <required>true</required>
          <editable>false</editable>
          <description></description>
        </parameter>
        <parameter>
          <name>password</name>
          <type>java.lang.String</type>
          <required>false</required>
          <editable>true</editable>
          <description>Password of the Petals JMX server username</description>
        </parameter>
        <parameter>
          <name>port</name>
          <type>java.lang.Integer</type>
          <required>true</required>
          <editable>true</editable>
          <description>JMX Port of the Petals server</description>
        </parameter>
        <parameter>
          <name>project</name>
          <type>org.apache.maven.project.MavenProject</type>
          <required>true</required>
          <editable>false</editable>
          <description>The Maven Project.</description>
        </parameter>
        <parameter>
          <name>protocol</name>
          <type>java.lang.String</type>
          <required>false</required>
          <editable>true</editable>
          <description>The protocol to use to upload the JBI archive on a remote Petals server.
Should be a protocol supported by Wagon.</description>
        </parameter>
        <parameter>
          <name>remoteDirectory</name>
          <type>java.lang.String</type>
          <required>false</required>
          <editable>true</editable>
          <description>The directory of the Petals server on which the JBI archive will be
uploaded if needed.</description>
        </parameter>
        <parameter>
          <name>serverId</name>
          <type>java.lang.String</type>
          <required>false</required>
          <editable>true</editable>
          <description>Specifies the server id (in settings.xml) to retrieve the credentials
needed to upload the JBI archive on the Petals server if it is different
from the local host.</description>
        </parameter>
        <parameter>
          <name>startMissingComponents</name>
          <type>java.lang.Boolean</type>
          <required>false</required>
          <editable>true</editable>
          <description>When installing a service assembly, if some component are not started,
they can be installed and started from Maven repositories if this flag
value is &lt;code&gt;true&lt;/code&gt;. If a such component should be installed
and needs a shared-library, the shared-library processing is drived
according to the parameter &lt;code&gt;installMissingSharedLibraries&lt;/code&gt;.
This parameter is mainly used to install the JBI archives that are not in
the Maven reactor. A component inside the Maven reactor will be installed
before its service assemblies by the ordering of Maven dependency
mechanism, or a shared-library for a component.</description>
        </parameter>
        <parameter>
          <name>username</name>
          <type>java.lang.String</type>
          <required>false</required>
          <editable>true</editable>
          <description>JMX username of the Petals server</description>
        </parameter>
        <parameter>
          <name>verbose</name>
          <type>boolean</type>
          <required>true</required>
          <editable>true</editable>
          <description>Verbose</description>
        </parameter>
      </parameters>
      <configuration>
        <protocol implementation="java.lang.String">scp</protocol>
        <remoteDirectory implementation="java.lang.String">/tmp</remoteDirectory>
        <installMissingSharedLibraries implementation="java.lang.Boolean">true</installMissingSharedLibraries>
        <localRepository implementation="org.apache.maven.artifact.repository.ArtifactRepository">${localRepository}</localRepository>
        <startMissingComponents implementation="java.lang.Boolean">true</startMissingComponents>
        <port implementation="java.lang.Integer">7700</port>
        <outputDirectory implementation="java.io.File">${project.build.directory}</outputDirectory>
        <host implementation="java.lang.String">localhost</host>
        <verbose implementation="boolean">false</verbose>
        <jbiName implementation="java.lang.String">${project.artifactId}-${project.version}</jbiName>
        <project implementation="org.apache.maven.project.MavenProject">${project}</project>
        <force implementation="java.lang.Boolean">false</force>
        <jbiDirectory implementation="java.io.File">${basedir}/src/main/jbi</jbiDirectory>
        <packaging implementation="java.lang.String">${project.packaging}</packaging>
      </configuration>
      <requirements>
        <requirement>
          <role>org.apache.maven.artifact.resolver.ArtifactResolver</role>
          <field-name>artifactResolver</field-name>
        </requirement>
        <requirement>
          <role>org.apache.maven.artifact.factory.ArtifactFactory</role>
          <field-name>artifactFactory</field-name>
        </requirement>
        <requirement>
          <role>org.apache.maven.project.MavenProjectBuilder</role>
          <field-name>mavenProjectBuilder</field-name>
        </requirement>
        <requirement>
          <role>org.apache.maven.artifact.manager.WagonManager</role>
          <field-name>wagonManager</field-name>
        </requirement>
      </requirements>
    </mojo>
    <mojo>
      <goal>jbi-package</goal>
      <description>Make a JBI Archive of a project</description>
      <requiresDependencyResolution>runtime</requiresDependencyResolution>
      <requiresDirectInvocation>false</requiresDirectInvocation>
      <requiresProject>true</requiresProject>
      <requiresReports>false</requiresReports>
      <aggregator>false</aggregator>
      <requiresOnline>false</requiresOnline>
      <inheritedByDefault>true</inheritedByDefault>
      <implementation>org.objectweb.petals.plugin.jbiplugin.JBIPackageMojo</implementation>
      <language>java</language>
      <instantiationStrategy>per-lookup</instantiationStrategy>
      <executionStrategy>once-per-session</executionStrategy>
      <parameters>
        <parameter>
          <name>componentJar</name>
          <type>java.io.File</type>
          <required>true</required>
          <editable>true</editable>
          <description>Component Jar</description>
        </parameter>
        <parameter>
          <name>jbiDirectory</name>
          <type>java.io.File</type>
          <required>true</required>
          <editable>true</editable>
          <description>JBI conf directory</description>
        </parameter>
        <parameter>
          <name>jbiName</name>
          <type>java.lang.String</type>
          <required>true</required>
          <editable>true</editable>
          <description>JBI archive name (will be suffixed by .zip).</description>
        </parameter>
        <parameter>
          <name>localRepository</name>
          <type>org.apache.maven.artifact.repository.ArtifactRepository</type>
          <required>true</required>
          <editable>false</editable>
          <description>Local maven repository.</description>
        </parameter>
        <parameter>
          <name>outputDirectory</name>
          <type>java.io.File</type>
          <required>true</required>
          <editable>true</editable>
          <description>Output directory</description>
        </parameter>
        <parameter>
          <name>packaging</name>
          <type>java.lang.String</type>
          <required>true</required>
          <editable>false</editable>
          <description></description>
        </parameter>
        <parameter>
          <name>project</name>
          <type>org.apache.maven.project.MavenProject</type>
          <required>true</required>
          <editable>false</editable>
          <description>The Maven Project.</description>
        </parameter>
        <parameter>
          <name>serviceUnitFileNameMapping</name>
          <type>java.lang.String</type>
          <required>true</required>
          <editable>true</editable>
          <description>Sets the mapping pattern for all SU file name included in this service
assembly.</description>
        </parameter>
        <parameter>
          <name>toExcludes</name>
          <type>java.lang.String</type>
          <required>true</required>
          <editable>true</editable>
          <description>List of entry to exclude (comma separated values)</description>
        </parameter>
        <parameter>
          <name>updateJBIXml</name>
          <type>boolean</type>
          <required>true</required>
          <editable>true</editable>
          <description>Update JBI XML file</description>
        </parameter>
        <parameter>
          <name>verbose</name>
          <type>boolean</type>
          <required>true</required>
          <editable>true</editable>
          <description>Verbose</description>
        </parameter>
      </parameters>
      <configuration>
        <toExcludes implementation="java.lang.String">foo</toExcludes>
        <componentJar implementation="java.io.File">${project.build.directory}/${project.artifactId}-${project.version}.jar</componentJar>
        <outputDirectory implementation="java.io.File">${project.build.directory}</outputDirectory>
        <localRepository implementation="org.apache.maven.artifact.repository.ArtifactRepository">${localRepository}</localRepository>
        <updateJBIXml implementation="boolean">true</updateJBIXml>
        <verbose implementation="boolean">false</verbose>
        <project implementation="org.apache.maven.project.MavenProject">${project}</project>
        <jbiName implementation="java.lang.String">${project.artifactId}-${project.version}</jbiName>
        <serviceUnitFileNameMapping implementation="java.lang.String">$${artifactId}-$${version}.$${extension}</serviceUnitFileNameMapping>
        <packaging implementation="java.lang.String">${project.packaging}</packaging>
        <jbiDirectory implementation="java.io.File">${basedir}/src/main/jbi</jbiDirectory>
      </configuration>
      <requirements>
        <requirement>
          <role>org.apache.maven.artifact.resolver.ArtifactResolver</role>
          <field-name>artifactResolver</field-name>
        </requirement>
      </requirements>
    </mojo>
    <mojo>
      <goal>jbi-start</goal>
      <description>Start a JBI Artefact (Component / Service Assembly)</description>
      <requiresDirectInvocation>false</requiresDirectInvocation>
      <requiresProject>true</requiresProject>
      <requiresReports>false</requiresReports>
      <aggregator>false</aggregator>
      <requiresOnline>false</requiresOnline>
      <inheritedByDefault>true</inheritedByDefault>
      <implementation>org.objectweb.petals.plugin.jbiplugin.JBIStartMojo</implementation>
      <language>java</language>
      <instantiationStrategy>per-lookup</instantiationStrategy>
      <executionStrategy>once-per-session</executionStrategy>
      <parameters>
        <parameter>
          <name>force</name>
          <type>java.lang.Boolean</type>
          <required>false</required>
          <editable>true</editable>
          <description>Flag to force the goal processing, if needed.</description>
        </parameter>
        <parameter>
          <name>host</name>
          <type>java.lang.String</type>
          <required>true</required>
          <editable>true</editable>
          <description>Hostname of the Petals server</description>
        </parameter>
        <parameter>
          <name>jbiDirectory</name>
          <type>java.io.File</type>
          <required>true</required>
          <editable>true</editable>
          <description>JBI conf directory</description>
        </parameter>
        <parameter>
          <name>jbiName</name>
          <type>java.lang.String</type>
          <required>true</required>
          <editable>true</editable>
          <description>JBI archive name (will be suffixed by .zip).</description>
        </parameter>
        <parameter>
          <name>localRepository</name>
          <type>org.apache.maven.artifact.repository.ArtifactRepository</type>
          <required>true</required>
          <editable>false</editable>
          <description>Local maven repository.</description>
        </parameter>
        <parameter>
          <name>outputDirectory</name>
          <type>java.io.File</type>
          <required>true</required>
          <editable>true</editable>
          <description>Output directory</description>
        </parameter>
        <parameter>
          <name>packaging</name>
          <type>java.lang.String</type>
          <required>true</required>
          <editable>false</editable>
          <description></description>
        </parameter>
        <parameter>
          <name>password</name>
          <type>java.lang.String</type>
          <required>false</required>
          <editable>true</editable>
          <description>Password of the Petals JMX server username</description>
        </parameter>
        <parameter>
          <name>port</name>
          <type>java.lang.Integer</type>
          <required>true</required>
          <editable>true</editable>
          <description>JMX Port of the Petals server</description>
        </parameter>
        <parameter>
          <name>project</name>
          <type>org.apache.maven.project.MavenProject</type>
          <required>true</required>
          <editable>false</editable>
          <description>The Maven Project.</description>
        </parameter>
        <parameter>
          <name>username</name>
          <type>java.lang.String</type>
          <required>false</required>
          <editable>true</editable>
          <description>JMX username of the Petals server</description>
        </parameter>
        <parameter>
          <name>verbose</name>
          <type>boolean</type>
          <required>true</required>
          <editable>true</editable>
          <description>Verbose</description>
        </parameter>
      </parameters>
      <configuration>
        <outputDirectory implementation="java.io.File">${project.build.directory}</outputDirectory>
        <localRepository implementation="org.apache.maven.artifact.repository.ArtifactRepository">${localRepository}</localRepository>
        <host implementation="java.lang.String">localhost</host>
        <verbose implementation="boolean">false</verbose>
        <project implementation="org.apache.maven.project.MavenProject">${project}</project>
        <jbiName implementation="java.lang.String">${project.artifactId}-${project.version}</jbiName>
        <force implementation="java.lang.Boolean">false</force>
        <port implementation="java.lang.Integer">7700</port>
        <packaging implementation="java.lang.String">${project.packaging}</packaging>
        <jbiDirectory implementation="java.io.File">${basedir}/src/main/jbi</jbiDirectory>
      </configuration>
      <requirements>
        <requirement>
          <role>org.apache.maven.artifact.resolver.ArtifactResolver</role>
          <field-name>artifactResolver</field-name>
        </requirement>
      </requirements>
    </mojo>
    <mojo>
      <goal>jbi-stop</goal>
      <description>Stop a JBI Artefact (Component / Service Assembly)</description>
      <requiresDirectInvocation>false</requiresDirectInvocation>
      <requiresProject>true</requiresProject>
      <requiresReports>false</requiresReports>
      <aggregator>false</aggregator>
      <requiresOnline>false</requiresOnline>
      <inheritedByDefault>true</inheritedByDefault>
      <implementation>org.objectweb.petals.plugin.jbiplugin.JBIStopMojo</implementation>
      <language>java</language>
      <instantiationStrategy>per-lookup</instantiationStrategy>
      <executionStrategy>once-per-session</executionStrategy>
      <parameters>
        <parameter>
          <name>force</name>
          <type>java.lang.Boolean</type>
          <required>false</required>
          <editable>true</editable>
          <description>Flag to force the goal processing, if needed.</description>
        </parameter>
        <parameter>
          <name>host</name>
          <type>java.lang.String</type>
          <required>true</required>
          <editable>true</editable>
          <description>Hostname of the Petals server</description>
        </parameter>
        <parameter>
          <name>jbiDirectory</name>
          <type>java.io.File</type>
          <required>true</required>
          <editable>true</editable>
          <description>JBI conf directory</description>
        </parameter>
        <parameter>
          <name>jbiName</name>
          <type>java.lang.String</type>
          <required>true</required>
          <editable>true</editable>
          <description>JBI archive name (will be suffixed by .zip).</description>
        </parameter>
        <parameter>
          <name>localRepository</name>
          <type>org.apache.maven.artifact.repository.ArtifactRepository</type>
          <required>true</required>
          <editable>false</editable>
          <description>Local maven repository.</description>
        </parameter>
        <parameter>
          <name>outputDirectory</name>
          <type>java.io.File</type>
          <required>true</required>
          <editable>true</editable>
          <description>Output directory</description>
        </parameter>
        <parameter>
          <name>packaging</name>
          <type>java.lang.String</type>
          <required>true</required>
          <editable>false</editable>
          <description></description>
        </parameter>
        <parameter>
          <name>password</name>
          <type>java.lang.String</type>
          <required>false</required>
          <editable>true</editable>
          <description>Password of the Petals JMX server username</description>
        </parameter>
        <parameter>
          <name>port</name>
          <type>java.lang.Integer</type>
          <required>true</required>
          <editable>true</editable>
          <description>JMX Port of the Petals server</description>
        </parameter>
        <parameter>
          <name>project</name>
          <type>org.apache.maven.project.MavenProject</type>
          <required>true</required>
          <editable>false</editable>
          <description>The Maven Project.</description>
        </parameter>
        <parameter>
          <name>undeploySAs</name>
          <type>java.lang.Boolean</type>
          <required>false</required>
          <editable>true</editable>
          <description>Flag to force the service-assembly uninstallation when shutdowning a JBI
component.</description>
        </parameter>
        <parameter>
          <name>username</name>
          <type>java.lang.String</type>
          <required>false</required>
          <editable>true</editable>
          <description>JMX username of the Petals server</description>
        </parameter>
        <parameter>
          <name>verbose</name>
          <type>boolean</type>
          <required>true</required>
          <editable>true</editable>
          <description>Verbose</description>
        </parameter>
      </parameters>
      <configuration>
        <outputDirectory implementation="java.io.File">${project.build.directory}</outputDirectory>
        <localRepository implementation="org.apache.maven.artifact.repository.ArtifactRepository">${localRepository}</localRepository>
        <host implementation="java.lang.String">localhost</host>
        <verbose implementation="boolean">false</verbose>
        <project implementation="org.apache.maven.project.MavenProject">${project}</project>
        <jbiName implementation="java.lang.String">${project.artifactId}-${project.version}</jbiName>
        <force implementation="java.lang.Boolean">false</force>
        <undeploySAs implementation="java.lang.Boolean">false</undeploySAs>
        <port implementation="java.lang.Integer">7700</port>
        <packaging implementation="java.lang.String">${project.packaging}</packaging>
        <jbiDirectory implementation="java.io.File">${basedir}/src/main/jbi</jbiDirectory>
      </configuration>
      <requirements>
        <requirement>
          <role>org.apache.maven.artifact.resolver.ArtifactResolver</role>
          <field-name>artifactResolver</field-name>
        </requirement>
      </requirements>
    </mojo>
  </mojos>
  <dependencies/>
</plugin>