<plugin>
  <description>This project is Maven 2 plugin used to make a JBI archive of a JBI component project.</description>
  <groupId>org.objectweb.petals</groupId>
  <artifactId>maven-petals-plugin</artifactId>
  <version>1.0.1</version>
  <goalPrefix>petals</goalPrefix>
  <isolatedRealm>false</isolatedRealm>
  <inheritedByDefault>true</inheritedByDefault>
  <mojos>
    <mojo>
      <goal>jbi-uninstall-component</goal>
      <description>Uninstall a JBI Component Archive (SE or BC) previously shutdowned</description>
      <requiresDirectInvocation>false</requiresDirectInvocation>
      <requiresProject>true</requiresProject>
      <requiresReports>false</requiresReports>
      <aggregator>false</aggregator>
      <requiresOnline>false</requiresOnline>
      <inheritedByDefault>true</inheritedByDefault>
      <implementation>org.objectweb.petals.plugin.jbiplugin.UninstallComponentMojo</implementation>
      <language>java</language>
      <instantiationStrategy>per-lookup</instantiationStrategy>
      <executionStrategy>once-per-session</executionStrategy>
      <parameters>
        <parameter>
          <name>failOnError</name>
          <type>boolean</type>
          <required>true</required>
          <editable>true</editable>
          <description>Fail on error</description>
        </parameter>
        <parameter>
          <name>host</name>
          <type>java.lang.String</type>
          <required>true</required>
          <editable>true</editable>
          <description>Host jmx</description>
        </parameter>
        <parameter>
          <name>jbiDirectory</name>
          <type>java.io.File</type>
          <required>true</required>
          <editable>true</editable>
          <description>JBI conf directory</description>
        </parameter>
        <parameter>
          <name>jbiName</name>
          <type>java.lang.String</type>
          <required>true</required>
          <editable>true</editable>
          <description>JBI archive name (will be suffixed by .zip).</description>
        </parameter>
        <parameter>
          <name>localRepository</name>
          <type>org.apache.maven.artifact.repository.ArtifactRepository</type>
          <required>true</required>
          <editable>false</editable>
          <description>Local maven repository.</description>
        </parameter>
        <parameter>
          <name>outputDirectory</name>
          <type>java.io.File</type>
          <required>true</required>
          <editable>true</editable>
          <description>Output directory</description>
        </parameter>
        <parameter>
          <name>packaging</name>
          <type>java.lang.String</type>
          <required>true</required>
          <editable>false</editable>
          <description></description>
        </parameter>
        <parameter>
          <name>password</name>
          <type>java.lang.String</type>
          <required>false</required>
          <editable>true</editable>
          <description>Password for security</description>
        </parameter>
        <parameter>
          <name>port</name>
          <type>java.lang.String</type>
          <required>true</required>
          <editable>true</editable>
          <description>Port jmx</description>
        </parameter>
        <parameter>
          <name>project</name>
          <type>org.apache.maven.project.MavenProject</type>
          <required>true</required>
          <editable>false</editable>
          <description>The Maven Project.</description>
        </parameter>
        <parameter>
          <name>username</name>
          <type>java.lang.String</type>
          <required>false</required>
          <editable>true</editable>
          <description>User name for security</description>
        </parameter>
        <parameter>
          <name>verbose</name>
          <type>boolean</type>
          <required>true</required>
          <editable>true</editable>
          <description>Verbose</description>
        </parameter>
      </parameters>
      <configuration>
        <outputDirectory implementation="java.io.File">${project.build.directory}</outputDirectory>
        <localRepository implementation="org.apache.maven.artifact.repository.ArtifactRepository">${localRepository}</localRepository>
        <host implementation="java.lang.String">localhost</host>
        <verbose implementation="boolean">false</verbose>
        <project implementation="org.apache.maven.project.MavenProject">${project}</project>
        <jbiName implementation="java.lang.String">${project.artifactId}-${project.version}</jbiName>
        <failOnError implementation="boolean">true</failOnError>
        <port implementation="java.lang.String">8081</port>
        <packaging implementation="java.lang.String">${project.packaging}</packaging>
        <jbiDirectory implementation="java.io.File">${basedir}/src/main/jbi</jbiDirectory>
      </configuration>
      <requirements>
        <requirement>
          <role>org.apache.maven.artifact.resolver.ArtifactResolver</role>
          <field-name>artifactResolver</field-name>
        </requirement>
      </requirements>
    </mojo>
    <mojo>
      <goal>jbi-start-sa</goal>
      <description>Start a JBI Service Assembly Archive previously deployed</description>
      <requiresDirectInvocation>false</requiresDirectInvocation>
      <requiresProject>true</requiresProject>
      <requiresReports>false</requiresReports>
      <aggregator>false</aggregator>
      <requiresOnline>false</requiresOnline>
      <inheritedByDefault>true</inheritedByDefault>
      <implementation>org.objectweb.petals.plugin.jbiplugin.StartServiceAssemblyMojo</implementation>
      <language>java</language>
      <instantiationStrategy>per-lookup</instantiationStrategy>
      <executionStrategy>once-per-session</executionStrategy>
      <parameters>
        <parameter>
          <name>failOnError</name>
          <type>boolean</type>
          <required>true</required>
          <editable>true</editable>
          <description>Fail on error</description>
        </parameter>
        <parameter>
          <name>host</name>
          <type>java.lang.String</type>
          <required>true</required>
          <editable>true</editable>
          <description>Host jmx</description>
        </parameter>
        <parameter>
          <name>jbiDirectory</name>
          <type>java.io.File</type>
          <required>true</required>
          <editable>true</editable>
          <description>JBI conf directory</description>
        </parameter>
        <parameter>
          <name>jbiName</name>
          <type>java.lang.String</type>
          <required>true</required>
          <editable>true</editable>
          <description>JBI archive name (will be suffixed by .zip).</description>
        </parameter>
        <parameter>
          <name>localRepository</name>
          <type>org.apache.maven.artifact.repository.ArtifactRepository</type>
          <required>true</required>
          <editable>false</editable>
          <description>Local maven repository.</description>
        </parameter>
        <parameter>
          <name>outputDirectory</name>
          <type>java.io.File</type>
          <required>true</required>
          <editable>true</editable>
          <description>Output directory</description>
        </parameter>
        <parameter>
          <name>packaging</name>
          <type>java.lang.String</type>
          <required>true</required>
          <editable>false</editable>
          <description></description>
        </parameter>
        <parameter>
          <name>password</name>
          <type>java.lang.String</type>
          <required>false</required>
          <editable>true</editable>
          <description>Password for security</description>
        </parameter>
        <parameter>
          <name>port</name>
          <type>java.lang.String</type>
          <required>true</required>
          <editable>true</editable>
          <description>Port jmx</description>
        </parameter>
        <parameter>
          <name>project</name>
          <type>org.apache.maven.project.MavenProject</type>
          <required>true</required>
          <editable>false</editable>
          <description>The Maven Project.</description>
        </parameter>
        <parameter>
          <name>username</name>
          <type>java.lang.String</type>
          <required>false</required>
          <editable>true</editable>
          <description>User name for security</description>
        </parameter>
        <parameter>
          <name>verbose</name>
          <type>boolean</type>
          <required>true</required>
          <editable>true</editable>
          <description>Verbose</description>
        </parameter>
      </parameters>
      <configuration>
        <outputDirectory implementation="java.io.File">${project.build.directory}</outputDirectory>
        <localRepository implementation="org.apache.maven.artifact.repository.ArtifactRepository">${localRepository}</localRepository>
        <host implementation="java.lang.String">localhost</host>
        <verbose implementation="boolean">false</verbose>
        <project implementation="org.apache.maven.project.MavenProject">${project}</project>
        <jbiName implementation="java.lang.String">${project.artifactId}-${project.version}</jbiName>
        <failOnError implementation="boolean">true</failOnError>
        <port implementation="java.lang.String">8081</port>
        <packaging implementation="java.lang.String">${project.packaging}</packaging>
        <jbiDirectory implementation="java.io.File">${basedir}/src/main/jbi</jbiDirectory>
      </configuration>
      <requirements>
        <requirement>
          <role>org.apache.maven.artifact.resolver.ArtifactResolver</role>
          <field-name>artifactResolver</field-name>
        </requirement>
      </requirements>
    </mojo>
    <mojo>
      <goal>jbi-shutdown-component</goal>
      <description>Shutdown a JBI Component Archive (SE or BC) previously stopped</description>
      <requiresDirectInvocation>false</requiresDirectInvocation>
      <requiresProject>true</requiresProject>
      <requiresReports>false</requiresReports>
      <aggregator>false</aggregator>
      <requiresOnline>false</requiresOnline>
      <inheritedByDefault>true</inheritedByDefault>
      <implementation>org.objectweb.petals.plugin.jbiplugin.ShutdownComponentMojo</implementation>
      <language>java</language>
      <instantiationStrategy>per-lookup</instantiationStrategy>
      <executionStrategy>once-per-session</executionStrategy>
      <parameters>
        <parameter>
          <name>failOnError</name>
          <type>boolean</type>
          <required>true</required>
          <editable>true</editable>
          <description>Fail on error</description>
        </parameter>
        <parameter>
          <name>host</name>
          <type>java.lang.String</type>
          <required>true</required>
          <editable>true</editable>
          <description>Host jmx</description>
        </parameter>
        <parameter>
          <name>jbiDirectory</name>
          <type>java.io.File</type>
          <required>true</required>
          <editable>true</editable>
          <description>JBI conf directory</description>
        </parameter>
        <parameter>
          <name>jbiName</name>
          <type>java.lang.String</type>
          <required>true</required>
          <editable>true</editable>
          <description>JBI archive name (will be suffixed by .zip).</description>
        </parameter>
        <parameter>
          <name>localRepository</name>
          <type>org.apache.maven.artifact.repository.ArtifactRepository</type>
          <required>true</required>
          <editable>false</editable>
          <description>Local maven repository.</description>
        </parameter>
        <parameter>
          <name>outputDirectory</name>
          <type>java.io.File</type>
          <required>true</required>
          <editable>true</editable>
          <description>Output directory</description>
        </parameter>
        <parameter>
          <name>packaging</name>
          <type>java.lang.String</type>
          <required>true</required>
          <editable>false</editable>
          <description></description>
        </parameter>
        <parameter>
          <name>password</name>
          <type>java.lang.String</type>
          <required>false</required>
          <editable>true</editable>
          <description>Password for security</description>
        </parameter>
        <parameter>
          <name>port</name>
          <type>java.lang.String</type>
          <required>true</required>
          <editable>true</editable>
          <description>Port jmx</description>
        </parameter>
        <parameter>
          <name>project</name>
          <type>org.apache.maven.project.MavenProject</type>
          <required>true</required>
          <editable>false</editable>
          <description>The Maven Project.</description>
        </parameter>
        <parameter>
          <name>username</name>
          <type>java.lang.String</type>
          <required>false</required>
          <editable>true</editable>
          <description>User name for security</description>
        </parameter>
        <parameter>
          <name>verbose</name>
          <type>boolean</type>
          <required>true</required>
          <editable>true</editable>
          <description>Verbose</description>
        </parameter>
      </parameters>
      <configuration>
        <outputDirectory implementation="java.io.File">${project.build.directory}</outputDirectory>
        <localRepository implementation="org.apache.maven.artifact.repository.ArtifactRepository">${localRepository}</localRepository>
        <host implementation="java.lang.String">localhost</host>
        <verbose implementation="boolean">false</verbose>
        <project implementation="org.apache.maven.project.MavenProject">${project}</project>
        <jbiName implementation="java.lang.String">${project.artifactId}-${project.version}</jbiName>
        <failOnError implementation="boolean">true</failOnError>
        <port implementation="java.lang.String">8081</port>
        <packaging implementation="java.lang.String">${project.packaging}</packaging>
        <jbiDirectory implementation="java.io.File">${basedir}/src/main/jbi</jbiDirectory>
      </configuration>
      <requirements>
        <requirement>
          <role>org.apache.maven.artifact.resolver.ArtifactResolver</role>
          <field-name>artifactResolver</field-name>
        </requirement>
      </requirements>
    </mojo>
    <mojo>
      <goal>jbi-load-component</goal>
      <description>Load a JBI Component Archive (SE or BC)</description>
      <requiresDirectInvocation>false</requiresDirectInvocation>
      <requiresProject>true</requiresProject>
      <requiresReports>false</requiresReports>
      <aggregator>false</aggregator>
      <requiresOnline>false</requiresOnline>
      <inheritedByDefault>true</inheritedByDefault>
      <implementation>org.objectweb.petals.plugin.jbiplugin.LoadComponentMojo</implementation>
      <language>java</language>
      <instantiationStrategy>per-lookup</instantiationStrategy>
      <executionStrategy>once-per-session</executionStrategy>
      <parameters>
        <parameter>
          <name>failOnError</name>
          <type>boolean</type>
          <required>true</required>
          <editable>true</editable>
          <description>Fail on error</description>
        </parameter>
        <parameter>
          <name>host</name>
          <type>java.lang.String</type>
          <required>true</required>
          <editable>true</editable>
          <description>Host jmx</description>
        </parameter>
        <parameter>
          <name>jbiDirectory</name>
          <type>java.io.File</type>
          <required>true</required>
          <editable>true</editable>
          <description>JBI conf directory</description>
        </parameter>
        <parameter>
          <name>jbiName</name>
          <type>java.lang.String</type>
          <required>true</required>
          <editable>true</editable>
          <description>JBI archive name (will be suffixed by .zip).</description>
        </parameter>
        <parameter>
          <name>localRepository</name>
          <type>org.apache.maven.artifact.repository.ArtifactRepository</type>
          <required>true</required>
          <editable>false</editable>
          <description>Local maven repository.</description>
        </parameter>
        <parameter>
          <name>outputDirectory</name>
          <type>java.io.File</type>
          <required>true</required>
          <editable>true</editable>
          <description>Output directory</description>
        </parameter>
        <parameter>
          <name>packaging</name>
          <type>java.lang.String</type>
          <required>true</required>
          <editable>false</editable>
          <description></description>
        </parameter>
        <parameter>
          <name>password</name>
          <type>java.lang.String</type>
          <required>false</required>
          <editable>true</editable>
          <description>Password for security</description>
        </parameter>
        <parameter>
          <name>port</name>
          <type>java.lang.String</type>
          <required>true</required>
          <editable>true</editable>
          <description>Port jmx</description>
        </parameter>
        <parameter>
          <name>project</name>
          <type>org.apache.maven.project.MavenProject</type>
          <required>true</required>
          <editable>false</editable>
          <description>The Maven Project.</description>
        </parameter>
        <parameter>
          <name>username</name>
          <type>java.lang.String</type>
          <required>false</required>
          <editable>true</editable>
          <description>User name for security</description>
        </parameter>
        <parameter>
          <name>verbose</name>
          <type>boolean</type>
          <required>true</required>
          <editable>true</editable>
          <description>Verbose</description>
        </parameter>
      </parameters>
      <configuration>
        <outputDirectory implementation="java.io.File">${project.build.directory}</outputDirectory>
        <localRepository implementation="org.apache.maven.artifact.repository.ArtifactRepository">${localRepository}</localRepository>
        <host implementation="java.lang.String">localhost</host>
        <verbose implementation="boolean">false</verbose>
        <project implementation="org.apache.maven.project.MavenProject">${project}</project>
        <jbiName implementation="java.lang.String">${project.artifactId}-${project.version}</jbiName>
        <failOnError implementation="boolean">true</failOnError>
        <port implementation="java.lang.String">8081</port>
        <packaging implementation="java.lang.String">${project.packaging}</packaging>
        <jbiDirectory implementation="java.io.File">${basedir}/src/main/jbi</jbiDirectory>
      </configuration>
      <requirements>
        <requirement>
          <role>org.apache.maven.artifact.resolver.ArtifactResolver</role>
          <field-name>artifactResolver</field-name>
        </requirement>
      </requirements>
    </mojo>
    <mojo>
      <goal>jbi-start-component</goal>
      <description>Start a JBI Component Archive (SE or BC) previously installed</description>
      <requiresDirectInvocation>false</requiresDirectInvocation>
      <requiresProject>true</requiresProject>
      <requiresReports>false</requiresReports>
      <aggregator>false</aggregator>
      <requiresOnline>false</requiresOnline>
      <inheritedByDefault>true</inheritedByDefault>
      <implementation>org.objectweb.petals.plugin.jbiplugin.StartComponentMojo</implementation>
      <language>java</language>
      <instantiationStrategy>per-lookup</instantiationStrategy>
      <executionStrategy>once-per-session</executionStrategy>
      <parameters>
        <parameter>
          <name>failOnError</name>
          <type>boolean</type>
          <required>true</required>
          <editable>true</editable>
          <description>Fail on error</description>
        </parameter>
        <parameter>
          <name>host</name>
          <type>java.lang.String</type>
          <required>true</required>
          <editable>true</editable>
          <description>Host jmx</description>
        </parameter>
        <parameter>
          <name>jbiDirectory</name>
          <type>java.io.File</type>
          <required>true</required>
          <editable>true</editable>
          <description>JBI conf directory</description>
        </parameter>
        <parameter>
          <name>jbiName</name>
          <type>java.lang.String</type>
          <required>true</required>
          <editable>true</editable>
          <description>JBI archive name (will be suffixed by .zip).</description>
        </parameter>
        <parameter>
          <name>localRepository</name>
          <type>org.apache.maven.artifact.repository.ArtifactRepository</type>
          <required>true</required>
          <editable>false</editable>
          <description>Local maven repository.</description>
        </parameter>
        <parameter>
          <name>outputDirectory</name>
          <type>java.io.File</type>
          <required>true</required>
          <editable>true</editable>
          <description>Output directory</description>
        </parameter>
        <parameter>
          <name>packaging</name>
          <type>java.lang.String</type>
          <required>true</required>
          <editable>false</editable>
          <description></description>
        </parameter>
        <parameter>
          <name>password</name>
          <type>java.lang.String</type>
          <required>false</required>
          <editable>true</editable>
          <description>Password for security</description>
        </parameter>
        <parameter>
          <name>port</name>
          <type>java.lang.String</type>
          <required>true</required>
          <editable>true</editable>
          <description>Port jmx</description>
        </parameter>
        <parameter>
          <name>project</name>
          <type>org.apache.maven.project.MavenProject</type>
          <required>true</required>
          <editable>false</editable>
          <description>The Maven Project.</description>
        </parameter>
        <parameter>
          <name>username</name>
          <type>java.lang.String</type>
          <required>false</required>
          <editable>true</editable>
          <description>User name for security</description>
        </parameter>
        <parameter>
          <name>verbose</name>
          <type>boolean</type>
          <required>true</required>
          <editable>true</editable>
          <description>Verbose</description>
        </parameter>
      </parameters>
      <configuration>
        <outputDirectory implementation="java.io.File">${project.build.directory}</outputDirectory>
        <localRepository implementation="org.apache.maven.artifact.repository.ArtifactRepository">${localRepository}</localRepository>
        <host implementation="java.lang.String">localhost</host>
        <verbose implementation="boolean">false</verbose>
        <project implementation="org.apache.maven.project.MavenProject">${project}</project>
        <jbiName implementation="java.lang.String">${project.artifactId}-${project.version}</jbiName>
        <failOnError implementation="boolean">true</failOnError>
        <port implementation="java.lang.String">8081</port>
        <packaging implementation="java.lang.String">${project.packaging}</packaging>
        <jbiDirectory implementation="java.io.File">${basedir}/src/main/jbi</jbiDirectory>
      </configuration>
      <requirements>
        <requirement>
          <role>org.apache.maven.artifact.resolver.ArtifactResolver</role>
          <field-name>artifactResolver</field-name>
        </requirement>
      </requirements>
    </mojo>
    <mojo>
      <goal>jbi-stop-component</goal>
      <description>Stop a JBI Component Archive (SE or BC) previously started</description>
      <requiresDirectInvocation>false</requiresDirectInvocation>
      <requiresProject>true</requiresProject>
      <requiresReports>false</requiresReports>
      <aggregator>false</aggregator>
      <requiresOnline>false</requiresOnline>
      <inheritedByDefault>true</inheritedByDefault>
      <implementation>org.objectweb.petals.plugin.jbiplugin.StopComponentMojo</implementation>
      <language>java</language>
      <instantiationStrategy>per-lookup</instantiationStrategy>
      <executionStrategy>once-per-session</executionStrategy>
      <parameters>
        <parameter>
          <name>failOnError</name>
          <type>boolean</type>
          <required>true</required>
          <editable>true</editable>
          <description>Fail on error</description>
        </parameter>
        <parameter>
          <name>host</name>
          <type>java.lang.String</type>
          <required>true</required>
          <editable>true</editable>
          <description>Host jmx</description>
        </parameter>
        <parameter>
          <name>jbiDirectory</name>
          <type>java.io.File</type>
          <required>true</required>
          <editable>true</editable>
          <description>JBI conf directory</description>
        </parameter>
        <parameter>
          <name>jbiName</name>
          <type>java.lang.String</type>
          <required>true</required>
          <editable>true</editable>
          <description>JBI archive name (will be suffixed by .zip).</description>
        </parameter>
        <parameter>
          <name>localRepository</name>
          <type>org.apache.maven.artifact.repository.ArtifactRepository</type>
          <required>true</required>
          <editable>false</editable>
          <description>Local maven repository.</description>
        </parameter>
        <parameter>
          <name>outputDirectory</name>
          <type>java.io.File</type>
          <required>true</required>
          <editable>true</editable>
          <description>Output directory</description>
        </parameter>
        <parameter>
          <name>packaging</name>
          <type>java.lang.String</type>
          <required>true</required>
          <editable>false</editable>
          <description></description>
        </parameter>
        <parameter>
          <name>password</name>
          <type>java.lang.String</type>
          <required>false</required>
          <editable>true</editable>
          <description>Password for security</description>
        </parameter>
        <parameter>
          <name>port</name>
          <type>java.lang.String</type>
          <required>true</required>
          <editable>true</editable>
          <description>Port jmx</description>
        </parameter>
        <parameter>
          <name>project</name>
          <type>org.apache.maven.project.MavenProject</type>
          <required>true</required>
          <editable>false</editable>
          <description>The Maven Project.</description>
        </parameter>
        <parameter>
          <name>username</name>
          <type>java.lang.String</type>
          <required>false</required>
          <editable>true</editable>
          <description>User name for security</description>
        </parameter>
        <parameter>
          <name>verbose</name>
          <type>boolean</type>
          <required>true</required>
          <editable>true</editable>
          <description>Verbose</description>
        </parameter>
      </parameters>
      <configuration>
        <outputDirectory implementation="java.io.File">${project.build.directory}</outputDirectory>
        <localRepository implementation="org.apache.maven.artifact.repository.ArtifactRepository">${localRepository}</localRepository>
        <host implementation="java.lang.String">localhost</host>
        <verbose implementation="boolean">false</verbose>
        <project implementation="org.apache.maven.project.MavenProject">${project}</project>
        <jbiName implementation="java.lang.String">${project.artifactId}-${project.version}</jbiName>
        <failOnError implementation="boolean">true</failOnError>
        <port implementation="java.lang.String">8081</port>
        <packaging implementation="java.lang.String">${project.packaging}</packaging>
        <jbiDirectory implementation="java.io.File">${basedir}/src/main/jbi</jbiDirectory>
      </configuration>
      <requirements>
        <requirement>
          <role>org.apache.maven.artifact.resolver.ArtifactResolver</role>
          <field-name>artifactResolver</field-name>
        </requirement>
      </requirements>
    </mojo>
    <mojo>
      <goal>jbi-install</goal>
      <description>Install a JBI Archive</description>
      <requiresDirectInvocation>false</requiresDirectInvocation>
      <requiresProject>true</requiresProject>
      <requiresReports>false</requiresReports>
      <aggregator>false</aggregator>
      <requiresOnline>false</requiresOnline>
      <inheritedByDefault>true</inheritedByDefault>
      <implementation>org.objectweb.petals.plugin.jbiplugin.JBIInstallMojo</implementation>
      <language>java</language>
      <instantiationStrategy>per-lookup</instantiationStrategy>
      <executionStrategy>once-per-session</executionStrategy>
      <parameters>
        <parameter>
          <name>force</name>
          <type>java.lang.Boolean</type>
          <required>false</required>
          <editable>true</editable>
          <description>Flag to force the uninstallation, if needed.</description>
        </parameter>
        <parameter>
          <name>host</name>
          <type>java.lang.String</type>
          <required>true</required>
          <editable>true</editable>
          <description>Hostname of the Petals server</description>
        </parameter>
        <parameter>
          <name>jbiDirectory</name>
          <type>java.io.File</type>
          <required>true</required>
          <editable>true</editable>
          <description>JBI conf directory</description>
        </parameter>
        <parameter>
          <name>jbiName</name>
          <type>java.lang.String</type>
          <required>true</required>
          <editable>true</editable>
          <description>JBI archive name (will be suffixed by .zip).</description>
        </parameter>
        <parameter>
          <name>localRepository</name>
          <type>org.apache.maven.artifact.repository.ArtifactRepository</type>
          <required>true</required>
          <editable>false</editable>
          <description>Local maven repository.</description>
        </parameter>
        <parameter>
          <name>outputDirectory</name>
          <type>java.io.File</type>
          <required>true</required>
          <editable>true</editable>
          <description>Output directory</description>
        </parameter>
        <parameter>
          <name>packaging</name>
          <type>java.lang.String</type>
          <required>true</required>
          <editable>false</editable>
          <description></description>
        </parameter>
        <parameter>
          <name>password</name>
          <type>java.lang.String</type>
          <required>false</required>
          <editable>true</editable>
          <description>Password of the Petals JMX server username</description>
        </parameter>
        <parameter>
          <name>port</name>
          <type>java.lang.Integer</type>
          <required>true</required>
          <editable>true</editable>
          <description>JMX Port of the Petals server</description>
        </parameter>
        <parameter>
          <name>project</name>
          <type>org.apache.maven.project.MavenProject</type>
          <required>true</required>
          <editable>false</editable>
          <description>The Maven Project.</description>
        </parameter>
        <parameter>
          <name>startMissingComponents</name>
          <type>java.lang.Boolean</type>
          <required>false</required>
          <editable>true</editable>
          <description>When installing a service assembly, if some component are missing or not
started, they can be installed from Maven repositories and/or started if
this flag value is &lt;code&gt;true&lt;/code&gt;. This paramter is mainly used to
install ans start the components that are not in the Maven reactor. A
component inside the Maven reactor will be installed/started before its
service assemblies by the ordering of Maven dependency mechanism.</description>
        </parameter>
        <parameter>
          <name>username</name>
          <type>java.lang.String</type>
          <required>false</required>
          <editable>true</editable>
          <description>JMX username of the Petals server</description>
        </parameter>
        <parameter>
          <name>verbose</name>
          <type>boolean</type>
          <required>true</required>
          <editable>true</editable>
          <description>Verbose</description>
        </parameter>
      </parameters>
      <configuration>
        <outputDirectory implementation="java.io.File">${project.build.directory}</outputDirectory>
        <localRepository implementation="org.apache.maven.artifact.repository.ArtifactRepository">${localRepository}</localRepository>
        <host implementation="java.lang.String">localhost</host>
        <verbose implementation="boolean">false</verbose>
        <project implementation="org.apache.maven.project.MavenProject">${project}</project>
        <jbiName implementation="java.lang.String">${project.artifactId}-${project.version}</jbiName>
        <startMissingComponents implementation="java.lang.Boolean">false</startMissingComponents>
        <force implementation="java.lang.Boolean">false</force>
        <port implementation="java.lang.Integer">7700</port>
        <packaging implementation="java.lang.String">${project.packaging}</packaging>
        <jbiDirectory implementation="java.io.File">${basedir}/src/main/jbi</jbiDirectory>
      </configuration>
      <requirements>
        <requirement>
          <role>org.apache.maven.artifact.resolver.ArtifactResolver</role>
          <field-name>artifactResolver</field-name>
        </requirement>
      </requirements>
    </mojo>
    <mojo>
      <goal>jbi-unload-component</goal>
      <description>Load a JBI Component Archive (SE or BC)</description>
      <requiresDirectInvocation>false</requiresDirectInvocation>
      <requiresProject>true</requiresProject>
      <requiresReports>false</requiresReports>
      <aggregator>false</aggregator>
      <requiresOnline>false</requiresOnline>
      <inheritedByDefault>true</inheritedByDefault>
      <implementation>org.objectweb.petals.plugin.jbiplugin.UnloadComponentMojo</implementation>
      <language>java</language>
      <instantiationStrategy>per-lookup</instantiationStrategy>
      <executionStrategy>once-per-session</executionStrategy>
      <parameters>
        <parameter>
          <name>failOnError</name>
          <type>boolean</type>
          <required>true</required>
          <editable>true</editable>
          <description>Fail on error</description>
        </parameter>
        <parameter>
          <name>host</name>
          <type>java.lang.String</type>
          <required>true</required>
          <editable>true</editable>
          <description>Host jmx</description>
        </parameter>
        <parameter>
          <name>jbiDirectory</name>
          <type>java.io.File</type>
          <required>true</required>
          <editable>true</editable>
          <description>JBI conf directory</description>
        </parameter>
        <parameter>
          <name>jbiName</name>
          <type>java.lang.String</type>
          <required>true</required>
          <editable>true</editable>
          <description>JBI archive name (will be suffixed by .zip).</description>
        </parameter>
        <parameter>
          <name>localRepository</name>
          <type>org.apache.maven.artifact.repository.ArtifactRepository</type>
          <required>true</required>
          <editable>false</editable>
          <description>Local maven repository.</description>
        </parameter>
        <parameter>
          <name>outputDirectory</name>
          <type>java.io.File</type>
          <required>true</required>
          <editable>true</editable>
          <description>Output directory</description>
        </parameter>
        <parameter>
          <name>packaging</name>
          <type>java.lang.String</type>
          <required>true</required>
          <editable>false</editable>
          <description></description>
        </parameter>
        <parameter>
          <name>password</name>
          <type>java.lang.String</type>
          <required>false</required>
          <editable>true</editable>
          <description>Password for security</description>
        </parameter>
        <parameter>
          <name>port</name>
          <type>java.lang.String</type>
          <required>true</required>
          <editable>true</editable>
          <description>Port jmx</description>
        </parameter>
        <parameter>
          <name>project</name>
          <type>org.apache.maven.project.MavenProject</type>
          <required>true</required>
          <editable>false</editable>
          <description>The Maven Project.</description>
        </parameter>
        <parameter>
          <name>username</name>
          <type>java.lang.String</type>
          <required>false</required>
          <editable>true</editable>
          <description>User name for security</description>
        </parameter>
        <parameter>
          <name>verbose</name>
          <type>boolean</type>
          <required>true</required>
          <editable>true</editable>
          <description>Verbose</description>
        </parameter>
      </parameters>
      <configuration>
        <outputDirectory implementation="java.io.File">${project.build.directory}</outputDirectory>
        <localRepository implementation="org.apache.maven.artifact.repository.ArtifactRepository">${localRepository}</localRepository>
        <host implementation="java.lang.String">localhost</host>
        <verbose implementation="boolean">false</verbose>
        <project implementation="org.apache.maven.project.MavenProject">${project}</project>
        <jbiName implementation="java.lang.String">${project.artifactId}-${project.version}</jbiName>
        <failOnError implementation="boolean">true</failOnError>
        <port implementation="java.lang.String">8081</port>
        <packaging implementation="java.lang.String">${project.packaging}</packaging>
        <jbiDirectory implementation="java.io.File">${basedir}/src/main/jbi</jbiDirectory>
      </configuration>
      <requirements>
        <requirement>
          <role>org.apache.maven.artifact.resolver.ArtifactResolver</role>
          <field-name>artifactResolver</field-name>
        </requirement>
      </requirements>
    </mojo>
    <mojo>
      <goal>jbi-start</goal>
      <description>Start a JBI Artefact (Component / Service Assembly)</description>
      <requiresDirectInvocation>false</requiresDirectInvocation>
      <requiresProject>true</requiresProject>
      <requiresReports>false</requiresReports>
      <aggregator>false</aggregator>
      <requiresOnline>false</requiresOnline>
      <inheritedByDefault>true</inheritedByDefault>
      <implementation>org.objectweb.petals.plugin.jbiplugin.JBIStartMojo</implementation>
      <language>java</language>
      <instantiationStrategy>per-lookup</instantiationStrategy>
      <executionStrategy>once-per-session</executionStrategy>
      <parameters>
        <parameter>
          <name>host</name>
          <type>java.lang.String</type>
          <required>true</required>
          <editable>true</editable>
          <description>Hostname of the Petals server</description>
        </parameter>
        <parameter>
          <name>jbiDirectory</name>
          <type>java.io.File</type>
          <required>true</required>
          <editable>true</editable>
          <description>JBI conf directory</description>
        </parameter>
        <parameter>
          <name>jbiName</name>
          <type>java.lang.String</type>
          <required>true</required>
          <editable>true</editable>
          <description>JBI archive name (will be suffixed by .zip).</description>
        </parameter>
        <parameter>
          <name>localRepository</name>
          <type>org.apache.maven.artifact.repository.ArtifactRepository</type>
          <required>true</required>
          <editable>false</editable>
          <description>Local maven repository.</description>
        </parameter>
        <parameter>
          <name>outputDirectory</name>
          <type>java.io.File</type>
          <required>true</required>
          <editable>true</editable>
          <description>Output directory</description>
        </parameter>
        <parameter>
          <name>packaging</name>
          <type>java.lang.String</type>
          <required>true</required>
          <editable>false</editable>
          <description></description>
        </parameter>
        <parameter>
          <name>password</name>
          <type>java.lang.String</type>
          <required>false</required>
          <editable>true</editable>
          <description>Password of the Petals JMX server username</description>
        </parameter>
        <parameter>
          <name>port</name>
          <type>java.lang.Integer</type>
          <required>true</required>
          <editable>true</editable>
          <description>JMX Port of the Petals server</description>
        </parameter>
        <parameter>
          <name>project</name>
          <type>org.apache.maven.project.MavenProject</type>
          <required>true</required>
          <editable>false</editable>
          <description>The Maven Project.</description>
        </parameter>
        <parameter>
          <name>username</name>
          <type>java.lang.String</type>
          <required>false</required>
          <editable>true</editable>
          <description>JMX username of the Petals server</description>
        </parameter>
        <parameter>
          <name>verbose</name>
          <type>boolean</type>
          <required>true</required>
          <editable>true</editable>
          <description>Verbose</description>
        </parameter>
      </parameters>
      <configuration>
        <outputDirectory implementation="java.io.File">${project.build.directory}</outputDirectory>
        <localRepository implementation="org.apache.maven.artifact.repository.ArtifactRepository">${localRepository}</localRepository>
        <host implementation="java.lang.String">localhost</host>
        <verbose implementation="boolean">false</verbose>
        <project implementation="org.apache.maven.project.MavenProject">${project}</project>
        <jbiName implementation="java.lang.String">${project.artifactId}-${project.version}</jbiName>
        <port implementation="java.lang.Integer">7700</port>
        <packaging implementation="java.lang.String">${project.packaging}</packaging>
        <jbiDirectory implementation="java.io.File">${basedir}/src/main/jbi</jbiDirectory>
      </configuration>
      <requirements>
        <requirement>
          <role>org.apache.maven.artifact.resolver.ArtifactResolver</role>
          <field-name>artifactResolver</field-name>
        </requirement>
      </requirements>
    </mojo>
    <mojo>
      <goal>jbi-shutdown-sa</goal>
      <description>Stop a JBI Service Assembly Archive previously started</description>
      <requiresDirectInvocation>false</requiresDirectInvocation>
      <requiresProject>true</requiresProject>
      <requiresReports>false</requiresReports>
      <aggregator>false</aggregator>
      <requiresOnline>false</requiresOnline>
      <inheritedByDefault>true</inheritedByDefault>
      <implementation>org.objectweb.petals.plugin.jbiplugin.ShutdownServiceAssemblyMojo</implementation>
      <language>java</language>
      <instantiationStrategy>per-lookup</instantiationStrategy>
      <executionStrategy>once-per-session</executionStrategy>
      <parameters>
        <parameter>
          <name>failOnError</name>
          <type>boolean</type>
          <required>true</required>
          <editable>true</editable>
          <description>Fail on error</description>
        </parameter>
        <parameter>
          <name>host</name>
          <type>java.lang.String</type>
          <required>true</required>
          <editable>true</editable>
          <description>Host jmx</description>
        </parameter>
        <parameter>
          <name>jbiDirectory</name>
          <type>java.io.File</type>
          <required>true</required>
          <editable>true</editable>
          <description>JBI conf directory</description>
        </parameter>
        <parameter>
          <name>jbiName</name>
          <type>java.lang.String</type>
          <required>true</required>
          <editable>true</editable>
          <description>JBI archive name (will be suffixed by .zip).</description>
        </parameter>
        <parameter>
          <name>localRepository</name>
          <type>org.apache.maven.artifact.repository.ArtifactRepository</type>
          <required>true</required>
          <editable>false</editable>
          <description>Local maven repository.</description>
        </parameter>
        <parameter>
          <name>outputDirectory</name>
          <type>java.io.File</type>
          <required>true</required>
          <editable>true</editable>
          <description>Output directory</description>
        </parameter>
        <parameter>
          <name>packaging</name>
          <type>java.lang.String</type>
          <required>true</required>
          <editable>false</editable>
          <description></description>
        </parameter>
        <parameter>
          <name>password</name>
          <type>java.lang.String</type>
          <required>false</required>
          <editable>true</editable>
          <description>Password for security</description>
        </parameter>
        <parameter>
          <name>port</name>
          <type>java.lang.String</type>
          <required>true</required>
          <editable>true</editable>
          <description>Port jmx</description>
        </parameter>
        <parameter>
          <name>project</name>
          <type>org.apache.maven.project.MavenProject</type>
          <required>true</required>
          <editable>false</editable>
          <description>The Maven Project.</description>
        </parameter>
        <parameter>
          <name>username</name>
          <type>java.lang.String</type>
          <required>false</required>
          <editable>true</editable>
          <description>User name for security</description>
        </parameter>
        <parameter>
          <name>verbose</name>
          <type>boolean</type>
          <required>true</required>
          <editable>true</editable>
          <description>Verbose</description>
        </parameter>
      </parameters>
      <configuration>
        <outputDirectory implementation="java.io.File">${project.build.directory}</outputDirectory>
        <localRepository implementation="org.apache.maven.artifact.repository.ArtifactRepository">${localRepository}</localRepository>
        <host implementation="java.lang.String">localhost</host>
        <verbose implementation="boolean">false</verbose>
        <project implementation="org.apache.maven.project.MavenProject">${project}</project>
        <jbiName implementation="java.lang.String">${project.artifactId}-${project.version}</jbiName>
        <failOnError implementation="boolean">true</failOnError>
        <port implementation="java.lang.String">8081</port>
        <packaging implementation="java.lang.String">${project.packaging}</packaging>
        <jbiDirectory implementation="java.io.File">${basedir}/src/main/jbi</jbiDirectory>
      </configuration>
      <requirements>
        <requirement>
          <role>org.apache.maven.artifact.resolver.ArtifactResolver</role>
          <field-name>artifactResolver</field-name>
        </requirement>
      </requirements>
    </mojo>
    <mojo>
      <goal>jbi-undeploy-sa</goal>
      <description>Undeploy a JBI Service Assembly Archive previoulsy shutdowned</description>
      <requiresDirectInvocation>false</requiresDirectInvocation>
      <requiresProject>true</requiresProject>
      <requiresReports>false</requiresReports>
      <aggregator>false</aggregator>
      <requiresOnline>false</requiresOnline>
      <inheritedByDefault>true</inheritedByDefault>
      <implementation>org.objectweb.petals.plugin.jbiplugin.UndeployServiceAssemblyMojo</implementation>
      <language>java</language>
      <instantiationStrategy>per-lookup</instantiationStrategy>
      <executionStrategy>once-per-session</executionStrategy>
      <parameters>
        <parameter>
          <name>failOnError</name>
          <type>boolean</type>
          <required>true</required>
          <editable>true</editable>
          <description>Fail on error</description>
        </parameter>
        <parameter>
          <name>host</name>
          <type>java.lang.String</type>
          <required>true</required>
          <editable>true</editable>
          <description>Host jmx</description>
        </parameter>
        <parameter>
          <name>jbiDirectory</name>
          <type>java.io.File</type>
          <required>true</required>
          <editable>true</editable>
          <description>JBI conf directory</description>
        </parameter>
        <parameter>
          <name>jbiName</name>
          <type>java.lang.String</type>
          <required>true</required>
          <editable>true</editable>
          <description>JBI archive name (will be suffixed by .zip).</description>
        </parameter>
        <parameter>
          <name>localRepository</name>
          <type>org.apache.maven.artifact.repository.ArtifactRepository</type>
          <required>true</required>
          <editable>false</editable>
          <description>Local maven repository.</description>
        </parameter>
        <parameter>
          <name>outputDirectory</name>
          <type>java.io.File</type>
          <required>true</required>
          <editable>true</editable>
          <description>Output directory</description>
        </parameter>
        <parameter>
          <name>packaging</name>
          <type>java.lang.String</type>
          <required>true</required>
          <editable>false</editable>
          <description></description>
        </parameter>
        <parameter>
          <name>password</name>
          <type>java.lang.String</type>
          <required>false</required>
          <editable>true</editable>
          <description>Password for security</description>
        </parameter>
        <parameter>
          <name>port</name>
          <type>java.lang.String</type>
          <required>true</required>
          <editable>true</editable>
          <description>Port jmx</description>
        </parameter>
        <parameter>
          <name>project</name>
          <type>org.apache.maven.project.MavenProject</type>
          <required>true</required>
          <editable>false</editable>
          <description>The Maven Project.</description>
        </parameter>
        <parameter>
          <name>username</name>
          <type>java.lang.String</type>
          <required>false</required>
          <editable>true</editable>
          <description>User name for security</description>
        </parameter>
        <parameter>
          <name>verbose</name>
          <type>boolean</type>
          <required>true</required>
          <editable>true</editable>
          <description>Verbose</description>
        </parameter>
      </parameters>
      <configuration>
        <outputDirectory implementation="java.io.File">${project.build.directory}</outputDirectory>
        <localRepository implementation="org.apache.maven.artifact.repository.ArtifactRepository">${localRepository}</localRepository>
        <host implementation="java.lang.String">localhost</host>
        <verbose implementation="boolean">false</verbose>
        <project implementation="org.apache.maven.project.MavenProject">${project}</project>
        <jbiName implementation="java.lang.String">${project.artifactId}-${project.version}</jbiName>
        <failOnError implementation="boolean">true</failOnError>
        <port implementation="java.lang.String">8081</port>
        <packaging implementation="java.lang.String">${project.packaging}</packaging>
        <jbiDirectory implementation="java.io.File">${basedir}/src/main/jbi</jbiDirectory>
      </configuration>
      <requirements>
        <requirement>
          <role>org.apache.maven.artifact.resolver.ArtifactResolver</role>
          <field-name>artifactResolver</field-name>
        </requirement>
      </requirements>
    </mojo>
    <mojo>
      <goal>jbi-stop-sa</goal>
      <description>Shutdown a JBI Service Assembly Archive previously stopped</description>
      <requiresDirectInvocation>false</requiresDirectInvocation>
      <requiresProject>true</requiresProject>
      <requiresReports>false</requiresReports>
      <aggregator>false</aggregator>
      <requiresOnline>false</requiresOnline>
      <inheritedByDefault>true</inheritedByDefault>
      <implementation>org.objectweb.petals.plugin.jbiplugin.StopServiceAssemblyMojo</implementation>
      <language>java</language>
      <instantiationStrategy>per-lookup</instantiationStrategy>
      <executionStrategy>once-per-session</executionStrategy>
      <parameters>
        <parameter>
          <name>failOnError</name>
          <type>boolean</type>
          <required>true</required>
          <editable>true</editable>
          <description>Fail on error</description>
        </parameter>
        <parameter>
          <name>host</name>
          <type>java.lang.String</type>
          <required>true</required>
          <editable>true</editable>
          <description>Host jmx</description>
        </parameter>
        <parameter>
          <name>jbiDirectory</name>
          <type>java.io.File</type>
          <required>true</required>
          <editable>true</editable>
          <description>JBI conf directory</description>
        </parameter>
        <parameter>
          <name>jbiName</name>
          <type>java.lang.String</type>
          <required>true</required>
          <editable>true</editable>
          <description>JBI archive name (will be suffixed by .zip).</description>
        </parameter>
        <parameter>
          <name>localRepository</name>
          <type>org.apache.maven.artifact.repository.ArtifactRepository</type>
          <required>true</required>
          <editable>false</editable>
          <description>Local maven repository.</description>
        </parameter>
        <parameter>
          <name>outputDirectory</name>
          <type>java.io.File</type>
          <required>true</required>
          <editable>true</editable>
          <description>Output directory</description>
        </parameter>
        <parameter>
          <name>packaging</name>
          <type>java.lang.String</type>
          <required>true</required>
          <editable>false</editable>
          <description></description>
        </parameter>
        <parameter>
          <name>password</name>
          <type>java.lang.String</type>
          <required>false</required>
          <editable>true</editable>
          <description>Password for security</description>
        </parameter>
        <parameter>
          <name>port</name>
          <type>java.lang.String</type>
          <required>true</required>
          <editable>true</editable>
          <description>Port jmx</description>
        </parameter>
        <parameter>
          <name>project</name>
          <type>org.apache.maven.project.MavenProject</type>
          <required>true</required>
          <editable>false</editable>
          <description>The Maven Project.</description>
        </parameter>
        <parameter>
          <name>username</name>
          <type>java.lang.String</type>
          <required>false</required>
          <editable>true</editable>
          <description>User name for security</description>
        </parameter>
        <parameter>
          <name>verbose</name>
          <type>boolean</type>
          <required>true</required>
          <editable>true</editable>
          <description>Verbose</description>
        </parameter>
      </parameters>
      <configuration>
        <outputDirectory implementation="java.io.File">${project.build.directory}</outputDirectory>
        <localRepository implementation="org.apache.maven.artifact.repository.ArtifactRepository">${localRepository}</localRepository>
        <host implementation="java.lang.String">localhost</host>
        <verbose implementation="boolean">false</verbose>
        <project implementation="org.apache.maven.project.MavenProject">${project}</project>
        <jbiName implementation="java.lang.String">${project.artifactId}-${project.version}</jbiName>
        <failOnError implementation="boolean">true</failOnError>
        <port implementation="java.lang.String">8081</port>
        <packaging implementation="java.lang.String">${project.packaging}</packaging>
        <jbiDirectory implementation="java.io.File">${basedir}/src/main/jbi</jbiDirectory>
      </configuration>
      <requirements>
        <requirement>
          <role>org.apache.maven.artifact.resolver.ArtifactResolver</role>
          <field-name>artifactResolver</field-name>
        </requirement>
      </requirements>
    </mojo>
    <mojo>
      <goal>jbi-install-component</goal>
      <description>Install a JBI Component Archive (SE or BC) previously loaded</description>
      <requiresDirectInvocation>false</requiresDirectInvocation>
      <requiresProject>true</requiresProject>
      <requiresReports>false</requiresReports>
      <aggregator>false</aggregator>
      <requiresOnline>false</requiresOnline>
      <inheritedByDefault>true</inheritedByDefault>
      <implementation>org.objectweb.petals.plugin.jbiplugin.InstallComponentMojo</implementation>
      <language>java</language>
      <instantiationStrategy>per-lookup</instantiationStrategy>
      <executionStrategy>once-per-session</executionStrategy>
      <parameters>
        <parameter>
          <name>failOnError</name>
          <type>boolean</type>
          <required>true</required>
          <editable>true</editable>
          <description>Fail on error</description>
        </parameter>
        <parameter>
          <name>host</name>
          <type>java.lang.String</type>
          <required>true</required>
          <editable>true</editable>
          <description>Host jmx</description>
        </parameter>
        <parameter>
          <name>jbiDirectory</name>
          <type>java.io.File</type>
          <required>true</required>
          <editable>true</editable>
          <description>JBI conf directory</description>
        </parameter>
        <parameter>
          <name>jbiName</name>
          <type>java.lang.String</type>
          <required>true</required>
          <editable>true</editable>
          <description>JBI archive name (will be suffixed by .zip).</description>
        </parameter>
        <parameter>
          <name>localRepository</name>
          <type>org.apache.maven.artifact.repository.ArtifactRepository</type>
          <required>true</required>
          <editable>false</editable>
          <description>Local maven repository.</description>
        </parameter>
        <parameter>
          <name>outputDirectory</name>
          <type>java.io.File</type>
          <required>true</required>
          <editable>true</editable>
          <description>Output directory</description>
        </parameter>
        <parameter>
          <name>packaging</name>
          <type>java.lang.String</type>
          <required>true</required>
          <editable>false</editable>
          <description></description>
        </parameter>
        <parameter>
          <name>password</name>
          <type>java.lang.String</type>
          <required>false</required>
          <editable>true</editable>
          <description>Password for security</description>
        </parameter>
        <parameter>
          <name>port</name>
          <type>java.lang.String</type>
          <required>true</required>
          <editable>true</editable>
          <description>Port jmx</description>
        </parameter>
        <parameter>
          <name>project</name>
          <type>org.apache.maven.project.MavenProject</type>
          <required>true</required>
          <editable>false</editable>
          <description>The Maven Project.</description>
        </parameter>
        <parameter>
          <name>username</name>
          <type>java.lang.String</type>
          <required>false</required>
          <editable>true</editable>
          <description>User name for security</description>
        </parameter>
        <parameter>
          <name>verbose</name>
          <type>boolean</type>
          <required>true</required>
          <editable>true</editable>
          <description>Verbose</description>
        </parameter>
      </parameters>
      <configuration>
        <outputDirectory implementation="java.io.File">${project.build.directory}</outputDirectory>
        <localRepository implementation="org.apache.maven.artifact.repository.ArtifactRepository">${localRepository}</localRepository>
        <host implementation="java.lang.String">localhost</host>
        <verbose implementation="boolean">false</verbose>
        <project implementation="org.apache.maven.project.MavenProject">${project}</project>
        <jbiName implementation="java.lang.String">${project.artifactId}-${project.version}</jbiName>
        <failOnError implementation="boolean">true</failOnError>
        <port implementation="java.lang.String">8081</port>
        <packaging implementation="java.lang.String">${project.packaging}</packaging>
        <jbiDirectory implementation="java.io.File">${basedir}/src/main/jbi</jbiDirectory>
      </configuration>
      <requirements>
        <requirement>
          <role>org.apache.maven.artifact.resolver.ArtifactResolver</role>
          <field-name>artifactResolver</field-name>
        </requirement>
      </requirements>
    </mojo>
    <mojo>
      <goal>jbi-deploy-sa</goal>
      <description>Deploy a JBI Service Assembly Archive</description>
      <requiresDirectInvocation>false</requiresDirectInvocation>
      <requiresProject>true</requiresProject>
      <requiresReports>false</requiresReports>
      <aggregator>false</aggregator>
      <requiresOnline>false</requiresOnline>
      <inheritedByDefault>true</inheritedByDefault>
      <implementation>org.objectweb.petals.plugin.jbiplugin.DeployServiceAssemblyMojo</implementation>
      <language>java</language>
      <instantiationStrategy>per-lookup</instantiationStrategy>
      <executionStrategy>once-per-session</executionStrategy>
      <parameters>
        <parameter>
          <name>failOnError</name>
          <type>boolean</type>
          <required>true</required>
          <editable>true</editable>
          <description>Fail on error</description>
        </parameter>
        <parameter>
          <name>host</name>
          <type>java.lang.String</type>
          <required>true</required>
          <editable>true</editable>
          <description>Host jmx</description>
        </parameter>
        <parameter>
          <name>jbiDirectory</name>
          <type>java.io.File</type>
          <required>true</required>
          <editable>true</editable>
          <description>JBI conf directory</description>
        </parameter>
        <parameter>
          <name>jbiName</name>
          <type>java.lang.String</type>
          <required>true</required>
          <editable>true</editable>
          <description>JBI archive name (will be suffixed by .zip).</description>
        </parameter>
        <parameter>
          <name>localRepository</name>
          <type>org.apache.maven.artifact.repository.ArtifactRepository</type>
          <required>true</required>
          <editable>false</editable>
          <description>Local maven repository.</description>
        </parameter>
        <parameter>
          <name>outputDirectory</name>
          <type>java.io.File</type>
          <required>true</required>
          <editable>true</editable>
          <description>Output directory</description>
        </parameter>
        <parameter>
          <name>packaging</name>
          <type>java.lang.String</type>
          <required>true</required>
          <editable>false</editable>
          <description></description>
        </parameter>
        <parameter>
          <name>password</name>
          <type>java.lang.String</type>
          <required>false</required>
          <editable>true</editable>
          <description>Password for security</description>
        </parameter>
        <parameter>
          <name>port</name>
          <type>java.lang.String</type>
          <required>true</required>
          <editable>true</editable>
          <description>Port jmx</description>
        </parameter>
        <parameter>
          <name>project</name>
          <type>org.apache.maven.project.MavenProject</type>
          <required>true</required>
          <editable>false</editable>
          <description>The Maven Project.</description>
        </parameter>
        <parameter>
          <name>username</name>
          <type>java.lang.String</type>
          <required>false</required>
          <editable>true</editable>
          <description>User name for security</description>
        </parameter>
        <parameter>
          <name>verbose</name>
          <type>boolean</type>
          <required>true</required>
          <editable>true</editable>
          <description>Verbose</description>
        </parameter>
      </parameters>
      <configuration>
        <outputDirectory implementation="java.io.File">${project.build.directory}</outputDirectory>
        <localRepository implementation="org.apache.maven.artifact.repository.ArtifactRepository">${localRepository}</localRepository>
        <host implementation="java.lang.String">localhost</host>
        <verbose implementation="boolean">false</verbose>
        <project implementation="org.apache.maven.project.MavenProject">${project}</project>
        <jbiName implementation="java.lang.String">${project.artifactId}-${project.version}</jbiName>
        <failOnError implementation="boolean">true</failOnError>
        <port implementation="java.lang.String">8081</port>
        <packaging implementation="java.lang.String">${project.packaging}</packaging>
        <jbiDirectory implementation="java.io.File">${basedir}/src/main/jbi</jbiDirectory>
      </configuration>
      <requirements>
        <requirement>
          <role>org.apache.maven.artifact.resolver.ArtifactResolver</role>
          <field-name>artifactResolver</field-name>
        </requirement>
      </requirements>
    </mojo>
    <mojo>
      <goal>jbi-package</goal>
      <description>Make a JBI Archive of a project</description>
      <requiresDependencyResolution>runtime</requiresDependencyResolution>
      <requiresDirectInvocation>false</requiresDirectInvocation>
      <requiresProject>true</requiresProject>
      <requiresReports>false</requiresReports>
      <aggregator>false</aggregator>
      <requiresOnline>false</requiresOnline>
      <inheritedByDefault>true</inheritedByDefault>
      <implementation>org.objectweb.petals.plugin.jbiplugin.JBIPackageMojo</implementation>
      <language>java</language>
      <instantiationStrategy>per-lookup</instantiationStrategy>
      <executionStrategy>once-per-session</executionStrategy>
      <parameters>
        <parameter>
          <name>componentJar</name>
          <type>java.io.File</type>
          <required>true</required>
          <editable>true</editable>
          <description>Component Jar</description>
        </parameter>
        <parameter>
          <name>jbiDirectory</name>
          <type>java.io.File</type>
          <required>true</required>
          <editable>true</editable>
          <description>JBI conf directory</description>
        </parameter>
        <parameter>
          <name>jbiName</name>
          <type>java.lang.String</type>
          <required>true</required>
          <editable>true</editable>
          <description>JBI archive name (will be suffixed by .zip).</description>
        </parameter>
        <parameter>
          <name>localRepository</name>
          <type>org.apache.maven.artifact.repository.ArtifactRepository</type>
          <required>true</required>
          <editable>false</editable>
          <description>Local maven repository.</description>
        </parameter>
        <parameter>
          <name>outputDirectory</name>
          <type>java.io.File</type>
          <required>true</required>
          <editable>true</editable>
          <description>Output directory</description>
        </parameter>
        <parameter>
          <name>packaging</name>
          <type>java.lang.String</type>
          <required>true</required>
          <editable>false</editable>
          <description></description>
        </parameter>
        <parameter>
          <name>project</name>
          <type>org.apache.maven.project.MavenProject</type>
          <required>true</required>
          <editable>false</editable>
          <description>The Maven Project.</description>
        </parameter>
        <parameter>
          <name>serviceUnitFileNameMapping</name>
          <type>java.lang.String</type>
          <required>true</required>
          <editable>true</editable>
          <description>Sets the mapping pattern for all SU file name included in this service
assembly.</description>
        </parameter>
        <parameter>
          <name>toExcludes</name>
          <type>java.lang.String</type>
          <required>true</required>
          <editable>true</editable>
          <description>List of entry to exclude (comma separated values)</description>
        </parameter>
        <parameter>
          <name>updateJBIXml</name>
          <type>boolean</type>
          <required>true</required>
          <editable>true</editable>
          <description>Update JBI XML file</description>
        </parameter>
        <parameter>
          <name>verbose</name>
          <type>boolean</type>
          <required>true</required>
          <editable>true</editable>
          <description>Verbose</description>
        </parameter>
      </parameters>
      <configuration>
        <toExcludes implementation="java.lang.String">foo</toExcludes>
        <componentJar implementation="java.io.File">${project.build.directory}/${project.artifactId}-${project.version}.jar</componentJar>
        <outputDirectory implementation="java.io.File">${project.build.directory}</outputDirectory>
        <localRepository implementation="org.apache.maven.artifact.repository.ArtifactRepository">${localRepository}</localRepository>
        <updateJBIXml implementation="boolean">true</updateJBIXml>
        <verbose implementation="boolean">false</verbose>
        <project implementation="org.apache.maven.project.MavenProject">${project}</project>
        <jbiName implementation="java.lang.String">${project.artifactId}-${project.version}</jbiName>
        <serviceUnitFileNameMapping implementation="java.lang.String">$${artifactId}-$${version}.$${extension}</serviceUnitFileNameMapping>
        <packaging implementation="java.lang.String">${project.packaging}</packaging>
        <jbiDirectory implementation="java.io.File">${basedir}/src/main/jbi</jbiDirectory>
      </configuration>
      <requirements>
        <requirement>
          <role>org.apache.maven.artifact.resolver.ArtifactResolver</role>
          <field-name>artifactResolver</field-name>
        </requirement>
      </requirements>
    </mojo>
  </mojos>
  <dependencies/>
</plugin>