<plugin>
  <description>This project is Maven 2 plugin used to make a JBI archive of a JBI component project.</description>
  <groupId>org.objectweb.petals</groupId>
  <artifactId>petals-plugin-maven-jbi</artifactId>
  <version>1.2</version>
  <goalPrefix>petals-tools-jbi</goalPrefix>
  <isolatedRealm>false</isolatedRealm>
  <inheritedByDefault>true</inheritedByDefault>
  <mojos>
    <mojo>
      <goal>jbi-uninstall-component</goal>
      <description>Uninstall a JBI Component Archive (SE or BC) previously shutdowned</description>
      <requiresDirectInvocation>false</requiresDirectInvocation>
      <requiresProject>true</requiresProject>
      <requiresReports>false</requiresReports>
      <aggregator>false</aggregator>
      <requiresOnline>false</requiresOnline>
      <inheritedByDefault>true</inheritedByDefault>
      <implementation>org.objectweb.petals.plugin.jbiplugin.UninstallComponentMojo</implementation>
      <language>java</language>
      <instantiationStrategy>per-lookup</instantiationStrategy>
      <executionStrategy>once-per-session</executionStrategy>
      <parameters>
        <parameter>
          <name>failOnError</name>
          <type>boolean</type>
          <required>true</required>
          <editable>true</editable>
          <description>Fail on error</description>
        </parameter>
        <parameter>
          <name>host</name>
          <type>java.lang.String</type>
          <required>true</required>
          <editable>true</editable>
          <description>Host jmx</description>
        </parameter>
        <parameter>
          <name>jbiName</name>
          <type>java.lang.String</type>
          <required>true</required>
          <editable>true</editable>
          <description>JBI Name</description>
        </parameter>
        <parameter>
          <name>localRepository</name>
          <type>org.apache.maven.artifact.repository.ArtifactRepository</type>
          <required>true</required>
          <editable>false</editable>
          <description>Local maven repository.</description>
        </parameter>
        <parameter>
          <name>outputDirectory</name>
          <type>java.io.File</type>
          <required>true</required>
          <editable>true</editable>
          <description>Output directory</description>
        </parameter>
        <parameter>
          <name>password</name>
          <type>java.lang.String</type>
          <required>false</required>
          <editable>true</editable>
          <description>Password for security</description>
        </parameter>
        <parameter>
          <name>port</name>
          <type>java.lang.String</type>
          <required>true</required>
          <editable>true</editable>
          <description>Port jmx</description>
        </parameter>
        <parameter>
          <name>project</name>
          <type>org.apache.maven.project.MavenProject</type>
          <required>true</required>
          <editable>false</editable>
          <description>The Maven Project.</description>
        </parameter>
        <parameter>
          <name>username</name>
          <type>java.lang.String</type>
          <required>false</required>
          <editable>true</editable>
          <description>User name for security</description>
        </parameter>
        <parameter>
          <name>verbose</name>
          <type>boolean</type>
          <required>true</required>
          <editable>true</editable>
          <description>Verbose</description>
        </parameter>
      </parameters>
      <configuration>
        <outputDirectory implementation="java.io.File">${project.build.directory}</outputDirectory>
        <localRepository implementation="org.apache.maven.artifact.repository.ArtifactRepository">${localRepository}</localRepository>
        <host implementation="java.lang.String">localhost</host>
        <verbose implementation="boolean">false</verbose>
        <project implementation="org.apache.maven.project.MavenProject">${project}</project>
        <jbiName implementation="java.lang.String">${project.artifactId}-${project.version}</jbiName>
        <failOnError implementation="boolean">true</failOnError>
        <port implementation="java.lang.String">8081</port>
      </configuration>
      <requirements>
        <requirement>
          <role>org.apache.maven.artifact.resolver.ArtifactResolver</role>
          <field-name>artifactResolver</field-name>
        </requirement>
      </requirements>
    </mojo>
    <mojo>
      <goal>jbi-start-sa</goal>
      <description>Start a JBI Service Assembly Archive previously deployed</description>
      <requiresDirectInvocation>false</requiresDirectInvocation>
      <requiresProject>true</requiresProject>
      <requiresReports>false</requiresReports>
      <aggregator>false</aggregator>
      <requiresOnline>false</requiresOnline>
      <inheritedByDefault>true</inheritedByDefault>
      <implementation>org.objectweb.petals.plugin.jbiplugin.StartServiceAssemblyMojo</implementation>
      <language>java</language>
      <instantiationStrategy>per-lookup</instantiationStrategy>
      <executionStrategy>once-per-session</executionStrategy>
      <parameters>
        <parameter>
          <name>failOnError</name>
          <type>boolean</type>
          <required>true</required>
          <editable>true</editable>
          <description>Fail on error</description>
        </parameter>
        <parameter>
          <name>host</name>
          <type>java.lang.String</type>
          <required>true</required>
          <editable>true</editable>
          <description>Host jmx</description>
        </parameter>
        <parameter>
          <name>jbiName</name>
          <type>java.lang.String</type>
          <required>true</required>
          <editable>true</editable>
          <description>JBI Name</description>
        </parameter>
        <parameter>
          <name>localRepository</name>
          <type>org.apache.maven.artifact.repository.ArtifactRepository</type>
          <required>true</required>
          <editable>false</editable>
          <description>Local maven repository.</description>
        </parameter>
        <parameter>
          <name>outputDirectory</name>
          <type>java.io.File</type>
          <required>true</required>
          <editable>true</editable>
          <description>Output directory</description>
        </parameter>
        <parameter>
          <name>password</name>
          <type>java.lang.String</type>
          <required>false</required>
          <editable>true</editable>
          <description>Password for security</description>
        </parameter>
        <parameter>
          <name>port</name>
          <type>java.lang.String</type>
          <required>true</required>
          <editable>true</editable>
          <description>Port jmx</description>
        </parameter>
        <parameter>
          <name>project</name>
          <type>org.apache.maven.project.MavenProject</type>
          <required>true</required>
          <editable>false</editable>
          <description>The Maven Project.</description>
        </parameter>
        <parameter>
          <name>username</name>
          <type>java.lang.String</type>
          <required>false</required>
          <editable>true</editable>
          <description>User name for security</description>
        </parameter>
        <parameter>
          <name>verbose</name>
          <type>boolean</type>
          <required>true</required>
          <editable>true</editable>
          <description>Verbose</description>
        </parameter>
      </parameters>
      <configuration>
        <outputDirectory implementation="java.io.File">${project.build.directory}</outputDirectory>
        <localRepository implementation="org.apache.maven.artifact.repository.ArtifactRepository">${localRepository}</localRepository>
        <host implementation="java.lang.String">localhost</host>
        <verbose implementation="boolean">false</verbose>
        <project implementation="org.apache.maven.project.MavenProject">${project}</project>
        <jbiName implementation="java.lang.String">${project.artifactId}-${project.version}</jbiName>
        <failOnError implementation="boolean">true</failOnError>
        <port implementation="java.lang.String">8081</port>
      </configuration>
      <requirements>
        <requirement>
          <role>org.apache.maven.artifact.resolver.ArtifactResolver</role>
          <field-name>artifactResolver</field-name>
        </requirement>
      </requirements>
    </mojo>
    <mojo>
      <goal>jbi-shutdown-component</goal>
      <description>Shutdown a JBI Component Archive (SE or BC) previously stopped</description>
      <requiresDirectInvocation>false</requiresDirectInvocation>
      <requiresProject>true</requiresProject>
      <requiresReports>false</requiresReports>
      <aggregator>false</aggregator>
      <requiresOnline>false</requiresOnline>
      <inheritedByDefault>true</inheritedByDefault>
      <implementation>org.objectweb.petals.plugin.jbiplugin.ShutdownComponentMojo</implementation>
      <language>java</language>
      <instantiationStrategy>per-lookup</instantiationStrategy>
      <executionStrategy>once-per-session</executionStrategy>
      <parameters>
        <parameter>
          <name>failOnError</name>
          <type>boolean</type>
          <required>true</required>
          <editable>true</editable>
          <description>Fail on error</description>
        </parameter>
        <parameter>
          <name>host</name>
          <type>java.lang.String</type>
          <required>true</required>
          <editable>true</editable>
          <description>Host jmx</description>
        </parameter>
        <parameter>
          <name>jbiName</name>
          <type>java.lang.String</type>
          <required>true</required>
          <editable>true</editable>
          <description>JBI Name</description>
        </parameter>
        <parameter>
          <name>localRepository</name>
          <type>org.apache.maven.artifact.repository.ArtifactRepository</type>
          <required>true</required>
          <editable>false</editable>
          <description>Local maven repository.</description>
        </parameter>
        <parameter>
          <name>outputDirectory</name>
          <type>java.io.File</type>
          <required>true</required>
          <editable>true</editable>
          <description>Output directory</description>
        </parameter>
        <parameter>
          <name>password</name>
          <type>java.lang.String</type>
          <required>false</required>
          <editable>true</editable>
          <description>Password for security</description>
        </parameter>
        <parameter>
          <name>port</name>
          <type>java.lang.String</type>
          <required>true</required>
          <editable>true</editable>
          <description>Port jmx</description>
        </parameter>
        <parameter>
          <name>project</name>
          <type>org.apache.maven.project.MavenProject</type>
          <required>true</required>
          <editable>false</editable>
          <description>The Maven Project.</description>
        </parameter>
        <parameter>
          <name>username</name>
          <type>java.lang.String</type>
          <required>false</required>
          <editable>true</editable>
          <description>User name for security</description>
        </parameter>
        <parameter>
          <name>verbose</name>
          <type>boolean</type>
          <required>true</required>
          <editable>true</editable>
          <description>Verbose</description>
        </parameter>
      </parameters>
      <configuration>
        <outputDirectory implementation="java.io.File">${project.build.directory}</outputDirectory>
        <localRepository implementation="org.apache.maven.artifact.repository.ArtifactRepository">${localRepository}</localRepository>
        <host implementation="java.lang.String">localhost</host>
        <verbose implementation="boolean">false</verbose>
        <project implementation="org.apache.maven.project.MavenProject">${project}</project>
        <jbiName implementation="java.lang.String">${project.artifactId}-${project.version}</jbiName>
        <failOnError implementation="boolean">true</failOnError>
        <port implementation="java.lang.String">8081</port>
      </configuration>
      <requirements>
        <requirement>
          <role>org.apache.maven.artifact.resolver.ArtifactResolver</role>
          <field-name>artifactResolver</field-name>
        </requirement>
      </requirements>
    </mojo>
    <mojo>
      <goal>jbi-load-component</goal>
      <description>Load a JBI Component Archive (SE or BC)</description>
      <requiresDirectInvocation>false</requiresDirectInvocation>
      <requiresProject>true</requiresProject>
      <requiresReports>false</requiresReports>
      <aggregator>false</aggregator>
      <requiresOnline>false</requiresOnline>
      <inheritedByDefault>true</inheritedByDefault>
      <implementation>org.objectweb.petals.plugin.jbiplugin.LoadComponentMojo</implementation>
      <language>java</language>
      <instantiationStrategy>per-lookup</instantiationStrategy>
      <executionStrategy>once-per-session</executionStrategy>
      <parameters>
        <parameter>
          <name>failOnError</name>
          <type>boolean</type>
          <required>true</required>
          <editable>true</editable>
          <description>Fail on error</description>
        </parameter>
        <parameter>
          <name>host</name>
          <type>java.lang.String</type>
          <required>true</required>
          <editable>true</editable>
          <description>Host jmx</description>
        </parameter>
        <parameter>
          <name>jbiName</name>
          <type>java.lang.String</type>
          <required>true</required>
          <editable>true</editable>
          <description>JBI Name</description>
        </parameter>
        <parameter>
          <name>localRepository</name>
          <type>org.apache.maven.artifact.repository.ArtifactRepository</type>
          <required>true</required>
          <editable>false</editable>
          <description>Local maven repository.</description>
        </parameter>
        <parameter>
          <name>outputDirectory</name>
          <type>java.io.File</type>
          <required>true</required>
          <editable>true</editable>
          <description>Output directory</description>
        </parameter>
        <parameter>
          <name>password</name>
          <type>java.lang.String</type>
          <required>false</required>
          <editable>true</editable>
          <description>Password for security</description>
        </parameter>
        <parameter>
          <name>port</name>
          <type>java.lang.String</type>
          <required>true</required>
          <editable>true</editable>
          <description>Port jmx</description>
        </parameter>
        <parameter>
          <name>project</name>
          <type>org.apache.maven.project.MavenProject</type>
          <required>true</required>
          <editable>false</editable>
          <description>The Maven Project.</description>
        </parameter>
        <parameter>
          <name>username</name>
          <type>java.lang.String</type>
          <required>false</required>
          <editable>true</editable>
          <description>User name for security</description>
        </parameter>
        <parameter>
          <name>verbose</name>
          <type>boolean</type>
          <required>true</required>
          <editable>true</editable>
          <description>Verbose</description>
        </parameter>
      </parameters>
      <configuration>
        <outputDirectory implementation="java.io.File">${project.build.directory}</outputDirectory>
        <localRepository implementation="org.apache.maven.artifact.repository.ArtifactRepository">${localRepository}</localRepository>
        <host implementation="java.lang.String">localhost</host>
        <verbose implementation="boolean">false</verbose>
        <project implementation="org.apache.maven.project.MavenProject">${project}</project>
        <jbiName implementation="java.lang.String">${project.artifactId}-${project.version}</jbiName>
        <failOnError implementation="boolean">true</failOnError>
        <port implementation="java.lang.String">8081</port>
      </configuration>
      <requirements>
        <requirement>
          <role>org.apache.maven.artifact.resolver.ArtifactResolver</role>
          <field-name>artifactResolver</field-name>
        </requirement>
      </requirements>
    </mojo>
    <mojo>
      <goal>jbi-start-component</goal>
      <description>Start a JBI Component Archive (SE or BC) previously installed</description>
      <requiresDirectInvocation>false</requiresDirectInvocation>
      <requiresProject>true</requiresProject>
      <requiresReports>false</requiresReports>
      <aggregator>false</aggregator>
      <requiresOnline>false</requiresOnline>
      <inheritedByDefault>true</inheritedByDefault>
      <implementation>org.objectweb.petals.plugin.jbiplugin.StartComponentMojo</implementation>
      <language>java</language>
      <instantiationStrategy>per-lookup</instantiationStrategy>
      <executionStrategy>once-per-session</executionStrategy>
      <parameters>
        <parameter>
          <name>failOnError</name>
          <type>boolean</type>
          <required>true</required>
          <editable>true</editable>
          <description>Fail on error</description>
        </parameter>
        <parameter>
          <name>host</name>
          <type>java.lang.String</type>
          <required>true</required>
          <editable>true</editable>
          <description>Host jmx</description>
        </parameter>
        <parameter>
          <name>jbiName</name>
          <type>java.lang.String</type>
          <required>true</required>
          <editable>true</editable>
          <description>JBI Name</description>
        </parameter>
        <parameter>
          <name>localRepository</name>
          <type>org.apache.maven.artifact.repository.ArtifactRepository</type>
          <required>true</required>
          <editable>false</editable>
          <description>Local maven repository.</description>
        </parameter>
        <parameter>
          <name>outputDirectory</name>
          <type>java.io.File</type>
          <required>true</required>
          <editable>true</editable>
          <description>Output directory</description>
        </parameter>
        <parameter>
          <name>password</name>
          <type>java.lang.String</type>
          <required>false</required>
          <editable>true</editable>
          <description>Password for security</description>
        </parameter>
        <parameter>
          <name>port</name>
          <type>java.lang.String</type>
          <required>true</required>
          <editable>true</editable>
          <description>Port jmx</description>
        </parameter>
        <parameter>
          <name>project</name>
          <type>org.apache.maven.project.MavenProject</type>
          <required>true</required>
          <editable>false</editable>
          <description>The Maven Project.</description>
        </parameter>
        <parameter>
          <name>username</name>
          <type>java.lang.String</type>
          <required>false</required>
          <editable>true</editable>
          <description>User name for security</description>
        </parameter>
        <parameter>
          <name>verbose</name>
          <type>boolean</type>
          <required>true</required>
          <editable>true</editable>
          <description>Verbose</description>
        </parameter>
      </parameters>
      <configuration>
        <outputDirectory implementation="java.io.File">${project.build.directory}</outputDirectory>
        <localRepository implementation="org.apache.maven.artifact.repository.ArtifactRepository">${localRepository}</localRepository>
        <host implementation="java.lang.String">localhost</host>
        <verbose implementation="boolean">false</verbose>
        <project implementation="org.apache.maven.project.MavenProject">${project}</project>
        <jbiName implementation="java.lang.String">${project.artifactId}-${project.version}</jbiName>
        <failOnError implementation="boolean">true</failOnError>
        <port implementation="java.lang.String">8081</port>
      </configuration>
      <requirements>
        <requirement>
          <role>org.apache.maven.artifact.resolver.ArtifactResolver</role>
          <field-name>artifactResolver</field-name>
        </requirement>
      </requirements>
    </mojo>
    <mojo>
      <goal>jbi-stop-component</goal>
      <description>Stop a JBI Component Archive (SE or BC) previously started</description>
      <requiresDirectInvocation>false</requiresDirectInvocation>
      <requiresProject>true</requiresProject>
      <requiresReports>false</requiresReports>
      <aggregator>false</aggregator>
      <requiresOnline>false</requiresOnline>
      <inheritedByDefault>true</inheritedByDefault>
      <implementation>org.objectweb.petals.plugin.jbiplugin.StopComponentMojo</implementation>
      <language>java</language>
      <instantiationStrategy>per-lookup</instantiationStrategy>
      <executionStrategy>once-per-session</executionStrategy>
      <parameters>
        <parameter>
          <name>failOnError</name>
          <type>boolean</type>
          <required>true</required>
          <editable>true</editable>
          <description>Fail on error</description>
        </parameter>
        <parameter>
          <name>host</name>
          <type>java.lang.String</type>
          <required>true</required>
          <editable>true</editable>
          <description>Host jmx</description>
        </parameter>
        <parameter>
          <name>jbiName</name>
          <type>java.lang.String</type>
          <required>true</required>
          <editable>true</editable>
          <description>JBI Name</description>
        </parameter>
        <parameter>
          <name>localRepository</name>
          <type>org.apache.maven.artifact.repository.ArtifactRepository</type>
          <required>true</required>
          <editable>false</editable>
          <description>Local maven repository.</description>
        </parameter>
        <parameter>
          <name>outputDirectory</name>
          <type>java.io.File</type>
          <required>true</required>
          <editable>true</editable>
          <description>Output directory</description>
        </parameter>
        <parameter>
          <name>password</name>
          <type>java.lang.String</type>
          <required>false</required>
          <editable>true</editable>
          <description>Password for security</description>
        </parameter>
        <parameter>
          <name>port</name>
          <type>java.lang.String</type>
          <required>true</required>
          <editable>true</editable>
          <description>Port jmx</description>
        </parameter>
        <parameter>
          <name>project</name>
          <type>org.apache.maven.project.MavenProject</type>
          <required>true</required>
          <editable>false</editable>
          <description>The Maven Project.</description>
        </parameter>
        <parameter>
          <name>username</name>
          <type>java.lang.String</type>
          <required>false</required>
          <editable>true</editable>
          <description>User name for security</description>
        </parameter>
        <parameter>
          <name>verbose</name>
          <type>boolean</type>
          <required>true</required>
          <editable>true</editable>
          <description>Verbose</description>
        </parameter>
      </parameters>
      <configuration>
        <outputDirectory implementation="java.io.File">${project.build.directory}</outputDirectory>
        <localRepository implementation="org.apache.maven.artifact.repository.ArtifactRepository">${localRepository}</localRepository>
        <host implementation="java.lang.String">localhost</host>
        <verbose implementation="boolean">false</verbose>
        <project implementation="org.apache.maven.project.MavenProject">${project}</project>
        <jbiName implementation="java.lang.String">${project.artifactId}-${project.version}</jbiName>
        <failOnError implementation="boolean">true</failOnError>
        <port implementation="java.lang.String">8081</port>
      </configuration>
      <requirements>
        <requirement>
          <role>org.apache.maven.artifact.resolver.ArtifactResolver</role>
          <field-name>artifactResolver</field-name>
        </requirement>
      </requirements>
    </mojo>
    <mojo>
      <goal>jbi-service-assembly</goal>
      <description>Make a JBI Archive of a service assembly project</description>
      <requiresDependencyResolution>runtime</requiresDependencyResolution>
      <requiresDirectInvocation>false</requiresDirectInvocation>
      <requiresProject>true</requiresProject>
      <requiresReports>false</requiresReports>
      <aggregator>false</aggregator>
      <requiresOnline>false</requiresOnline>
      <inheritedByDefault>true</inheritedByDefault>
      <implementation>org.objectweb.petals.plugin.jbiplugin.PackageServiceAssemblyMojo</implementation>
      <language>java</language>
      <instantiationStrategy>per-lookup</instantiationStrategy>
      <executionStrategy>once-per-session</executionStrategy>
      <parameters>
        <parameter>
          <name>jbiDirectory</name>
          <type>java.io.File</type>
          <required>true</required>
          <editable>true</editable>
          <description>JBI sources directory</description>
        </parameter>
        <parameter>
          <name>jbiName</name>
          <type>java.lang.String</type>
          <required>true</required>
          <editable>true</editable>
          <description>JBI Name</description>
        </parameter>
        <parameter>
          <name>localRepository</name>
          <type>org.apache.maven.artifact.repository.ArtifactRepository</type>
          <required>true</required>
          <editable>false</editable>
          <description>Local maven repository.</description>
        </parameter>
        <parameter>
          <name>outputDirectory</name>
          <type>java.io.File</type>
          <required>true</required>
          <editable>true</editable>
          <description>Output directory</description>
        </parameter>
        <parameter>
          <name>project</name>
          <type>org.apache.maven.project.MavenProject</type>
          <required>true</required>
          <editable>false</editable>
          <description>The Maven Project.</description>
        </parameter>
        <parameter>
          <name>verbose</name>
          <type>boolean</type>
          <required>true</required>
          <editable>true</editable>
          <description>Verbose</description>
        </parameter>
      </parameters>
      <configuration>
        <outputDirectory implementation="java.io.File">${project.build.directory}</outputDirectory>
        <localRepository implementation="org.apache.maven.artifact.repository.ArtifactRepository">${localRepository}</localRepository>
        <verbose implementation="boolean">false</verbose>
        <project implementation="org.apache.maven.project.MavenProject">${project}</project>
        <jbiName implementation="java.lang.String">${project.artifactId}-${project.version}</jbiName>
        <jbiDirectory implementation="java.io.File">${basedir}/src/main/jbi/</jbiDirectory>
      </configuration>
      <requirements>
        <requirement>
          <role>org.apache.maven.artifact.resolver.ArtifactResolver</role>
          <field-name>artifactResolver</field-name>
        </requirement>
      </requirements>
    </mojo>
    <mojo>
      <goal>jbi-unload-component</goal>
      <description>Load a JBI Component Archive (SE or BC)</description>
      <requiresDirectInvocation>false</requiresDirectInvocation>
      <requiresProject>true</requiresProject>
      <requiresReports>false</requiresReports>
      <aggregator>false</aggregator>
      <requiresOnline>false</requiresOnline>
      <inheritedByDefault>true</inheritedByDefault>
      <implementation>org.objectweb.petals.plugin.jbiplugin.UnloadComponentMojo</implementation>
      <language>java</language>
      <instantiationStrategy>per-lookup</instantiationStrategy>
      <executionStrategy>once-per-session</executionStrategy>
      <parameters>
        <parameter>
          <name>failOnError</name>
          <type>boolean</type>
          <required>true</required>
          <editable>true</editable>
          <description>Fail on error</description>
        </parameter>
        <parameter>
          <name>host</name>
          <type>java.lang.String</type>
          <required>true</required>
          <editable>true</editable>
          <description>Host jmx</description>
        </parameter>
        <parameter>
          <name>jbiName</name>
          <type>java.lang.String</type>
          <required>true</required>
          <editable>true</editable>
          <description>JBI Name</description>
        </parameter>
        <parameter>
          <name>localRepository</name>
          <type>org.apache.maven.artifact.repository.ArtifactRepository</type>
          <required>true</required>
          <editable>false</editable>
          <description>Local maven repository.</description>
        </parameter>
        <parameter>
          <name>outputDirectory</name>
          <type>java.io.File</type>
          <required>true</required>
          <editable>true</editable>
          <description>Output directory</description>
        </parameter>
        <parameter>
          <name>password</name>
          <type>java.lang.String</type>
          <required>false</required>
          <editable>true</editable>
          <description>Password for security</description>
        </parameter>
        <parameter>
          <name>port</name>
          <type>java.lang.String</type>
          <required>true</required>
          <editable>true</editable>
          <description>Port jmx</description>
        </parameter>
        <parameter>
          <name>project</name>
          <type>org.apache.maven.project.MavenProject</type>
          <required>true</required>
          <editable>false</editable>
          <description>The Maven Project.</description>
        </parameter>
        <parameter>
          <name>username</name>
          <type>java.lang.String</type>
          <required>false</required>
          <editable>true</editable>
          <description>User name for security</description>
        </parameter>
        <parameter>
          <name>verbose</name>
          <type>boolean</type>
          <required>true</required>
          <editable>true</editable>
          <description>Verbose</description>
        </parameter>
      </parameters>
      <configuration>
        <outputDirectory implementation="java.io.File">${project.build.directory}</outputDirectory>
        <localRepository implementation="org.apache.maven.artifact.repository.ArtifactRepository">${localRepository}</localRepository>
        <host implementation="java.lang.String">localhost</host>
        <verbose implementation="boolean">false</verbose>
        <project implementation="org.apache.maven.project.MavenProject">${project}</project>
        <jbiName implementation="java.lang.String">${project.artifactId}-${project.version}</jbiName>
        <failOnError implementation="boolean">true</failOnError>
        <port implementation="java.lang.String">8081</port>
      </configuration>
      <requirements>
        <requirement>
          <role>org.apache.maven.artifact.resolver.ArtifactResolver</role>
          <field-name>artifactResolver</field-name>
        </requirement>
      </requirements>
    </mojo>
    <mojo>
      <goal>jbi-shutdown-sa</goal>
      <description>Stop a JBI Service Assembly Archive previously started</description>
      <requiresDirectInvocation>false</requiresDirectInvocation>
      <requiresProject>true</requiresProject>
      <requiresReports>false</requiresReports>
      <aggregator>false</aggregator>
      <requiresOnline>false</requiresOnline>
      <inheritedByDefault>true</inheritedByDefault>
      <implementation>org.objectweb.petals.plugin.jbiplugin.ShutdownServiceAssemblyMojo</implementation>
      <language>java</language>
      <instantiationStrategy>per-lookup</instantiationStrategy>
      <executionStrategy>once-per-session</executionStrategy>
      <parameters>
        <parameter>
          <name>failOnError</name>
          <type>boolean</type>
          <required>true</required>
          <editable>true</editable>
          <description>Fail on error</description>
        </parameter>
        <parameter>
          <name>host</name>
          <type>java.lang.String</type>
          <required>true</required>
          <editable>true</editable>
          <description>Host jmx</description>
        </parameter>
        <parameter>
          <name>jbiName</name>
          <type>java.lang.String</type>
          <required>true</required>
          <editable>true</editable>
          <description>JBI Name</description>
        </parameter>
        <parameter>
          <name>localRepository</name>
          <type>org.apache.maven.artifact.repository.ArtifactRepository</type>
          <required>true</required>
          <editable>false</editable>
          <description>Local maven repository.</description>
        </parameter>
        <parameter>
          <name>outputDirectory</name>
          <type>java.io.File</type>
          <required>true</required>
          <editable>true</editable>
          <description>Output directory</description>
        </parameter>
        <parameter>
          <name>password</name>
          <type>java.lang.String</type>
          <required>false</required>
          <editable>true</editable>
          <description>Password for security</description>
        </parameter>
        <parameter>
          <name>port</name>
          <type>java.lang.String</type>
          <required>true</required>
          <editable>true</editable>
          <description>Port jmx</description>
        </parameter>
        <parameter>
          <name>project</name>
          <type>org.apache.maven.project.MavenProject</type>
          <required>true</required>
          <editable>false</editable>
          <description>The Maven Project.</description>
        </parameter>
        <parameter>
          <name>username</name>
          <type>java.lang.String</type>
          <required>false</required>
          <editable>true</editable>
          <description>User name for security</description>
        </parameter>
        <parameter>
          <name>verbose</name>
          <type>boolean</type>
          <required>true</required>
          <editable>true</editable>
          <description>Verbose</description>
        </parameter>
      </parameters>
      <configuration>
        <outputDirectory implementation="java.io.File">${project.build.directory}</outputDirectory>
        <localRepository implementation="org.apache.maven.artifact.repository.ArtifactRepository">${localRepository}</localRepository>
        <host implementation="java.lang.String">localhost</host>
        <verbose implementation="boolean">false</verbose>
        <project implementation="org.apache.maven.project.MavenProject">${project}</project>
        <jbiName implementation="java.lang.String">${project.artifactId}-${project.version}</jbiName>
        <failOnError implementation="boolean">true</failOnError>
        <port implementation="java.lang.String">8081</port>
      </configuration>
      <requirements>
        <requirement>
          <role>org.apache.maven.artifact.resolver.ArtifactResolver</role>
          <field-name>artifactResolver</field-name>
        </requirement>
      </requirements>
    </mojo>
    <mojo>
      <goal>jbi-undeploy-sa</goal>
      <description>Undeploy a JBI Service Assembly Archive previoulsy shutdowned</description>
      <requiresDirectInvocation>false</requiresDirectInvocation>
      <requiresProject>true</requiresProject>
      <requiresReports>false</requiresReports>
      <aggregator>false</aggregator>
      <requiresOnline>false</requiresOnline>
      <inheritedByDefault>true</inheritedByDefault>
      <implementation>org.objectweb.petals.plugin.jbiplugin.UndeployServiceAssemblyMojo</implementation>
      <language>java</language>
      <instantiationStrategy>per-lookup</instantiationStrategy>
      <executionStrategy>once-per-session</executionStrategy>
      <parameters>
        <parameter>
          <name>failOnError</name>
          <type>boolean</type>
          <required>true</required>
          <editable>true</editable>
          <description>Fail on error</description>
        </parameter>
        <parameter>
          <name>host</name>
          <type>java.lang.String</type>
          <required>true</required>
          <editable>true</editable>
          <description>Host jmx</description>
        </parameter>
        <parameter>
          <name>jbiName</name>
          <type>java.lang.String</type>
          <required>true</required>
          <editable>true</editable>
          <description>JBI Name</description>
        </parameter>
        <parameter>
          <name>localRepository</name>
          <type>org.apache.maven.artifact.repository.ArtifactRepository</type>
          <required>true</required>
          <editable>false</editable>
          <description>Local maven repository.</description>
        </parameter>
        <parameter>
          <name>outputDirectory</name>
          <type>java.io.File</type>
          <required>true</required>
          <editable>true</editable>
          <description>Output directory</description>
        </parameter>
        <parameter>
          <name>password</name>
          <type>java.lang.String</type>
          <required>false</required>
          <editable>true</editable>
          <description>Password for security</description>
        </parameter>
        <parameter>
          <name>port</name>
          <type>java.lang.String</type>
          <required>true</required>
          <editable>true</editable>
          <description>Port jmx</description>
        </parameter>
        <parameter>
          <name>project</name>
          <type>org.apache.maven.project.MavenProject</type>
          <required>true</required>
          <editable>false</editable>
          <description>The Maven Project.</description>
        </parameter>
        <parameter>
          <name>username</name>
          <type>java.lang.String</type>
          <required>false</required>
          <editable>true</editable>
          <description>User name for security</description>
        </parameter>
        <parameter>
          <name>verbose</name>
          <type>boolean</type>
          <required>true</required>
          <editable>true</editable>
          <description>Verbose</description>
        </parameter>
      </parameters>
      <configuration>
        <outputDirectory implementation="java.io.File">${project.build.directory}</outputDirectory>
        <localRepository implementation="org.apache.maven.artifact.repository.ArtifactRepository">${localRepository}</localRepository>
        <host implementation="java.lang.String">localhost</host>
        <verbose implementation="boolean">false</verbose>
        <project implementation="org.apache.maven.project.MavenProject">${project}</project>
        <jbiName implementation="java.lang.String">${project.artifactId}-${project.version}</jbiName>
        <failOnError implementation="boolean">true</failOnError>
        <port implementation="java.lang.String">8081</port>
      </configuration>
      <requirements>
        <requirement>
          <role>org.apache.maven.artifact.resolver.ArtifactResolver</role>
          <field-name>artifactResolver</field-name>
        </requirement>
      </requirements>
    </mojo>
    <mojo>
      <goal>jbi-service-unit</goal>
      <description>Make a JBI Archive of a service unit project</description>
      <requiresDependencyResolution>runtime</requiresDependencyResolution>
      <requiresDirectInvocation>false</requiresDirectInvocation>
      <requiresProject>true</requiresProject>
      <requiresReports>false</requiresReports>
      <aggregator>false</aggregator>
      <requiresOnline>false</requiresOnline>
      <inheritedByDefault>true</inheritedByDefault>
      <implementation>org.objectweb.petals.plugin.jbiplugin.PackageServiceUnitMojo</implementation>
      <language>java</language>
      <instantiationStrategy>per-lookup</instantiationStrategy>
      <executionStrategy>once-per-session</executionStrategy>
      <parameters>
        <parameter>
          <name>jbiDirectory</name>
          <type>java.io.File</type>
          <required>true</required>
          <editable>true</editable>
          <description>JBI sources directory</description>
        </parameter>
        <parameter>
          <name>jbiName</name>
          <type>java.lang.String</type>
          <required>true</required>
          <editable>true</editable>
          <description>JBI Name</description>
        </parameter>
        <parameter>
          <name>localRepository</name>
          <type>org.apache.maven.artifact.repository.ArtifactRepository</type>
          <required>true</required>
          <editable>false</editable>
          <description>Local maven repository.</description>
        </parameter>
        <parameter>
          <name>outputDirectory</name>
          <type>java.io.File</type>
          <required>true</required>
          <editable>true</editable>
          <description>Output directory</description>
        </parameter>
        <parameter>
          <name>project</name>
          <type>org.apache.maven.project.MavenProject</type>
          <required>true</required>
          <editable>false</editable>
          <description>The Maven Project.</description>
        </parameter>
        <parameter>
          <name>verbose</name>
          <type>boolean</type>
          <required>true</required>
          <editable>true</editable>
          <description>Verbose</description>
        </parameter>
      </parameters>
      <configuration>
        <outputDirectory implementation="java.io.File">${project.build.directory}</outputDirectory>
        <localRepository implementation="org.apache.maven.artifact.repository.ArtifactRepository">${localRepository}</localRepository>
        <verbose implementation="boolean">false</verbose>
        <project implementation="org.apache.maven.project.MavenProject">${project}</project>
        <jbiName implementation="java.lang.String">${project.artifactId}-${project.version}</jbiName>
        <jbiDirectory implementation="java.io.File">${basedir}/src/main/jbi/</jbiDirectory>
      </configuration>
      <requirements>
        <requirement>
          <role>org.apache.maven.artifact.resolver.ArtifactResolver</role>
          <field-name>artifactResolver</field-name>
        </requirement>
      </requirements>
    </mojo>
    <mojo>
      <goal>jbi</goal>
      <description>Make a JBI Archive of a project</description>
      <requiresDependencyResolution>runtime</requiresDependencyResolution>
      <requiresDirectInvocation>false</requiresDirectInvocation>
      <requiresProject>true</requiresProject>
      <requiresReports>false</requiresReports>
      <aggregator>false</aggregator>
      <requiresOnline>false</requiresOnline>
      <inheritedByDefault>true</inheritedByDefault>
      <implementation>org.objectweb.petals.plugin.jbiplugin.JBIPluginMojo</implementation>
      <language>java</language>
      <instantiationStrategy>per-lookup</instantiationStrategy>
      <executionStrategy>once-per-session</executionStrategy>
      <parameters>
        <parameter>
          <name>componentJar</name>
          <type>java.io.File</type>
          <required>true</required>
          <editable>true</editable>
          <description>Component Jar</description>
        </parameter>
        <parameter>
          <name>includeSubDependencies</name>
          <type>boolean</type>
          <required>true</required>
          <editable>true</editable>
          <description>SubDependencies inclusion</description>
        </parameter>
        <parameter>
          <name>jbiDirectory</name>
          <type>java.io.File</type>
          <required>true</required>
          <editable>true</editable>
          <description>JBI conf directory</description>
        </parameter>
        <parameter>
          <name>jbiName</name>
          <type>java.lang.String</type>
          <required>true</required>
          <editable>true</editable>
          <description>JBI Name</description>
        </parameter>
        <parameter>
          <name>localRepository</name>
          <type>org.apache.maven.artifact.repository.ArtifactRepository</type>
          <required>true</required>
          <editable>false</editable>
          <description>Local maven repository.</description>
        </parameter>
        <parameter>
          <name>outputDirectory</name>
          <type>java.io.File</type>
          <required>true</required>
          <editable>true</editable>
          <description>Output directory</description>
        </parameter>
        <parameter>
          <name>project</name>
          <type>org.apache.maven.project.MavenProject</type>
          <required>true</required>
          <editable>false</editable>
          <description>The Maven Project.</description>
        </parameter>
        <parameter>
          <name>toExcludes</name>
          <type>java.lang.String</type>
          <required>true</required>
          <editable>true</editable>
          <description>List of jar to exclude (comma separated values)</description>
        </parameter>
        <parameter>
          <name>updateJBIXml</name>
          <type>boolean</type>
          <required>true</required>
          <editable>true</editable>
          <description>Update JBI XML file</description>
        </parameter>
        <parameter>
          <name>verbose</name>
          <type>boolean</type>
          <required>true</required>
          <editable>true</editable>
          <description>Verbose</description>
        </parameter>
      </parameters>
      <configuration>
        <toExcludes implementation="java.lang.String">foo</toExcludes>
        <componentJar implementation="java.io.File">${project.build.directory}/${project.artifactId}-${project.version}.jar</componentJar>
        <outputDirectory implementation="java.io.File">${project.build.directory}</outputDirectory>
        <localRepository implementation="org.apache.maven.artifact.repository.ArtifactRepository">${localRepository}</localRepository>
        <updateJBIXml implementation="boolean">false</updateJBIXml>
        <verbose implementation="boolean">false</verbose>
        <project implementation="org.apache.maven.project.MavenProject">${project}</project>
        <jbiName implementation="java.lang.String">${project.artifactId}-${project.version}</jbiName>
        <includeSubDependencies implementation="boolean">false</includeSubDependencies>
        <jbiDirectory implementation="java.io.File">${basedir}/src/main/jbi</jbiDirectory>
      </configuration>
      <requirements>
        <requirement>
          <role>org.apache.maven.artifact.resolver.ArtifactResolver</role>
          <field-name>artifactResolver</field-name>
        </requirement>
      </requirements>
    </mojo>
    <mojo>
      <goal>jbi-stop-sa</goal>
      <description>Shutdown a JBI Service Assembly Archive previously stopped</description>
      <requiresDirectInvocation>false</requiresDirectInvocation>
      <requiresProject>true</requiresProject>
      <requiresReports>false</requiresReports>
      <aggregator>false</aggregator>
      <requiresOnline>false</requiresOnline>
      <inheritedByDefault>true</inheritedByDefault>
      <implementation>org.objectweb.petals.plugin.jbiplugin.StopServiceAssemblyMojo</implementation>
      <language>java</language>
      <instantiationStrategy>per-lookup</instantiationStrategy>
      <executionStrategy>once-per-session</executionStrategy>
      <parameters>
        <parameter>
          <name>failOnError</name>
          <type>boolean</type>
          <required>true</required>
          <editable>true</editable>
          <description>Fail on error</description>
        </parameter>
        <parameter>
          <name>host</name>
          <type>java.lang.String</type>
          <required>true</required>
          <editable>true</editable>
          <description>Host jmx</description>
        </parameter>
        <parameter>
          <name>jbiName</name>
          <type>java.lang.String</type>
          <required>true</required>
          <editable>true</editable>
          <description>JBI Name</description>
        </parameter>
        <parameter>
          <name>localRepository</name>
          <type>org.apache.maven.artifact.repository.ArtifactRepository</type>
          <required>true</required>
          <editable>false</editable>
          <description>Local maven repository.</description>
        </parameter>
        <parameter>
          <name>outputDirectory</name>
          <type>java.io.File</type>
          <required>true</required>
          <editable>true</editable>
          <description>Output directory</description>
        </parameter>
        <parameter>
          <name>password</name>
          <type>java.lang.String</type>
          <required>false</required>
          <editable>true</editable>
          <description>Password for security</description>
        </parameter>
        <parameter>
          <name>port</name>
          <type>java.lang.String</type>
          <required>true</required>
          <editable>true</editable>
          <description>Port jmx</description>
        </parameter>
        <parameter>
          <name>project</name>
          <type>org.apache.maven.project.MavenProject</type>
          <required>true</required>
          <editable>false</editable>
          <description>The Maven Project.</description>
        </parameter>
        <parameter>
          <name>username</name>
          <type>java.lang.String</type>
          <required>false</required>
          <editable>true</editable>
          <description>User name for security</description>
        </parameter>
        <parameter>
          <name>verbose</name>
          <type>boolean</type>
          <required>true</required>
          <editable>true</editable>
          <description>Verbose</description>
        </parameter>
      </parameters>
      <configuration>
        <outputDirectory implementation="java.io.File">${project.build.directory}</outputDirectory>
        <localRepository implementation="org.apache.maven.artifact.repository.ArtifactRepository">${localRepository}</localRepository>
        <host implementation="java.lang.String">localhost</host>
        <verbose implementation="boolean">false</verbose>
        <project implementation="org.apache.maven.project.MavenProject">${project}</project>
        <jbiName implementation="java.lang.String">${project.artifactId}-${project.version}</jbiName>
        <failOnError implementation="boolean">true</failOnError>
        <port implementation="java.lang.String">8081</port>
      </configuration>
      <requirements>
        <requirement>
          <role>org.apache.maven.artifact.resolver.ArtifactResolver</role>
          <field-name>artifactResolver</field-name>
        </requirement>
      </requirements>
    </mojo>
    <mojo>
      <goal>jbi-install-component</goal>
      <description>Install a JBI Component Archive (SE or BC) previously loaded</description>
      <requiresDirectInvocation>false</requiresDirectInvocation>
      <requiresProject>true</requiresProject>
      <requiresReports>false</requiresReports>
      <aggregator>false</aggregator>
      <requiresOnline>false</requiresOnline>
      <inheritedByDefault>true</inheritedByDefault>
      <implementation>org.objectweb.petals.plugin.jbiplugin.InstallComponentMojo</implementation>
      <language>java</language>
      <instantiationStrategy>per-lookup</instantiationStrategy>
      <executionStrategy>once-per-session</executionStrategy>
      <parameters>
        <parameter>
          <name>failOnError</name>
          <type>boolean</type>
          <required>true</required>
          <editable>true</editable>
          <description>Fail on error</description>
        </parameter>
        <parameter>
          <name>host</name>
          <type>java.lang.String</type>
          <required>true</required>
          <editable>true</editable>
          <description>Host jmx</description>
        </parameter>
        <parameter>
          <name>jbiName</name>
          <type>java.lang.String</type>
          <required>true</required>
          <editable>true</editable>
          <description>JBI Name</description>
        </parameter>
        <parameter>
          <name>localRepository</name>
          <type>org.apache.maven.artifact.repository.ArtifactRepository</type>
          <required>true</required>
          <editable>false</editable>
          <description>Local maven repository.</description>
        </parameter>
        <parameter>
          <name>outputDirectory</name>
          <type>java.io.File</type>
          <required>true</required>
          <editable>true</editable>
          <description>Output directory</description>
        </parameter>
        <parameter>
          <name>password</name>
          <type>java.lang.String</type>
          <required>false</required>
          <editable>true</editable>
          <description>Password for security</description>
        </parameter>
        <parameter>
          <name>port</name>
          <type>java.lang.String</type>
          <required>true</required>
          <editable>true</editable>
          <description>Port jmx</description>
        </parameter>
        <parameter>
          <name>project</name>
          <type>org.apache.maven.project.MavenProject</type>
          <required>true</required>
          <editable>false</editable>
          <description>The Maven Project.</description>
        </parameter>
        <parameter>
          <name>username</name>
          <type>java.lang.String</type>
          <required>false</required>
          <editable>true</editable>
          <description>User name for security</description>
        </parameter>
        <parameter>
          <name>verbose</name>
          <type>boolean</type>
          <required>true</required>
          <editable>true</editable>
          <description>Verbose</description>
        </parameter>
      </parameters>
      <configuration>
        <outputDirectory implementation="java.io.File">${project.build.directory}</outputDirectory>
        <localRepository implementation="org.apache.maven.artifact.repository.ArtifactRepository">${localRepository}</localRepository>
        <host implementation="java.lang.String">localhost</host>
        <verbose implementation="boolean">false</verbose>
        <project implementation="org.apache.maven.project.MavenProject">${project}</project>
        <jbiName implementation="java.lang.String">${project.artifactId}-${project.version}</jbiName>
        <failOnError implementation="boolean">true</failOnError>
        <port implementation="java.lang.String">8081</port>
      </configuration>
      <requirements>
        <requirement>
          <role>org.apache.maven.artifact.resolver.ArtifactResolver</role>
          <field-name>artifactResolver</field-name>
        </requirement>
      </requirements>
    </mojo>
    <mojo>
      <goal>jbi-deploy-sa</goal>
      <description>Deploy a JBI Service Assembly Archive</description>
      <requiresDirectInvocation>false</requiresDirectInvocation>
      <requiresProject>true</requiresProject>
      <requiresReports>false</requiresReports>
      <aggregator>false</aggregator>
      <requiresOnline>false</requiresOnline>
      <inheritedByDefault>true</inheritedByDefault>
      <implementation>org.objectweb.petals.plugin.jbiplugin.DeployServiceAssemblyMojo</implementation>
      <language>java</language>
      <instantiationStrategy>per-lookup</instantiationStrategy>
      <executionStrategy>once-per-session</executionStrategy>
      <parameters>
        <parameter>
          <name>failOnError</name>
          <type>boolean</type>
          <required>true</required>
          <editable>true</editable>
          <description>Fail on error</description>
        </parameter>
        <parameter>
          <name>host</name>
          <type>java.lang.String</type>
          <required>true</required>
          <editable>true</editable>
          <description>Host jmx</description>
        </parameter>
        <parameter>
          <name>jbiName</name>
          <type>java.lang.String</type>
          <required>true</required>
          <editable>true</editable>
          <description>JBI Name</description>
        </parameter>
        <parameter>
          <name>localRepository</name>
          <type>org.apache.maven.artifact.repository.ArtifactRepository</type>
          <required>true</required>
          <editable>false</editable>
          <description>Local maven repository.</description>
        </parameter>
        <parameter>
          <name>outputDirectory</name>
          <type>java.io.File</type>
          <required>true</required>
          <editable>true</editable>
          <description>Output directory</description>
        </parameter>
        <parameter>
          <name>password</name>
          <type>java.lang.String</type>
          <required>false</required>
          <editable>true</editable>
          <description>Password for security</description>
        </parameter>
        <parameter>
          <name>port</name>
          <type>java.lang.String</type>
          <required>true</required>
          <editable>true</editable>
          <description>Port jmx</description>
        </parameter>
        <parameter>
          <name>project</name>
          <type>org.apache.maven.project.MavenProject</type>
          <required>true</required>
          <editable>false</editable>
          <description>The Maven Project.</description>
        </parameter>
        <parameter>
          <name>username</name>
          <type>java.lang.String</type>
          <required>false</required>
          <editable>true</editable>
          <description>User name for security</description>
        </parameter>
        <parameter>
          <name>verbose</name>
          <type>boolean</type>
          <required>true</required>
          <editable>true</editable>
          <description>Verbose</description>
        </parameter>
      </parameters>
      <configuration>
        <outputDirectory implementation="java.io.File">${project.build.directory}</outputDirectory>
        <localRepository implementation="org.apache.maven.artifact.repository.ArtifactRepository">${localRepository}</localRepository>
        <host implementation="java.lang.String">localhost</host>
        <verbose implementation="boolean">false</verbose>
        <project implementation="org.apache.maven.project.MavenProject">${project}</project>
        <jbiName implementation="java.lang.String">${project.artifactId}-${project.version}</jbiName>
        <failOnError implementation="boolean">true</failOnError>
        <port implementation="java.lang.String">8081</port>
      </configuration>
      <requirements>
        <requirement>
          <role>org.apache.maven.artifact.resolver.ArtifactResolver</role>
          <field-name>artifactResolver</field-name>
        </requirement>
      </requirements>
    </mojo>
  </mojos>
  <dependencies/>
</plugin>